{"textures":{"2":"modelengine:entity/ice_crater_big"},"elements":[{"from":[21.872356,9.496385,7.1096005],"to":[27.872356,17.496384,10.6096],"faces":{"east":{"uv":[8.5,0.0,10.25,4.0],"tintindex":0,"rotation":0,"texture":"#2"},"south":{"uv":[3.25,4.75,6.25,8.75],"tintindex":0,"rotation":0,"texture":"#2"},"north":{"uv":[0.0,4.75,3.0,8.75],"tintindex":0,"rotation":0,"texture":"#2"},"west":{"uv":[0.0,9.0,1.75,13.0],"tintindex":0,"rotation":0,"texture":"#2"},"up":{"uv":[12.0,8.5,9.0,6.75],"tintindex":0,"rotation":0,"texture":"#2"},"down":{"uv":[12.0,8.75,9.0,10.5],"tintindex":0,"rotation":0,"texture":"#2"}},"rotation":{"origin":[11.372356,5.4963846,8.1096],"angle":-22.5,"axis":"z"}},{"from":[5.3705854,10.751804,-12.138453],"to":[9.870585,19.751804,-6.6384525],"faces":{"east":{"uv":[0.0,0.0,2.75,4.5],"tintindex":0,"rotation":0,"texture":"#2"},"south":{"uv":[6.0,0.0,8.25,4.5],"tintindex":0,"rotation":0,"texture":"#2"},"north":{"uv":[6.5,4.75,8.75,9.25],"tintindex":0,"rotation":0,"texture":"#2"},"west":{"uv":[3.0,0.0,5.75,4.5],"tintindex":0,"rotation":0,"texture":"#2"},"up":{"uv":[4.75,11.25,2.0,9.0],"tintindex":0,"rotation":90,"texture":"#2"},"down":{"uv":[11.75,4.25,9.0,6.5],"tintindex":0,"rotation":270,"texture":"#2"}},"rotation":{"origin":[7.3705854,8.0,7.390399],"angle":-22.5,"axis":"x"}},{"from":[-10.153156,9.496385,6.1096005],"to":[-4.6531553,18.496384,10.6096],"faces":{"east":{"uv":[6.0,0.0,8.25,4.5],"tintindex":0,"rotation":0,"texture":"#2"},"south":{"uv":[3.0,0.0,5.75,4.5],"tintindex":0,"rotation":0,"texture":"#2"},"north":{"uv":[0.0,0.0,2.75,4.5],"tintindex":0,"rotation":0,"texture":"#2"},"west":{"uv":[6.5,4.75,8.75,9.25],"tintindex":0,"rotation":0,"texture":"#2"},"up":{"uv":[4.75,11.25,2.0,9.0],"tintindex":0,"rotation":0,"texture":"#2"},"down":{"uv":[11.75,4.25,9.0,6.5],"tintindex":0,"rotation":0,"texture":"#2"}},"rotation":{"origin":[5.8468447,5.4963846,8.1096],"angle":22.5,"axis":"z"}},{"from":[5.3705854,10.736639,21.38264],"to":[8.870585,18.73664,27.382639],"faces":{"east":{"uv":[0.0,4.75,3.0,8.75],"tintindex":0,"rotation":0,"texture":"#2"},"south":{"uv":[8.5,0.0,10.25,4.0],"tintindex":0,"rotation":0,"texture":"#2"},"north":{"uv":[0.0,9.0,1.75,13.0],"tintindex":0,"rotation":0,"texture":"#2"},"west":{"uv":[3.25,4.75,6.25,8.75],"tintindex":0,"rotation":0,"texture":"#2"},"up":{"uv":[12.0,8.5,9.0,6.75],"tintindex":0,"rotation":90,"texture":"#2"},"down":{"uv":[12.0,8.75,9.0,10.5],"tintindex":0,"rotation":270,"texture":"#2"}},"rotation":{"origin":[7.3705854,8.0,7.390399],"angle":22.5,"axis":"x"}}],"display":{"gui":{"rotation":[30,225,0]}}}