{"textures":{"0":"modelengine:entity/hook"},"elements":[{"from":[5.5,8.75,12.5],"to":[10.5,8.75,23.25],"faces":{"up":{"uv":[12.0,1.875,8.0,12.5],"tintindex":0,"rotation":0,"texture":"#0"},"down":{"uv":[8.0,12.5,12.0,6.375],"tintindex":0,"rotation":0,"texture":"#0"}}},{"from":[6.0,9.15625,10.5],"to":[10.0,9.15625,16.5],"faces":{"up":{"uv":[8.0,0.0,12.0,6.125],"tintindex":0,"rotation":0,"texture":"#0"},"down":{"uv":[12.0,6.125,8.0,0.0],"tintindex":0,"rotation":0,"texture":"#0"}},"rotation":{"origin":[8.0,9.15625,13.5],"angle":-22.5,"axis":"x"}},{"from":[6.0,8.34375,10.5],"to":[10.0,8.34375,16.5],"faces":{"up":{"uv":[12.0,0.0,8.0,6.125],"tintindex":0,"rotation":0,"texture":"#0"},"down":{"uv":[8.0,6.125,12.0,0.0],"tintindex":0,"rotation":0,"texture":"#0"}},"rotation":{"origin":[8.0,8.34375,13.5],"angle":22.5,"axis":"x"}}],"display":{"gui":{"rotation":[30,225,0]}}}