{"textures":{"22":"modelengine:entity/agang","23":"modelengine:entity/3","24":"modelengine:entity/handle","25":"modelengine:entity/stuff","17":"modelengine:entity/deboshhsj","18":"modelengine:entity/animasi2","19":"modelengine:entity/anjareliteglobal","20":"modelengine:entity/mabao"},"elements":[{"from":[5.885026,5.0804753,-10.819033],"to":[5.885026,5.514021,-10.232323],"faces":{"east":{"uv":[1.59375,1.84375,0.0,0.53125],"tintindex":0,"rotation":0,"texture":"#24"},"west":{"uv":[0.0,1.84375,1.59375,0.53125],"tintindex":0,"rotation":0,"texture":"#24"}}},{"from":[5.795114,8.879313,-8.835934],"to":[5.9653444,9.061704,-8.592747],"faces":{"east":{"uv":[7.5625,9.25,7.25,9.46875],"tintindex":0,"rotation":0,"texture":"#20"},"south":{"uv":[8.21875,3.0,8.0,3.21875],"tintindex":0,"rotation":0,"texture":"#20"},"north":{"uv":[7.71875,6.25,7.5,6.46875],"tintindex":0,"rotation":0,"texture":"#20"},"west":{"uv":[9.5625,7.25,9.25,7.46875],"tintindex":0,"rotation":0,"texture":"#20"},"up":{"uv":[9.25,7.71875,9.5625,7.5],"tintindex":0,"rotation":90,"texture":"#20"},"down":{"uv":[7.75,9.25,8.0625,9.46875],"tintindex":0,"rotation":270,"texture":"#20"}},"rotation":{"origin":[5.877175,10.363796,-9.852613],"angle":22.5,"axis":"x"}},{"from":[5.844757,7.800625,-10.573032],"to":[5.844757,11.596123,-9.1157],"faces":{"east":{"uv":[13.3724,0.0,10.75,3.9375],"tintindex":0,"rotation":0,"texture":"#23"},"west":{"uv":[2.6125,3.0625,3.6474,6.2375],"tintindex":0,"rotation":0,"texture":"#23"}}},{"from":[5.9109135,13.480474,-10.847782],"to":[5.9109135,14.375975,-8.843159],"faces":{"east":{"uv":[0.9921875,0.328125,1.7578125,0.890625],"tintindex":0,"rotation":0,"texture":"#25"},"west":{"uv":[0.9765625,0.3359375,1.7734375,0.8984375],"tintindex":0,"rotation":0,"texture":"#25"}}},{"from":[5.7085385,8.213545,-9.267075],"to":[6.0410385,8.45627,-9.1093025],"faces":{"east":{"uv":[8.78125,8.75,8.625,9.0],"tintindex":0,"rotation":0,"texture":"#17"},"south":{"uv":[9.0,7.25,8.875,7.5],"tintindex":0,"rotation":0,"texture":"#17"},"north":{"uv":[9.0,7.0,8.875,7.25],"tintindex":0,"rotation":0,"texture":"#17"},"west":{"uv":[8.625,8.75,8.78125,9.0],"tintindex":0,"rotation":0,"texture":"#17"},"up":{"uv":[9.125,8.125,9.28125,8.0],"tintindex":0,"rotation":90,"texture":"#17"},"down":{"uv":[8.125,9.125,8.28125,9.25],"tintindex":0,"rotation":270,"texture":"#17"}},"rotation":{"origin":[5.734901,8.213545,-9.1093025],"angle":-22.5,"axis":"x"}},{"from":[5.7010384,7.974475,-10.335577],"to":[6.0510387,8.229976,-10.271702],"faces":{"east":{"uv":[2.0,8.75,2.1875,9.0],"tintindex":0,"rotation":0,"texture":"#17"},"south":{"uv":[8.375,7.25,8.625,7.5],"tintindex":0,"rotation":0,"texture":"#17"},"north":{"uv":[8.375,7.5,8.625,7.75],"tintindex":0,"rotation":0,"texture":"#17"},"west":{"uv":[2.25,8.75,2.4375,9.0],"tintindex":0,"rotation":0,"texture":"#17"},"up":{"uv":[8.9375,2.5,8.75,2.25],"tintindex":0,"rotation":90,"texture":"#17"},"down":{"uv":[2.6875,8.75,2.5,9.0],"tintindex":0,"rotation":270,"texture":"#17"}}},{"from":[5.7104616,7.8019314,-9.389557],"to":[6.0249276,8.188864,-8.925154],"faces":{"east":{"uv":[6.34375,0.5,5.75,1.0],"tintindex":0,"rotation":0,"texture":"#20"},"south":{"uv":[5.15625,6.75,4.75,7.25],"tintindex":0,"rotation":0,"texture":"#20"},"north":{"uv":[7.15625,2.0,6.75,2.5],"tintindex":0,"rotation":0,"texture":"#20"},"west":{"uv":[6.34375,1.0,5.75,1.5],"tintindex":0,"rotation":0,"texture":"#20"},"up":{"uv":[0.0,6.90625,0.59375,6.5],"tintindex":0,"rotation":90,"texture":"#20"},"down":{"uv":[6.5,0.5,7.09375,0.90625],"tintindex":0,"rotation":270,"texture":"#20"}}},{"from":[5.8074455,9.549886,-8.415035],"to":[5.953356,9.749261,-8.171848],"faces":{"east":{"uv":[9.3125,1.75,9.0,2.0],"tintindex":0,"rotation":0,"texture":"#20"},"south":{"uv":[9.9375,1.5,9.75,1.75],"tintindex":0,"rotation":0,"texture":"#20"},"north":{"uv":[9.9375,1.25,9.75,1.5],"tintindex":0,"rotation":0,"texture":"#20"},"west":{"uv":[5.0625,9.0,4.75,9.25],"tintindex":0,"rotation":0,"texture":"#20"},"up":{"uv":[9.5,6.1875,9.8125,6.0],"tintindex":0,"rotation":90,"texture":"#20"},"down":{"uv":[6.25,9.5,6.5625,9.6875],"tintindex":0,"rotation":270,"texture":"#20"}},"rotation":{"origin":[5.877175,10.363796,-9.852613],"angle":45.0,"axis":"x"}},{"from":[5.763407,12.434371,-11.039391],"to":[5.9667697,12.793246,-10.640642],"faces":{"east":{"uv":[6.5,5.25,7.0,5.6875],"tintindex":0,"rotation":0,"texture":"#20"},"south":{"uv":[7.75,7.75,8.0625,8.1875],"tintindex":0,"rotation":0,"texture":"#20"},"north":{"uv":[7.75,7.25,8.0625,7.6875],"tintindex":0,"rotation":0,"texture":"#20"},"west":{"uv":[6.5,1.0,7.0,1.4375],"tintindex":0,"rotation":0,"texture":"#20"},"up":{"uv":[3.75,7.8125,3.25,7.5],"tintindex":0,"rotation":90,"texture":"#20"},"down":{"uv":[8.0,3.75,7.5,4.0625],"tintindex":0,"rotation":270,"texture":"#20"}},"rotation":{"origin":[6.0245886,11.8235655,-10.071911],"angle":-22.5,"axis":"x"}},{"from":[5.8710346,8.085522,-11.799641],"to":[5.8710346,14.365833,-7.7769184],"faces":{"east":{"uv":[5.47693,0.0,8.631405,8.31335],"tintindex":0,"rotation":0,"texture":"#18"},"west":{"uv":[8.65186,0.0,5.509705,8.36023],"tintindex":0,"rotation":0,"texture":"#18"}}},{"from":[5.5609922,7.3498363,-10.254589],"to":[6.1848345,7.414501,-9.473991],"faces":{"east":{"uv":[1.5,8.75,2.46875,8.84375],"tintindex":0,"rotation":0,"texture":"#20"},"south":{"uv":[9.25,4.25,10.03125,4.34375],"tintindex":0,"rotation":0,"texture":"#20"},"north":{"uv":[9.25,4.5,10.03125,4.59375],"tintindex":0,"rotation":0,"texture":"#20"},"west":{"uv":[8.75,2.0,9.71875,2.09375],"tintindex":0,"rotation":0,"texture":"#20"},"up":{"uv":[3.96875,0.78125,3.0,0.0],"tintindex":0,"rotation":90,"texture":"#20"},"down":{"uv":[3.96875,1.0,3.0,1.78125],"tintindex":0,"rotation":270,"texture":"#20"}}},{"from":[5.7145386,8.147896,-10.72547],"to":[6.0330386,8.31065,-10.55109],"faces":{"east":{"uv":[8.875,5.5,9.0625,5.6875],"tintindex":0,"rotation":0,"texture":"#17"},"south":{"uv":[9.0,9.125,9.0625,9.3125],"tintindex":0,"rotation":0,"texture":"#17"},"north":{"uv":[9.125,9.125,9.1875,9.3125],"tintindex":0,"rotation":0,"texture":"#17"},"west":{"uv":[9.0625,5.5,8.875,5.6875],"tintindex":0,"rotation":0,"texture":"#17"},"up":{"uv":[9.4375,0.0625,9.25,0.0],"tintindex":0,"rotation":90,"texture":"#17"},"down":{"uv":[9.4375,0.125,9.25,0.1875],"tintindex":0,"rotation":270,"texture":"#17"}},"rotation":{"origin":[5.739791,8.3339,-10.55109],"angle":22.5,"axis":"x"}},{"from":[5.9045696,7.800625,-10.622366],"to":[5.9045696,11.596123,-9.165031],"faces":{"east":{"uv":[2.6125,3.0625,3.6474,6.2375],"tintindex":0,"rotation":0,"texture":"#23"},"west":{"uv":[13.3724,0.0,10.75,3.9375],"tintindex":0,"rotation":0,"texture":"#23"}}},{"from":[5.778851,5.1054754,-10.269032],"to":[5.970476,5.3554754,-9.969032],"faces":{"east":{"uv":[3.875,0.5,3.09375,0.96875],"tintindex":0,"rotation":0,"texture":"#22"},"south":{"uv":[3.875,1.0,3.34375,0.0],"tintindex":0,"rotation":0,"texture":"#22"},"north":{"uv":[3.90625,0.96875,3.09375,0.0],"tintindex":0,"rotation":0,"texture":"#22"},"west":{"uv":[3.78125,0.84375,3.28125,0.03125],"tintindex":0,"rotation":0,"texture":"#22"},"up":{"uv":[3.15625,0.0,3.71875,1.125],"tintindex":0,"rotation":90,"texture":"#22"},"down":{"uv":[3.125,0.9375,3.65625,0.0],"tintindex":0,"rotation":270,"texture":"#22"}}},{"from":[5.8559074,8.930475,-12.119034],"to":[5.904545,9.302068,-11.936642],"faces":{"east":{"uv":[10.0,1.25,10.21875,1.40625],"tintindex":0,"rotation":0,"texture":"#20"},"south":{"uv":[10.25,2.25,10.3125,2.40625],"tintindex":0,"rotation":0,"texture":"#20"},"north":{"uv":[2.5,10.25,2.5625,10.40625],"tintindex":0,"rotation":0,"texture":"#20"},"west":{"uv":[1.5,10.0,1.71875,10.15625],"tintindex":0,"rotation":0,"texture":"#20"},"up":{"uv":[10.46875,0.8125,10.25,0.75],"tintindex":0,"rotation":90,"texture":"#20"},"down":{"uv":[10.46875,1.0,10.25,1.0625],"tintindex":0,"rotation":270,"texture":"#20"}},"rotation":{"origin":[5.865015,10.565671,-11.118364],"angle":-45.0,"axis":"x"}},{"from":[5.75942,13.27993,-10.518303],"to":[5.9707575,13.710581,-10.159428],"faces":{"east":{"uv":[6.5,4.5,6.9375,5.03125],"tintindex":0,"rotation":0,"texture":"#20"},"south":{"uv":[2.0,7.0,2.375,7.53125],"tintindex":0,"rotation":0,"texture":"#20"},"north":{"uv":[1.5,7.0,1.875,7.53125],"tintindex":0,"rotation":0,"texture":"#20"},"west":{"uv":[3.75,6.5,4.1875,7.03125],"tintindex":0,"rotation":0,"texture":"#20"},"up":{"uv":[7.9375,1.875,7.5,1.5],"tintindex":0,"rotation":90,"texture":"#20"},"down":{"uv":[2.9375,7.5,2.5,7.875],"tintindex":0,"rotation":270,"texture":"#20"}},"rotation":{"origin":[6.0425324,11.810525,-10.052631],"angle":-22.5,"axis":"x"}},{"from":[5.885026,6.680475,-9.505741],"to":[5.885026,7.1140203,-8.919033],"faces":{"east":{"uv":[0.0,0.53125,1.59375,1.84375],"tintindex":0,"rotation":0,"texture":"#24"},"west":{"uv":[1.59375,0.53125,0.0,1.84375],"tintindex":0,"rotation":0,"texture":"#24"}}},{"from":[5.817239,9.48853,-9.171999],"to":[5.932876,9.986967,-8.972624],"faces":{"east":{"uv":[3.25,7.5,3.0,8.125],"tintindex":0,"rotation":0,"texture":"#20"},"south":{"uv":[7.65625,8.5,7.5,9.125],"tintindex":0,"rotation":0,"texture":"#20"},"north":{"uv":[7.40625,8.5,7.25,9.125],"tintindex":0,"rotation":0,"texture":"#20"},"west":{"uv":[7.75,3.0,7.5,3.625],"tintindex":0,"rotation":0,"texture":"#20"},"up":{"uv":[8.25,9.90625,8.5,9.75],"tintindex":0,"rotation":90,"texture":"#20"},"down":{"uv":[9.75,8.25,10.0,8.40625],"tintindex":0,"rotation":270,"texture":"#20"}},"rotation":{"origin":[5.817438,9.521709,-9.72541],"angle":22.5,"axis":"x"}},{"from":[5.7735558,10.0188875,-10.834787],"to":[5.9729304,11.2151375,-10.535725],"faces":{"east":{"uv":[0.0,4.0,0.375,5.5],"tintindex":0,"rotation":0,"texture":"#20"},"south":{"uv":[4.5,1.5,4.75,3.0],"tintindex":0,"rotation":0,"texture":"#20"},"north":{"uv":[4.25,4.5,4.5,6.0],"tintindex":0,"rotation":0,"texture":"#20"},"west":{"uv":[4.0,0.0,4.375,1.5],"tintindex":0,"rotation":0,"texture":"#20"},"up":{"uv":[0.375,9.0,0.0,8.75],"tintindex":0,"rotation":90,"texture":"#20"},"down":{"uv":[0.875,8.75,0.5,9.0],"tintindex":0,"rotation":270,"texture":"#20"}}},{"from":[5.763407,12.7740345,-11.3825],"to":[5.9667697,13.240572,-11.167173],"faces":{"east":{"uv":[5.75,7.25,6.03125,7.84375],"tintindex":0,"rotation":0,"texture":"#20"},"south":{"uv":[6.25,7.25,6.53125,7.84375],"tintindex":0,"rotation":0,"texture":"#20"},"north":{"uv":[5.25,7.25,5.53125,7.84375],"tintindex":0,"rotation":0,"texture":"#20"},"west":{"uv":[4.75,7.25,5.03125,7.84375],"tintindex":0,"rotation":0,"texture":"#20"},"up":{"uv":[9.28125,4.03125,9.0,3.75],"tintindex":0,"rotation":90,"texture":"#20"},"down":{"uv":[4.53125,9.0,4.25,9.28125],"tintindex":0,"rotation":270,"texture":"#20"}},"rotation":{"origin":[6.0425324,11.810525,-10.052631],"angle":22.5,"axis":"x"}},{"from":[5.817239,9.48853,-10.765442],"to":[5.932876,9.986967,-10.566067],"faces":{"east":{"uv":[3.0,7.5,3.25,8.125],"tintindex":0,"rotation":0,"texture":"#20"},"south":{"uv":[7.25,8.5,7.40625,9.125],"tintindex":0,"rotation":0,"texture":"#20"},"north":{"uv":[7.5,8.5,7.65625,9.125],"tintindex":0,"rotation":0,"texture":"#20"},"west":{"uv":[7.5,3.0,7.75,3.625],"tintindex":0,"rotation":0,"texture":"#20"},"up":{"uv":[8.5,9.90625,8.25,9.75],"tintindex":0,"rotation":90,"texture":"#20"},"down":{"uv":[10.0,8.25,9.75,8.40625],"tintindex":0,"rotation":270,"texture":"#20"}},"rotation":{"origin":[5.817438,9.521709,-10.012653],"angle":-22.5,"axis":"x"}},{"from":[5.547028,7.994609,-10.154942],"to":[6.1893444,8.301333,-9.59111],"faces":{"east":{"uv":[2.75,5.75,3.46875,6.125],"tintindex":0,"rotation":0,"texture":"#20"},"south":{"uv":[5.25,4.25,6.0625,4.625],"tintindex":0,"rotation":0,"texture":"#20"},"north":{"uv":[4.5,5.25,5.3125,5.625],"tintindex":0,"rotation":0,"texture":"#20"},"west":{"uv":[5.75,3.0,6.46875,3.375],"tintindex":0,"rotation":0,"texture":"#20"},"up":{"uv":[3.96875,3.8125,3.25,3.0],"tintindex":0,"rotation":90,"texture":"#20"},"down":{"uv":[4.46875,2.0,3.75,2.8125],"tintindex":0,"rotation":270,"texture":"#20"}}},{"from":[5.8331885,8.622323,-9.306248],"to":[5.932876,9.071698,-9.18465],"faces":{"east":{"uv":[9.90625,9.0,9.75,9.25],"tintindex":0,"rotation":0,"texture":"#20"},"south":{"uv":[10.125,5.25,10.0,5.5],"tintindex":0,"rotation":0,"texture":"#20"},"north":{"uv":[5.375,10.0,5.25,10.25],"tintindex":0,"rotation":0,"texture":"#20"},"west":{"uv":[9.90625,9.25,9.75,9.5],"tintindex":0,"rotation":0,"texture":"#20"},"up":{"uv":[8.75,10.125,8.90625,10.0],"tintindex":0,"rotation":90,"texture":"#20"},"down":{"uv":[10.0,8.75,10.15625,8.875],"tintindex":0,"rotation":270,"texture":"#20"}},"rotation":{"origin":[5.9448385,8.872323,-9.18465],"angle":45.0,"axis":"x"}},{"from":[5.837595,8.836713,-9.149042],"to":[5.93487,8.958306,-8.905855],"faces":{"east":{"uv":[9.8125,8.5,9.5,8.65625],"tintindex":0,"rotation":0,"texture":"#20"},"south":{"uv":[10.125,9.0,10.0,9.15625],"tintindex":0,"rotation":0,"texture":"#20"},"north":{"uv":[9.125,10.0,9.0,10.15625],"tintindex":0,"rotation":0,"texture":"#20"},"west":{"uv":[9.8125,8.75,9.5,8.90625],"tintindex":0,"rotation":0,"texture":"#20"},"up":{"uv":[9.75,9.625,10.0625,9.5],"tintindex":0,"rotation":90,"texture":"#20"},"down":{"uv":[9.75,9.75,10.0625,9.875],"tintindex":0,"rotation":270,"texture":"#20"}}},{"from":[5.717539,8.189358,-9.12195],"to":[6.0290384,8.291686,-8.87195],"faces":{"east":{"uv":[9.3125,5.75,9.125,5.875],"tintindex":0,"rotation":0,"texture":"#17"},"south":{"uv":[2.1875,9.25,2.125,9.375],"tintindex":0,"rotation":0,"texture":"#17"},"north":{"uv":[2.0625,9.25,2.0,9.375],"tintindex":0,"rotation":0,"texture":"#17"},"west":{"uv":[9.125,5.75,9.3125,5.875],"tintindex":0,"rotation":0,"texture":"#17"},"up":{"uv":[0.375,9.3125,0.5625,9.25],"tintindex":0,"rotation":90,"texture":"#17"},"down":{"uv":[0.875,9.25,1.0625,9.3125],"tintindex":0,"rotation":270,"texture":"#17"}},"rotation":{"origin":[5.742236,8.325795,-9.12195],"angle":-45.0,"axis":"x"}},{"from":[5.795307,11.3289,-10.579052],"to":[5.9548073,11.973342,-10.279987],"faces":{"east":{"uv":[0.0,5.5,0.375,6.3125],"tintindex":0,"rotation":0,"texture":"#20"},"south":{"uv":[4.25,7.5,4.4375,8.3125],"tintindex":0,"rotation":0,"texture":"#20"},"north":{"uv":[7.5,4.25,7.6875,5.0625],"tintindex":0,"rotation":0,"texture":"#20"},"west":{"uv":[0.5,5.5,0.875,6.3125],"tintindex":0,"rotation":0,"texture":"#20"},"up":{"uv":[9.625,4.9375,9.25,4.75],"tintindex":0,"rotation":90,"texture":"#20"},"down":{"uv":[5.375,9.25,5.0,9.4375],"tintindex":0,"rotation":270,"texture":"#20"}},"rotation":{"origin":[5.957712,10.62918,-10.121895],"angle":-22.5,"axis":"x"}},{"from":[5.7115383,8.150891,-9.243694],"to":[6.037039,8.388506,-9.065483],"faces":{"east":{"uv":[8.9375,2.75,8.75,3.0],"tintindex":0,"rotation":0,"texture":"#17"},"south":{"uv":[9.21875,5.5,9.125,5.75],"tintindex":0,"rotation":0,"texture":"#17"},"north":{"uv":[5.59375,9.125,5.5,9.375],"tintindex":0,"rotation":0,"texture":"#17"},"west":{"uv":[8.75,2.75,8.9375,3.0],"tintindex":0,"rotation":0,"texture":"#17"},"up":{"uv":[9.125,8.21875,9.3125,8.125],"tintindex":0,"rotation":90,"texture":"#17"},"down":{"uv":[9.125,8.5,9.3125,8.59375],"tintindex":0,"rotation":270,"texture":"#17"}}},{"from":[5.782956,8.168917,-10.499842],"to":[5.9775043,8.603247,-10.256653],"faces":{"east":{"uv":[7.25,6.5,7.5625,7.03125],"tintindex":0,"rotation":0,"texture":"#20"},"south":{"uv":[0.5,8.0,0.75,8.53125],"tintindex":0,"rotation":0,"texture":"#20"},"north":{"uv":[0.75,8.0,1.0,8.53125],"tintindex":0,"rotation":0,"texture":"#20"},"west":{"uv":[6.75,7.25,7.0625,7.78125],"tintindex":0,"rotation":0,"texture":"#20"},"up":{"uv":[5.5625,9.25,5.25,9.0],"tintindex":0,"rotation":90,"texture":"#20"},"down":{"uv":[9.3125,5.25,9.0,5.5],"tintindex":0,"rotation":270,"texture":"#20"}}},{"from":[5.8437514,9.2978115,-11.296001],"to":[5.916707,9.419404,-11.174408],"faces":{"east":{"uv":[7.25,10.0,7.40625,10.15625],"tintindex":0,"rotation":0,"texture":"#20"},"south":{"uv":[10.0,10.0,10.09375,10.15625],"tintindex":0,"rotation":0,"texture":"#20"},"north":{"uv":[0.0,10.25,0.09375,10.40625],"tintindex":0,"rotation":0,"texture":"#20"},"west":{"uv":[10.0,7.25,10.15625,7.40625],"tintindex":0,"rotation":0,"texture":"#20"},"up":{"uv":[0.40625,10.34375,0.25,10.25],"tintindex":0,"rotation":90,"texture":"#20"},"down":{"uv":[0.65625,10.25,0.5,10.34375],"tintindex":0,"rotation":270,"texture":"#20"}},"rotation":{"origin":[5.905307,10.233082,-9.905056],"angle":-22.5,"axis":"x"}},{"from":[5.7010384,7.974475,-9.466364],"to":[6.0510387,8.229976,-9.402489],"faces":{"east":{"uv":[2.1875,8.75,2.0,9.0],"tintindex":0,"rotation":0,"texture":"#17"},"south":{"uv":[8.625,7.5,8.375,7.75],"tintindex":0,"rotation":0,"texture":"#17"},"north":{"uv":[8.625,7.25,8.375,7.5],"tintindex":0,"rotation":0,"texture":"#17"},"west":{"uv":[2.4375,8.75,2.25,9.0],"tintindex":0,"rotation":0,"texture":"#17"},"up":{"uv":[8.75,2.5,8.9375,2.25],"tintindex":0,"rotation":90,"texture":"#17"},"down":{"uv":[2.5,8.75,2.6875,9.0],"tintindex":0,"rotation":270,"texture":"#17"}}},{"from":[5.75942,13.27993,-9.578636],"to":[5.9707575,13.710581,-9.219761],"faces":{"east":{"uv":[6.9375,4.5,6.5,5.03125],"tintindex":0,"rotation":0,"texture":"#20"},"south":{"uv":[1.875,7.0,1.5,7.53125],"tintindex":0,"rotation":0,"texture":"#20"},"north":{"uv":[2.375,7.0,2.0,7.53125],"tintindex":0,"rotation":0,"texture":"#20"},"west":{"uv":[4.1875,6.5,3.75,7.03125],"tintindex":0,"rotation":0,"texture":"#20"},"up":{"uv":[7.5,1.875,7.9375,1.5],"tintindex":0,"rotation":90,"texture":"#20"},"down":{"uv":[2.5,7.5,2.9375,7.875],"tintindex":0,"rotation":270,"texture":"#20"}},"rotation":{"origin":[6.0425324,11.810525,-9.685434],"angle":22.5,"axis":"x"}},{"from":[5.7734013,12.697223,-9.918169],"to":[5.9444447,12.839761,-9.633095],"faces":{"east":{"uv":[9.5,2.5,9.84375,2.6875],"tintindex":0,"rotation":0,"texture":"#20"},"south":{"uv":[9.75,6.25,9.96875,6.4375],"tintindex":0,"rotation":0,"texture":"#20"},"north":{"uv":[6.25,9.75,6.46875,9.9375],"tintindex":0,"rotation":0,"texture":"#20"},"west":{"uv":[2.5,9.5,2.84375,9.6875],"tintindex":0,"rotation":0,"texture":"#20"},"up":{"uv":[0.59375,9.46875,0.25,9.25],"tintindex":0,"rotation":90,"texture":"#20"},"down":{"uv":[9.59375,0.5,9.25,0.71875],"tintindex":0,"rotation":270,"texture":"#20"}},"rotation":{"origin":[5.8559384,12.982298,-9.633095],"angle":45.0,"axis":"x"}},{"from":[5.9109135,12.130475,-8.619032],"to":[5.9109135,13.025975,-7.744032],"faces":{"east":{"uv":[2.65625,1.5390625,2.3125,1.8828125],"tintindex":0,"rotation":0,"texture":"#25"},"west":{"uv":[2.3125,1.5390625,2.65625,1.890625],"tintindex":0,"rotation":0,"texture":"#25"}}},{"from":[5.7025385,7.9134464,-9.482843],"to":[6.0490384,8.166391,-9.343723],"faces":{"east":{"uv":[6.25,7.25,6.125,7.5],"tintindex":0,"rotation":0,"texture":"#17"},"south":{"uv":[2.9375,8.75,2.75,9.0],"tintindex":0,"rotation":0,"texture":"#17"},"north":{"uv":[8.9375,2.5,8.75,2.75],"tintindex":0,"rotation":0,"texture":"#17"},"west":{"uv":[5.625,8.875,5.5,9.125],"tintindex":0,"rotation":0,"texture":"#17"},"up":{"uv":[3.875,9.3125,4.0,9.125],"tintindex":0,"rotation":90,"texture":"#17"},"down":{"uv":[9.125,5.25,9.25,5.4375],"tintindex":0,"rotation":270,"texture":"#17"}},"rotation":{"origin":[5.730011,8.166391,-9.482843],"angle":-45.0,"axis":"x"}},{"from":[5.545695,7.1554756,-10.718414],"to":[5.545695,9.35201,-9.506533],"faces":{"east":{"uv":[7.6875,0.0,15.6875,14.5],"tintindex":0,"rotation":0,"texture":"#19"},"west":{"uv":[15.5625,0.0,7.5625,14.5],"tintindex":0,"rotation":0,"texture":"#19"}},"rotation":{"origin":[5.084925,7.7853107,-9.976353],"angle":-45.0,"axis":"x"}},{"from":[5.7085385,8.213545,-10.628763],"to":[6.0410385,8.45627,-10.470991],"faces":{"east":{"uv":[8.625,8.75,8.78125,9.0],"tintindex":0,"rotation":0,"texture":"#17"},"south":{"uv":[8.875,7.0,9.0,7.25],"tintindex":0,"rotation":0,"texture":"#17"},"north":{"uv":[8.875,7.25,9.0,7.5],"tintindex":0,"rotation":0,"texture":"#17"},"west":{"uv":[8.78125,8.75,8.625,9.0],"tintindex":0,"rotation":0,"texture":"#17"},"up":{"uv":[9.28125,8.125,9.125,8.0],"tintindex":0,"rotation":90,"texture":"#17"},"down":{"uv":[8.28125,9.125,8.125,9.25],"tintindex":0,"rotation":270,"texture":"#17"}},"rotation":{"origin":[5.734901,8.213545,-10.628763],"angle":22.5,"axis":"x"}},{"from":[5.7040386,7.903517,-9.46151],"to":[6.0470386,8.116348,-9.336315],"faces":{"east":{"uv":[8.625,8.25,8.25,8.46875],"tintindex":0,"rotation":0,"texture":"#17"},"south":{"uv":[7.5625,8.75,7.375,8.96875],"tintindex":0,"rotation":0,"texture":"#17"},"north":{"uv":[7.3125,8.75,7.125,8.96875],"tintindex":0,"rotation":0,"texture":"#17"},"west":{"uv":[8.75,0.0,8.375,0.21875],"tintindex":0,"rotation":0,"texture":"#17"},"up":{"uv":[5.25,8.5625,5.625,8.375],"tintindex":0,"rotation":90,"texture":"#17"},"down":{"uv":[8.375,5.25,8.75,5.4375],"tintindex":0,"rotation":270,"texture":"#17"}},"rotation":{"origin":[5.7312336,8.153907,-9.46151],"angle":-45.0,"axis":"x"}},{"from":[5.75942,13.672798,-10.637112],"to":[5.9707575,13.832298,-10.421787],"faces":{"east":{"uv":[7.25,9.5,7.53125,9.6875],"tintindex":0,"rotation":0,"texture":"#20"},"south":{"uv":[9.5,6.75,9.8125,6.9375],"tintindex":0,"rotation":0,"texture":"#20"},"north":{"uv":[6.75,9.5,7.0625,9.6875],"tintindex":0,"rotation":0,"texture":"#20"},"west":{"uv":[9.5,7.0,9.78125,7.1875],"tintindex":0,"rotation":0,"texture":"#20"},"up":{"uv":[9.03125,8.0625,8.75,7.75],"tintindex":0,"rotation":90,"texture":"#20"},"down":{"uv":[8.53125,8.75,8.25,9.0625],"tintindex":0,"rotation":270,"texture":"#20"}}},{"from":[5.707039,8.239315,-9.525471],"to":[6.0430384,8.484595,-9.150566],"faces":{"east":{"uv":[9.0,7.5,8.875,7.75],"tintindex":0,"rotation":0,"texture":"#17"},"south":{"uv":[3.90625,8.875,3.75,9.125],"tintindex":0,"rotation":0,"texture":"#17"},"north":{"uv":[9.03125,3.5,8.875,3.75],"tintindex":0,"rotation":0,"texture":"#17"},"west":{"uv":[8.875,7.5,9.0,7.75],"tintindex":0,"rotation":0,"texture":"#17"},"up":{"uv":[8.375,9.28125,8.5,9.125],"tintindex":0,"rotation":90,"texture":"#17"},"down":{"uv":[8.5,9.125,8.625,9.28125],"tintindex":0,"rotation":270,"texture":"#17"}},"rotation":{"origin":[5.733679,8.239315,-9.150566],"angle":-45.0,"axis":"x"}},{"from":[5.7104616,7.8019314,-10.812912],"to":[6.0249276,8.188864,-10.348507],"faces":{"east":{"uv":[5.75,0.5,6.34375,1.0],"tintindex":0,"rotation":0,"texture":"#20"},"south":{"uv":[6.75,2.0,7.15625,2.5],"tintindex":0,"rotation":0,"texture":"#20"},"north":{"uv":[4.75,6.75,5.15625,7.25],"tintindex":0,"rotation":0,"texture":"#20"},"west":{"uv":[5.75,1.0,6.34375,1.5],"tintindex":0,"rotation":0,"texture":"#20"},"up":{"uv":[0.59375,6.90625,0.0,6.5],"tintindex":0,"rotation":90,"texture":"#20"},"down":{"uv":[7.09375,0.5,6.5,0.90625],"tintindex":0,"rotation":270,"texture":"#20"}}},{"from":[5.6543818,7.1235094,-10.19685],"to":[6.0946217,7.238984,-9.531727],"faces":{"east":{"uv":[8.0,1.25,8.84375,1.40625],"tintindex":0,"rotation":0,"texture":"#20"},"south":{"uv":[8.75,6.75,9.3125,6.90625],"tintindex":0,"rotation":0,"texture":"#20"},"north":{"uv":[8.75,7.0,9.3125,7.15625],"tintindex":0,"rotation":0,"texture":"#20"},"west":{"uv":[8.0,1.25,8.84375,1.40625],"tintindex":0,"rotation":0,"texture":"#20"},"up":{"uv":[3.34375,4.5625,2.5,4.0],"tintindex":0,"rotation":90,"texture":"#20"},"down":{"uv":[4.84375,3.0,4.0,3.5625],"tintindex":0,"rotation":270,"texture":"#20"}}},{"from":[5.8746634,9.030476,-11.369034],"to":[5.8746634,9.5351,-10.723534],"faces":{"east":{"uv":[4.0,0.0,4.84375,0.71875],"tintindex":0,"rotation":90,"texture":"#17"},"west":{"uv":[4.0,0.0,4.84375,0.71875],"tintindex":0,"rotation":270,"texture":"#17"}},"rotation":{"origin":[5.3640623,9.107975,-11.191784],"angle":45.0,"axis":"x"}},{"from":[5.837595,8.836713,-10.832211],"to":[5.93487,8.958306,-10.589024],"faces":{"east":{"uv":[9.5,8.5,9.8125,8.65625],"tintindex":0,"rotation":0,"texture":"#20"},"south":{"uv":[9.0,10.0,9.125,10.15625],"tintindex":0,"rotation":0,"texture":"#20"},"north":{"uv":[10.0,9.0,10.125,9.15625],"tintindex":0,"rotation":0,"texture":"#20"},"west":{"uv":[9.5,8.75,9.8125,8.90625],"tintindex":0,"rotation":0,"texture":"#20"},"up":{"uv":[10.0625,9.625,9.75,9.5],"tintindex":0,"rotation":90,"texture":"#20"},"down":{"uv":[10.0625,9.75,9.75,9.875],"tintindex":0,"rotation":270,"texture":"#20"}}},{"from":[5.707039,8.239315,-10.5875],"to":[6.0430384,8.484595,-10.212597],"faces":{"east":{"uv":[8.875,7.5,9.0,7.75],"tintindex":0,"rotation":0,"texture":"#17"},"south":{"uv":[8.875,3.5,9.03125,3.75],"tintindex":0,"rotation":0,"texture":"#17"},"north":{"uv":[3.75,8.875,3.90625,9.125],"tintindex":0,"rotation":0,"texture":"#17"},"west":{"uv":[9.0,7.5,8.875,7.75],"tintindex":0,"rotation":0,"texture":"#17"},"up":{"uv":[8.5,9.28125,8.375,9.125],"tintindex":0,"rotation":90,"texture":"#17"},"down":{"uv":[8.625,9.125,8.5,9.28125],"tintindex":0,"rotation":270,"texture":"#17"}},"rotation":{"origin":[5.733679,8.239315,-10.5875],"angle":45.0,"axis":"x"}},{"from":[5.778851,6.8554754,-9.769032],"to":[5.970476,7.1054754,-9.469032],"faces":{"east":{"uv":[3.09375,0.5,3.875,0.96875],"tintindex":0,"rotation":0,"texture":"#22"},"south":{"uv":[3.09375,0.96875,3.90625,0.0],"tintindex":0,"rotation":0,"texture":"#22"},"north":{"uv":[3.34375,1.0,3.875,0.0],"tintindex":0,"rotation":0,"texture":"#22"},"west":{"uv":[3.28125,0.84375,3.78125,0.03125],"tintindex":0,"rotation":0,"texture":"#22"},"up":{"uv":[3.71875,0.0,3.15625,1.125],"tintindex":0,"rotation":90,"texture":"#22"},"down":{"uv":[3.65625,0.9375,3.125,0.0],"tintindex":0,"rotation":270,"texture":"#22"}}},{"from":[5.763407,12.434371,-9.097424],"to":[5.9667697,12.793246,-8.698673],"faces":{"east":{"uv":[7.0,5.25,6.5,5.6875],"tintindex":0,"rotation":0,"texture":"#20"},"south":{"uv":[8.0625,7.25,7.75,7.6875],"tintindex":0,"rotation":0,"texture":"#20"},"north":{"uv":[8.0625,7.75,7.75,8.1875],"tintindex":0,"rotation":0,"texture":"#20"},"west":{"uv":[7.0,1.0,6.5,1.4375],"tintindex":0,"rotation":0,"texture":"#20"},"up":{"uv":[3.25,7.8125,3.75,7.5],"tintindex":0,"rotation":90,"texture":"#20"},"down":{"uv":[7.5,3.75,8.0,4.0625],"tintindex":0,"rotation":270,"texture":"#20"}},"rotation":{"origin":[6.0245886,11.8235655,-9.666155],"angle":22.5,"axis":"x"}},{"from":[5.751768,5.239464,-9.991928],"to":[5.997559,5.566266,-9.746138],"faces":{"east":{"uv":[8.625,1.25,8.9375,1.4375],"tintindex":0,"rotation":0,"texture":"#17"},"south":{"uv":[8.625,1.5,8.9375,1.6875],"tintindex":0,"rotation":0,"texture":"#17"},"north":{"uv":[8.625,2.0,8.9375,2.1875],"tintindex":0,"rotation":0,"texture":"#17"},"west":{"uv":[8.625,1.75,8.9375,1.9375],"tintindex":0,"rotation":0,"texture":"#17"},"up":{"uv":[6.0625,8.0625,5.75,7.75],"tintindex":0,"rotation":90,"texture":"#17"},"down":{"uv":[8.1875,0.375,7.875,0.6875],"tintindex":0,"rotation":270,"texture":"#17"}}},{"from":[5.7055387,7.90598,-9.53982],"to":[6.0450387,8.153815,-9.378727],"faces":{"east":{"uv":[8.28125,8.75,8.125,9.0],"tintindex":0,"rotation":0,"texture":"#17"},"south":{"uv":[8.84375,7.0,8.625,7.25],"tintindex":0,"rotation":0,"texture":"#17"},"north":{"uv":[8.84375,6.75,8.625,7.0],"tintindex":0,"rotation":0,"texture":"#17"},"west":{"uv":[8.53125,8.75,8.375,9.0],"tintindex":0,"rotation":0,"texture":"#17"},"up":{"uv":[8.875,6.21875,9.03125,6.0],"tintindex":0,"rotation":90,"texture":"#17"},"down":{"uv":[8.875,6.75,9.03125,6.96875],"tintindex":0,"rotation":270,"texture":"#17"}},"rotation":{"origin":[5.732456,8.153815,-9.53982],"angle":-22.5,"axis":"x"}},{"from":[5.75942,12.097617,-8.956072],"to":[5.9707575,12.277055,-8.56131],"faces":{"east":{"uv":[3.75,8.5,3.25,8.71875],"tintindex":0,"rotation":0,"texture":"#20"},"south":{"uv":[9.78125,4.0,9.5,4.21875],"tintindex":0,"rotation":0,"texture":"#20"},"north":{"uv":[5.28125,9.5,5.0,9.71875],"tintindex":0,"rotation":0,"texture":"#20"},"west":{"uv":[9.0,2.75,8.5,2.96875],"tintindex":0,"rotation":0,"texture":"#20"},"up":{"uv":[7.75,3.53125,8.25,3.25],"tintindex":0,"rotation":90,"texture":"#20"},"down":{"uv":[3.75,7.75,4.25,8.03125],"tintindex":0,"rotation":270,"texture":"#20"}},"rotation":{"origin":[6.0385447,11.810525,-9.685434],"angle":22.5,"axis":"x"}},{"from":[5.7311068,8.503222,-13.175457],"to":[6.0106325,8.85263,-12.916267],"faces":{"east":{"uv":[7.75,6.25,8.0625,6.6875],"tintindex":0,"rotation":0,"texture":"#20"},"south":{"uv":[7.5,5.25,7.84375,5.6875],"tintindex":0,"rotation":0,"texture":"#20"},"north":{"uv":[7.5,5.75,7.84375,6.1875],"tintindex":0,"rotation":0,"texture":"#20"},"west":{"uv":[7.75,6.75,8.0625,7.1875],"tintindex":0,"rotation":0,"texture":"#20"},"up":{"uv":[8.8125,4.09375,8.5,3.75],"tintindex":0,"rotation":90,"texture":"#20"},"down":{"uv":[5.0625,8.5,4.75,8.84375],"tintindex":0,"rotation":270,"texture":"#20"}},"rotation":{"origin":[5.902621,11.059725,-11.0633545],"angle":-45.0,"axis":"x"}},{"from":[5.7574263,10.881834,-9.169449],"to":[5.972751,11.29454,-8.990013],"faces":{"east":{"uv":[4.71875,8.25,4.5,8.78125],"tintindex":0,"rotation":0,"texture":"#20"},"south":{"uv":[7.5625,7.25,7.25,7.78125],"tintindex":0,"rotation":0,"texture":"#20"},"north":{"uv":[0.3125,7.5,0.0,8.03125],"tintindex":0,"rotation":0,"texture":"#20"},"west":{"uv":[3.21875,8.25,3.0,8.78125],"tintindex":0,"rotation":0,"texture":"#20"},"up":{"uv":[9.5,1.8125,9.71875,1.5],"tintindex":0,"rotation":90,"texture":"#20"},"down":{"uv":[1.75,9.5,1.96875,9.8125],"tintindex":0,"rotation":270,"texture":"#20"}},"rotation":{"origin":[6.0425324,11.810525,-9.685434],"angle":-45.0,"axis":"x"}},{"from":[5.7734013,12.66378,-10.167044],"to":[5.9444447,12.806315,-9.881969],"faces":{"east":{"uv":[2.0,9.5,2.34375,9.6875],"tintindex":0,"rotation":0,"texture":"#20"},"south":{"uv":[5.5,9.75,5.71875,9.9375],"tintindex":0,"rotation":0,"texture":"#20"},"north":{"uv":[5.25,9.75,5.46875,9.9375],"tintindex":0,"rotation":0,"texture":"#20"},"west":{"uv":[9.25,8.25,9.59375,8.4375],"tintindex":0,"rotation":0,"texture":"#20"},"up":{"uv":[9.34375,8.71875,9.0,8.5],"tintindex":0,"rotation":90,"texture":"#20"},"down":{"uv":[9.34375,8.75,9.0,8.96875],"tintindex":0,"rotation":270,"texture":"#20"}},"rotation":{"origin":[5.8274317,12.948853,-9.881969],"angle":-22.5,"axis":"x"}},{"from":[5.717539,8.189358,-10.866116],"to":[6.0290384,8.291686,-10.616116],"faces":{"east":{"uv":[9.125,5.75,9.3125,5.875],"tintindex":0,"rotation":0,"texture":"#17"},"south":{"uv":[2.0,9.25,2.0625,9.375],"tintindex":0,"rotation":0,"texture":"#17"},"north":{"uv":[2.125,9.25,2.1875,9.375],"tintindex":0,"rotation":0,"texture":"#17"},"west":{"uv":[9.3125,5.75,9.125,5.875],"tintindex":0,"rotation":0,"texture":"#17"},"up":{"uv":[0.5625,9.3125,0.375,9.25],"tintindex":0,"rotation":90,"texture":"#17"},"down":{"uv":[1.0625,9.25,0.875,9.3125],"tintindex":0,"rotation":270,"texture":"#17"}},"rotation":{"origin":[5.742236,8.325795,-10.616116],"angle":45.0,"axis":"x"}},{"from":[5.885026,7.362221,-9.144283],"to":[5.885026,8.295766,-8.057573],"faces":{"east":{"uv":[6.5625,1.96875,5.15625,2.9375],"tintindex":0,"rotation":0,"texture":"#17"},"west":{"uv":[5.15625,1.96875,6.5625,2.9375],"tintindex":0,"rotation":0,"texture":"#17"}}},{"from":[5.782956,8.168917,-9.481411],"to":[5.9775043,8.603247,-9.238224],"faces":{"east":{"uv":[7.5625,6.5,7.25,7.03125],"tintindex":0,"rotation":0,"texture":"#20"},"south":{"uv":[1.0,8.0,0.75,8.53125],"tintindex":0,"rotation":0,"texture":"#20"},"north":{"uv":[0.75,8.0,0.5,8.53125],"tintindex":0,"rotation":0,"texture":"#20"},"west":{"uv":[7.0625,7.25,6.75,7.78125],"tintindex":0,"rotation":0,"texture":"#20"},"up":{"uv":[5.25,9.25,5.5625,9.0],"tintindex":0,"rotation":90,"texture":"#20"},"down":{"uv":[9.0,5.25,9.3125,5.5],"tintindex":0,"rotation":270,"texture":"#20"}}},{"from":[5.7734013,12.719816,-10.010057],"to":[5.9444447,12.862353,-9.724983],"faces":{"east":{"uv":[9.25,8.25,9.59375,8.4375],"tintindex":0,"rotation":0,"texture":"#20"},"south":{"uv":[5.25,9.75,5.46875,9.9375],"tintindex":0,"rotation":0,"texture":"#20"},"north":{"uv":[5.5,9.75,5.71875,9.9375],"tintindex":0,"rotation":0,"texture":"#20"},"west":{"uv":[2.0,9.5,2.34375,9.6875],"tintindex":0,"rotation":0,"texture":"#20"},"up":{"uv":[9.34375,8.71875,9.0,8.5],"tintindex":0,"rotation":90,"texture":"#20"},"down":{"uv":[9.34375,8.75,9.0,8.96875],"tintindex":0,"rotation":270,"texture":"#20"}},"rotation":{"origin":[6.0839972,13.00489,-10.010057],"angle":-22.5,"axis":"x"}},{"from":[5.7534385,12.286475,-11.725452],"to":[5.972751,12.824787,-11.294804],"faces":{"east":{"uv":[0.5,4.75,1.03125,5.4375],"tintindex":0,"rotation":0,"texture":"#20"},"south":{"uv":[5.75,2.25,6.15625,2.9375],"tintindex":0,"rotation":0,"texture":"#20"},"north":{"uv":[5.75,1.5,6.15625,2.1875],"tintindex":0,"rotation":0,"texture":"#20"},"west":{"uv":[4.5,4.5,5.03125,5.1875],"tintindex":0,"rotation":0,"texture":"#20"},"up":{"uv":[7.28125,0.40625,6.75,0.0],"tintindex":0,"rotation":90,"texture":"#20"},"down":{"uv":[7.28125,1.5,6.75,1.90625],"tintindex":0,"rotation":270,"texture":"#20"}},"rotation":{"origin":[6.0425324,11.810525,-10.052631],"angle":22.5,"axis":"x"}},{"from":[5.7574263,10.881834,-10.7480545],"to":[5.972751,11.29454,-10.568615],"faces":{"east":{"uv":[4.5,8.25,4.71875,8.78125],"tintindex":0,"rotation":0,"texture":"#20"},"south":{"uv":[0.0,7.5,0.3125,8.03125],"tintindex":0,"rotation":0,"texture":"#20"},"north":{"uv":[7.25,7.25,7.5625,7.78125],"tintindex":0,"rotation":0,"texture":"#20"},"west":{"uv":[3.0,8.25,3.21875,8.78125],"tintindex":0,"rotation":0,"texture":"#20"},"up":{"uv":[9.71875,1.8125,9.5,1.5],"tintindex":0,"rotation":90,"texture":"#20"},"down":{"uv":[1.96875,9.5,1.75,9.8125],"tintindex":0,"rotation":270,"texture":"#20"}},"rotation":{"origin":[6.0425324,11.810525,-10.052631],"angle":45.0,"axis":"x"}},{"from":[5.7055387,7.90598,-10.359337],"to":[6.0450387,8.153815,-10.198246],"faces":{"east":{"uv":[8.125,8.75,8.28125,9.0],"tintindex":0,"rotation":0,"texture":"#17"},"south":{"uv":[8.625,6.75,8.84375,7.0],"tintindex":0,"rotation":0,"texture":"#17"},"north":{"uv":[8.625,7.0,8.84375,7.25],"tintindex":0,"rotation":0,"texture":"#17"},"west":{"uv":[8.375,8.75,8.53125,9.0],"tintindex":0,"rotation":0,"texture":"#17"},"up":{"uv":[9.03125,6.21875,8.875,6.0],"tintindex":0,"rotation":90,"texture":"#17"},"down":{"uv":[9.03125,6.75,8.875,6.96875],"tintindex":0,"rotation":270,"texture":"#17"}},"rotation":{"origin":[5.732456,8.153815,-10.198246],"angle":22.5,"axis":"x"}},{"from":[5.5609922,7.414501,-10.369198],"to":[6.1848345,8.079626,-9.376131],"faces":{"east":{"uv":[1.75,0.0,3.0,0.84375],"tintindex":0,"rotation":0,"texture":"#20"},"south":{"uv":[1.25,3.0,2.03125,3.84375],"tintindex":0,"rotation":0,"texture":"#20"},"north":{"uv":[2.25,3.0,3.03125,3.84375],"tintindex":0,"rotation":0,"texture":"#20"},"west":{"uv":[1.75,1.0,3.0,1.84375],"tintindex":0,"rotation":0,"texture":"#20"},"up":{"uv":[1.25,2.78125,0.0,2.0],"tintindex":0,"rotation":90,"texture":"#20"},"down":{"uv":[2.5,2.0,1.25,2.78125],"tintindex":0,"rotation":270,"texture":"#20"}}},{"from":[5.7734013,12.66378,-9.846416],"to":[5.9444447,12.806315,-9.561344],"faces":{"east":{"uv":[9.25,8.25,9.59375,8.4375],"tintindex":0,"rotation":0,"texture":"#20"},"south":{"uv":[5.25,9.75,5.46875,9.9375],"tintindex":0,"rotation":0,"texture":"#20"},"north":{"uv":[5.5,9.75,5.71875,9.9375],"tintindex":0,"rotation":0,"texture":"#20"},"west":{"uv":[2.0,9.5,2.34375,9.6875],"tintindex":0,"rotation":0,"texture":"#20"},"up":{"uv":[9.34375,8.71875,9.0,8.5],"tintindex":0,"rotation":90,"texture":"#20"},"down":{"uv":[9.34375,8.75,9.0,8.96875],"tintindex":0,"rotation":270,"texture":"#20"}},"rotation":{"origin":[6.0839972,12.948853,-9.846416],"angle":22.5,"axis":"x"}},{"from":[5.7734013,12.697223,-10.095291],"to":[5.9444447,12.839761,-9.810219],"faces":{"east":{"uv":[2.5,9.5,2.84375,9.6875],"tintindex":0,"rotation":0,"texture":"#20"},"south":{"uv":[6.25,9.75,6.46875,9.9375],"tintindex":0,"rotation":0,"texture":"#20"},"north":{"uv":[9.75,6.25,9.96875,6.4375],"tintindex":0,"rotation":0,"texture":"#20"},"west":{"uv":[9.5,2.5,9.84375,2.6875],"tintindex":0,"rotation":0,"texture":"#20"},"up":{"uv":[0.59375,9.46875,0.25,9.25],"tintindex":0,"rotation":90,"texture":"#20"},"down":{"uv":[9.59375,0.5,9.25,0.71875],"tintindex":0,"rotation":270,"texture":"#20"}},"rotation":{"origin":[6.0554905,12.982298,-10.095291],"angle":-45.0,"axis":"x"}},{"from":[5.741476,10.045346,-8.997389],"to":[6.01462,10.244721,-8.598639],"faces":{"east":{"uv":[8.75,3.5,8.25,3.75],"tintindex":0,"rotation":0,"texture":"#20"},"south":{"uv":[9.34375,0.25,9.0,0.5],"tintindex":0,"rotation":0,"texture":"#20"},"north":{"uv":[0.59375,9.0,0.25,9.25],"tintindex":0,"rotation":0,"texture":"#20"},"west":{"uv":[8.75,4.75,8.25,5.0],"tintindex":0,"rotation":0,"texture":"#20"},"up":{"uv":[7.0,6.34375,7.5,6.0],"tintindex":0,"rotation":90,"texture":"#20"},"down":{"uv":[7.25,0.5,7.75,0.84375],"tintindex":0,"rotation":270,"texture":"#20"}},"rotation":{"origin":[6.245817,10.148409,-9.53336],"angle":45.0,"axis":"x"}},{"from":[5.7394824,9.496618,-10.545265],"to":[6.0166135,10.194431,-10.246202],"faces":{"east":{"uv":[2.75,4.75,3.125,5.625],"tintindex":0,"rotation":0,"texture":"#20"},"south":{"uv":[3.75,5.5,4.09375,6.375],"tintindex":0,"rotation":0,"texture":"#20"},"north":{"uv":[5.5,4.75,5.84375,5.625],"tintindex":0,"rotation":0,"texture":"#20"},"west":{"uv":[3.25,4.75,3.625,5.625],"tintindex":0,"rotation":0,"texture":"#20"},"up":{"uv":[2.875,8.34375,2.5,8.0],"tintindex":0,"rotation":90,"texture":"#20"},"down":{"uv":[8.375,2.5,8.0,2.84375],"tintindex":0,"rotation":270,"texture":"#20"}},"rotation":{"origin":[5.896488,10.694409,-10.12833],"angle":22.5,"axis":"x"}},{"from":[5.7614136,11.811358,-11.26972],"to":[5.9687634,12.170233,-10.831095],"faces":{"east":{"uv":[5.75,6.25,6.3125,6.6875],"tintindex":0,"rotation":0,"texture":"#20"},"south":{"uv":[1.5,7.75,1.84375,8.1875],"tintindex":0,"rotation":0,"texture":"#20"},"north":{"uv":[7.75,0.5,8.09375,0.9375],"tintindex":0,"rotation":0,"texture":"#20"},"west":{"uv":[5.0,6.25,5.5625,6.6875],"tintindex":0,"rotation":0,"texture":"#20"},"up":{"uv":[7.5625,2.84375,7.0,2.5],"tintindex":0,"rotation":90,"texture":"#20"},"down":{"uv":[3.5625,7.0,3.0,7.34375],"tintindex":0,"rotation":270,"texture":"#20"}}},{"from":[5.7341385,4.98885,-10.086208],"to":[6.0151887,5.333775,-9.741283],"faces":{"east":{"uv":[8.375,6.75,8.625,7.0],"tintindex":0,"rotation":0,"texture":"#17"},"south":{"uv":[8.25,0.75,8.53125,1.09375],"tintindex":0,"rotation":0,"texture":"#17"},"north":{"uv":[8.25,1.125,8.53125,1.46875],"tintindex":0,"rotation":0,"texture":"#17"},"west":{"uv":[8.625,6.75,8.375,7.0],"tintindex":0,"rotation":0,"texture":"#17"},"up":{"uv":[8.59375,1.78125,8.25,1.5],"tintindex":0,"rotation":90,"texture":"#17"},"down":{"uv":[8.59375,1.875,8.25,2.15625],"tintindex":0,"rotation":270,"texture":"#17"}},"rotation":{"origin":[5.8746634,5.206025,-9.869032],"angle":-45.0,"axis":"x"}},{"from":[5.8437514,9.2978115,-8.563656],"to":[5.916707,9.419404,-8.442064],"faces":{"east":{"uv":[7.40625,10.0,7.25,10.15625],"tintindex":0,"rotation":0,"texture":"#20"},"south":{"uv":[0.09375,10.25,0.0,10.40625],"tintindex":0,"rotation":0,"texture":"#20"},"north":{"uv":[10.09375,10.0,10.0,10.15625],"tintindex":0,"rotation":0,"texture":"#20"},"west":{"uv":[10.15625,7.25,10.0,7.40625],"tintindex":0,"rotation":0,"texture":"#20"},"up":{"uv":[0.25,10.34375,0.40625,10.25],"tintindex":0,"rotation":90,"texture":"#20"},"down":{"uv":[0.5,10.25,0.65625,10.34375],"tintindex":0,"rotation":270,"texture":"#20"}},"rotation":{"origin":[5.905307,10.233082,-9.83301],"angle":22.5,"axis":"x"}},{"from":[5.7753696,9.647663,-10.971905],"to":[5.974745,9.747351,-10.67284],"faces":{"east":{"uv":[9.75,0.5,10.125,0.625],"tintindex":0,"rotation":0,"texture":"#20"},"south":{"uv":[5.0,10.0,5.25,10.125],"tintindex":0,"rotation":0,"texture":"#20"},"north":{"uv":[10.0,5.0,10.25,5.125],"tintindex":0,"rotation":0,"texture":"#20"},"west":{"uv":[9.75,0.75,10.125,0.875],"tintindex":0,"rotation":0,"texture":"#20"},"up":{"uv":[9.125,0.75,8.75,0.5],"tintindex":0,"rotation":90,"texture":"#20"},"down":{"uv":[9.125,0.75,8.75,1.0],"tintindex":0,"rotation":270,"texture":"#20"}}},{"from":[5.7394824,9.496618,-9.491863],"to":[6.0166135,10.194431,-9.1928005],"faces":{"east":{"uv":[3.125,4.75,2.75,5.625],"tintindex":0,"rotation":0,"texture":"#20"},"south":{"uv":[5.84375,4.75,5.5,5.625],"tintindex":0,"rotation":0,"texture":"#20"},"north":{"uv":[4.09375,5.5,3.75,6.375],"tintindex":0,"rotation":0,"texture":"#20"},"west":{"uv":[3.625,4.75,3.25,5.625],"tintindex":0,"rotation":0,"texture":"#20"},"up":{"uv":[2.5,8.34375,2.875,8.0],"tintindex":0,"rotation":90,"texture":"#20"},"down":{"uv":[8.0,2.5,8.375,2.84375],"tintindex":0,"rotation":270,"texture":"#20"}},"rotation":{"origin":[5.896488,10.694409,-9.6097355],"angle":-22.5,"axis":"x"}},{"from":[5.741476,10.045346,-11.139427],"to":[6.01462,10.244721,-10.740677],"faces":{"east":{"uv":[8.25,3.5,8.75,3.75],"tintindex":0,"rotation":0,"texture":"#20"},"south":{"uv":[0.25,9.0,0.59375,9.25],"tintindex":0,"rotation":0,"texture":"#20"},"north":{"uv":[9.0,0.25,9.34375,0.5],"tintindex":0,"rotation":0,"texture":"#20"},"west":{"uv":[8.25,4.75,8.75,5.0],"tintindex":0,"rotation":0,"texture":"#20"},"up":{"uv":[7.5,6.34375,7.0,6.0],"tintindex":0,"rotation":90,"texture":"#20"},"down":{"uv":[7.75,0.5,7.25,0.84375],"tintindex":0,"rotation":270,"texture":"#20"}},"rotation":{"origin":[6.245817,10.148409,-10.204704],"angle":-45.0,"axis":"x"}},{"from":[5.7614136,12.274174,-11.845816],"to":[5.9687634,12.866317,-11.630491],"faces":{"east":{"uv":[4.25,6.75,4.53125,7.5],"tintindex":0,"rotation":0,"texture":"#20"},"south":{"uv":[6.5,3.0,6.8125,3.75],"tintindex":0,"rotation":0,"texture":"#20"},"north":{"uv":[3.25,6.25,3.5625,7.0],"tintindex":0,"rotation":0,"texture":"#20"},"west":{"uv":[2.5,6.75,2.78125,7.5],"tintindex":0,"rotation":0,"texture":"#20"},"up":{"uv":[9.03125,7.5625,8.75,7.25],"tintindex":0,"rotation":90,"texture":"#20"},"down":{"uv":[8.03125,8.75,7.75,9.0625],"tintindex":0,"rotation":270,"texture":"#20"}},"rotation":{"origin":[6.0425324,11.810525,-10.052631],"angle":45.0,"axis":"x"}},{"from":[5.795307,11.3289,-9.4580765],"to":[5.9548073,11.973342,-9.159014],"faces":{"east":{"uv":[0.375,5.5,0.0,6.3125],"tintindex":0,"rotation":0,"texture":"#20"},"south":{"uv":[7.6875,4.25,7.5,5.0625],"tintindex":0,"rotation":0,"texture":"#20"},"north":{"uv":[4.4375,7.5,4.25,8.3125],"tintindex":0,"rotation":0,"texture":"#20"},"west":{"uv":[0.875,5.5,0.5,6.3125],"tintindex":0,"rotation":0,"texture":"#20"},"up":{"uv":[9.25,4.9375,9.625,4.75],"tintindex":0,"rotation":90,"texture":"#20"},"down":{"uv":[5.0,9.25,5.375,9.4375],"tintindex":0,"rotation":270,"texture":"#20"}},"rotation":{"origin":[5.957712,10.62918,-9.616169],"angle":22.5,"axis":"x"}},{"from":[5.75942,13.672798,-9.316277],"to":[5.9707575,13.832298,-9.100952],"faces":{"east":{"uv":[7.53125,9.5,7.25,9.6875],"tintindex":0,"rotation":0,"texture":"#20"},"south":{"uv":[7.0625,9.5,6.75,9.6875],"tintindex":0,"rotation":0,"texture":"#20"},"north":{"uv":[9.8125,6.75,9.5,6.9375],"tintindex":0,"rotation":0,"texture":"#20"},"west":{"uv":[9.78125,7.0,9.5,7.1875],"tintindex":0,"rotation":0,"texture":"#20"},"up":{"uv":[8.75,8.0625,9.03125,7.75],"tintindex":0,"rotation":90,"texture":"#20"},"down":{"uv":[8.25,8.75,8.53125,9.0625],"tintindex":0,"rotation":270,"texture":"#20"}}},{"from":[5.7734013,12.719816,-10.003405],"to":[5.9444447,12.862353,-9.71833],"faces":{"east":{"uv":[2.0,9.5,2.34375,9.6875],"tintindex":0,"rotation":0,"texture":"#20"},"south":{"uv":[5.5,9.75,5.71875,9.9375],"tintindex":0,"rotation":0,"texture":"#20"},"north":{"uv":[5.25,9.75,5.46875,9.9375],"tintindex":0,"rotation":0,"texture":"#20"},"west":{"uv":[9.25,8.25,9.59375,8.4375],"tintindex":0,"rotation":0,"texture":"#20"},"up":{"uv":[9.34375,8.71875,9.0,8.5],"tintindex":0,"rotation":90,"texture":"#20"},"down":{"uv":[9.34375,8.75,9.0,8.96875],"tintindex":0,"rotation":270,"texture":"#20"}},"rotation":{"origin":[5.8274317,13.00489,-9.71833],"angle":22.5,"axis":"x"}},{"from":[5.885026,5.0804753,-9.505741],"to":[5.885026,5.514021,-8.919033],"faces":{"east":{"uv":[0.0,1.84375,1.59375,0.53125],"tintindex":0,"rotation":0,"texture":"#24"},"west":{"uv":[1.59375,1.84375,0.0,0.53125],"tintindex":0,"rotation":0,"texture":"#24"}}},{"from":[5.795114,8.879313,-11.145317],"to":[5.9653444,9.061704,-10.902132],"faces":{"east":{"uv":[7.25,9.25,7.5625,9.46875],"tintindex":0,"rotation":0,"texture":"#20"},"south":{"uv":[7.5,6.25,7.71875,6.46875],"tintindex":0,"rotation":0,"texture":"#20"},"north":{"uv":[8.0,3.0,8.21875,3.21875],"tintindex":0,"rotation":0,"texture":"#20"},"west":{"uv":[9.25,7.25,9.5625,7.46875],"tintindex":0,"rotation":0,"texture":"#20"},"up":{"uv":[9.5625,7.71875,9.25,7.5],"tintindex":0,"rotation":90,"texture":"#20"},"down":{"uv":[8.0625,9.25,7.75,9.46875],"tintindex":0,"rotation":270,"texture":"#20"}},"rotation":{"origin":[5.877175,10.363796,-9.885452],"angle":-22.5,"axis":"x"}},{"from":[5.778851,5.1054754,-9.769032],"to":[5.970476,5.3554754,-9.469032],"faces":{"east":{"uv":[3.09375,0.5,3.875,0.96875],"tintindex":0,"rotation":0,"texture":"#22"},"south":{"uv":[3.09375,0.96875,3.90625,0.0],"tintindex":0,"rotation":0,"texture":"#22"},"north":{"uv":[3.34375,1.0,3.875,0.0],"tintindex":0,"rotation":0,"texture":"#22"},"west":{"uv":[3.28125,0.84375,3.78125,0.03125],"tintindex":0,"rotation":0,"texture":"#22"},"up":{"uv":[3.71875,0.0,3.15625,1.125],"tintindex":0,"rotation":90,"texture":"#22"},"down":{"uv":[3.65625,0.9375,3.125,0.0],"tintindex":0,"rotation":270,"texture":"#22"}}},{"from":[5.7734013,12.708074,-9.922665],"to":[5.9444447,12.850611,-9.6375885],"faces":{"east":{"uv":[9.25,8.25,9.59375,8.4375],"tintindex":0,"rotation":0,"texture":"#20"},"south":{"uv":[5.25,9.75,5.46875,9.9375],"tintindex":0,"rotation":0,"texture":"#20"},"north":{"uv":[5.5,9.75,5.71875,9.9375],"tintindex":0,"rotation":0,"texture":"#20"},"west":{"uv":[2.0,9.5,2.34375,9.6875],"tintindex":0,"rotation":0,"texture":"#20"},"up":{"uv":[9.34375,8.71875,9.0,8.5],"tintindex":0,"rotation":90,"texture":"#20"},"down":{"uv":[9.34375,8.75,9.0,8.96875],"tintindex":0,"rotation":270,"texture":"#20"}}},{"from":[5.7734013,12.475598,-9.935461],"to":[5.9444447,12.760671,-9.792923],"faces":{"east":{"uv":[9.5,2.5,9.84375,2.6875],"tintindex":0,"rotation":0,"texture":"#20"},"south":{"uv":[1.25,9.25,1.46875,9.59375],"tintindex":0,"rotation":0,"texture":"#20"},"north":{"uv":[1.5,9.25,1.71875,9.59375],"tintindex":0,"rotation":0,"texture":"#20"},"west":{"uv":[2.5,9.5,2.84375,9.6875],"tintindex":0,"rotation":0,"texture":"#20"},"up":{"uv":[6.6875,9.96875,6.5,9.75],"tintindex":0,"rotation":90,"texture":"#20"},"down":{"uv":[9.9375,6.5,9.75,6.71875],"tintindex":0,"rotation":270,"texture":"#20"}}},{"from":[5.7040386,7.903517,-10.401752],"to":[6.0470386,8.116348,-10.276556],"faces":{"east":{"uv":[8.25,8.25,8.625,8.46875],"tintindex":0,"rotation":0,"texture":"#17"},"south":{"uv":[7.125,8.75,7.3125,8.96875],"tintindex":0,"rotation":0,"texture":"#17"},"north":{"uv":[7.375,8.75,7.5625,8.96875],"tintindex":0,"rotation":0,"texture":"#17"},"west":{"uv":[8.375,0.0,8.75,0.21875],"tintindex":0,"rotation":0,"texture":"#17"},"up":{"uv":[5.625,8.5625,5.25,8.375],"tintindex":0,"rotation":90,"texture":"#17"},"down":{"uv":[8.75,5.25,8.375,5.4375],"tintindex":0,"rotation":270,"texture":"#17"}},"rotation":{"origin":[5.7312336,8.153907,-10.276556],"angle":45.0,"axis":"x"}},{"from":[5.7734013,12.798011,-9.935461],"to":[5.9444447,13.083086,-9.792923],"faces":{"east":{"uv":[9.5,2.5,9.84375,2.6875],"tintindex":0,"rotation":0,"texture":"#20"},"south":{"uv":[1.25,9.25,1.46875,9.59375],"tintindex":0,"rotation":0,"texture":"#20"},"north":{"uv":[1.5,9.25,1.71875,9.59375],"tintindex":0,"rotation":0,"texture":"#20"},"west":{"uv":[2.5,9.5,2.84375,9.6875],"tintindex":0,"rotation":0,"texture":"#20"},"up":{"uv":[6.6875,9.96875,6.5,9.75],"tintindex":0,"rotation":90,"texture":"#20"},"down":{"uv":[9.9375,6.5,9.75,6.71875],"tintindex":0,"rotation":270,"texture":"#20"}}},{"from":[5.7735558,10.0188875,-9.202341],"to":[5.9729304,11.2151375,-8.903278],"faces":{"east":{"uv":[0.375,4.0,0.0,5.5],"tintindex":0,"rotation":0,"texture":"#20"},"south":{"uv":[4.5,4.5,4.25,6.0],"tintindex":0,"rotation":0,"texture":"#20"},"north":{"uv":[4.75,1.5,4.5,3.0],"tintindex":0,"rotation":0,"texture":"#20"},"west":{"uv":[4.375,0.0,4.0,1.5],"tintindex":0,"rotation":0,"texture":"#20"},"up":{"uv":[0.0,9.0,0.375,8.75],"tintindex":0,"rotation":90,"texture":"#20"},"down":{"uv":[0.5,8.75,0.875,9.0],"tintindex":0,"rotation":270,"texture":"#20"}}},{"from":[5.5822096,7.9215994,-10.332096],"to":[6.1667914,8.217209,-9.805538],"faces":{"east":{"uv":[2.5,6.25,3.15625,6.625],"tintindex":0,"rotation":0,"texture":"#20"},"south":{"uv":[5.75,3.5,6.46875,3.875],"tintindex":0,"rotation":0,"texture":"#20"},"north":{"uv":[4.5,5.75,5.21875,6.125],"tintindex":0,"rotation":0,"texture":"#20"},"west":{"uv":[6.25,2.5,6.90625,2.875],"tintindex":0,"rotation":0,"texture":"#20"},"up":{"uv":[4.15625,4.71875,3.5,4.0],"tintindex":0,"rotation":90,"texture":"#20"},"down":{"uv":[4.90625,3.75,4.25,4.46875],"tintindex":0,"rotation":270,"texture":"#20"}},"rotation":{"origin":[6.0308237,8.047234,-10.142719],"angle":45.0,"axis":"x"}},{"from":[5.786084,7.758523,-11.008305],"to":[5.9607887,8.072989,-10.749119],"faces":{"east":{"uv":[4.75,8.0,5.0625,8.40625],"tintindex":0,"rotation":0,"texture":"#20"},"south":{"uv":[8.75,3.0,8.96875,3.40625],"tintindex":0,"rotation":0,"texture":"#20"},"north":{"uv":[3.25,8.75,3.46875,9.15625],"tintindex":0,"rotation":0,"texture":"#20"},"west":{"uv":[5.25,8.0,5.5625,8.40625],"tintindex":0,"rotation":0,"texture":"#20"},"up":{"uv":[9.5625,6.46875,9.25,6.25],"tintindex":0,"rotation":90,"texture":"#20"},"down":{"uv":[9.5625,6.5,9.25,6.71875],"tintindex":0,"rotation":270,"texture":"#20"}}},{"from":[5.75942,11.317325,-8.256994],"to":[5.9707575,11.8157625,-7.8622313],"faces":{"east":{"uv":[5.75,1.25,5.25,1.875],"tintindex":0,"rotation":0,"texture":"#20"},"south":{"uv":[5.75,0.5,5.25,1.125],"tintindex":0,"rotation":0,"texture":"#20"},"north":{"uv":[5.75,2.0,5.25,2.625],"tintindex":0,"rotation":0,"texture":"#20"},"west":{"uv":[4.25,4.75,3.75,5.375],"tintindex":0,"rotation":0,"texture":"#20"},"up":{"uv":[6.25,2.0,6.75,1.5],"tintindex":0,"rotation":90,"texture":"#20"},"down":{"uv":[6.25,2.0,6.75,2.5],"tintindex":0,"rotation":270,"texture":"#20"}},"rotation":{"origin":[6.068451,11.71184,-9.58675],"angle":-45.0,"axis":"x"}},{"from":[5.5822096,7.9215994,-9.942009],"to":[6.1667914,8.217209,-9.415453],"faces":{"east":{"uv":[6.25,4.0,6.90625,4.375],"tintindex":0,"rotation":0,"texture":"#20"},"south":{"uv":[5.25,5.75,5.96875,6.125],"tintindex":0,"rotation":0,"texture":"#20"},"north":{"uv":[6.0,0.0,6.71875,0.375],"tintindex":0,"rotation":0,"texture":"#20"},"west":{"uv":[4.25,6.25,4.90625,6.625],"tintindex":0,"rotation":0,"texture":"#20"},"up":{"uv":[5.15625,0.71875,4.5,0.0],"tintindex":0,"rotation":90,"texture":"#20"},"down":{"uv":[5.15625,0.75,4.5,1.46875],"tintindex":0,"rotation":270,"texture":"#20"}},"rotation":{"origin":[5.926032,8.047234,-9.604826],"angle":-45.0,"axis":"x"}},{"from":[5.8152447,8.836713,-10.710617],"to":[5.93487,9.279274,-10.511242],"faces":{"east":{"uv":[4.5,7.5,4.75,8.0625],"tintindex":0,"rotation":0,"texture":"#20"},"south":{"uv":[4.0,8.75,4.15625,9.3125],"tintindex":0,"rotation":0,"texture":"#20"},"north":{"uv":[7.0,8.75,7.15625,9.3125],"tintindex":0,"rotation":0,"texture":"#20"},"west":{"uv":[7.75,2.5,8.0,3.0625],"tintindex":0,"rotation":0,"texture":"#20"},"up":{"uv":[8.75,9.90625,8.5,9.75],"tintindex":0,"rotation":90,"texture":"#20"},"down":{"uv":[9.0,9.75,8.75,9.90625],"tintindex":0,"rotation":270,"texture":"#20"}}},{"from":[5.7614136,11.811358,-8.906971],"to":[5.9687634,12.170233,-8.468346],"faces":{"east":{"uv":[6.3125,6.25,5.75,6.6875],"tintindex":0,"rotation":0,"texture":"#20"},"south":{"uv":[8.09375,0.5,7.75,0.9375],"tintindex":0,"rotation":0,"texture":"#20"},"north":{"uv":[1.84375,7.75,1.5,8.1875],"tintindex":0,"rotation":0,"texture":"#20"},"west":{"uv":[5.5625,6.25,5.0,6.6875],"tintindex":0,"rotation":0,"texture":"#20"},"up":{"uv":[7.0,2.84375,7.5625,2.5],"tintindex":0,"rotation":90,"texture":"#20"},"down":{"uv":[3.0,7.0,3.5625,7.34375],"tintindex":0,"rotation":270,"texture":"#20"}}},{"from":[5.8559074,8.930475,-7.801422],"to":[5.904545,9.302068,-7.619032],"faces":{"east":{"uv":[10.21875,1.25,10.0,1.40625],"tintindex":0,"rotation":0,"texture":"#20"},"south":{"uv":[2.5625,10.25,2.5,10.40625],"tintindex":0,"rotation":0,"texture":"#20"},"north":{"uv":[10.3125,2.25,10.25,2.40625],"tintindex":0,"rotation":0,"texture":"#20"},"west":{"uv":[1.71875,10.0,1.5,10.15625],"tintindex":0,"rotation":0,"texture":"#20"},"up":{"uv":[10.25,0.8125,10.46875,0.75],"tintindex":0,"rotation":90,"texture":"#20"},"down":{"uv":[10.25,1.0,10.46875,1.0625],"tintindex":0,"rotation":270,"texture":"#20"}},"rotation":{"origin":[5.865015,10.565671,-8.619701],"angle":45.0,"axis":"x"}},{"from":[5.7145386,8.147896,-9.186974],"to":[6.0330386,8.31065,-9.012596],"faces":{"east":{"uv":[9.0625,5.5,8.875,5.6875],"tintindex":0,"rotation":0,"texture":"#17"},"south":{"uv":[9.1875,9.125,9.125,9.3125],"tintindex":0,"rotation":0,"texture":"#17"},"north":{"uv":[9.0625,9.125,9.0,9.3125],"tintindex":0,"rotation":0,"texture":"#17"},"west":{"uv":[8.875,5.5,9.0625,5.6875],"tintindex":0,"rotation":0,"texture":"#17"},"up":{"uv":[9.25,0.0625,9.4375,0.0],"tintindex":0,"rotation":90,"texture":"#17"},"down":{"uv":[9.25,0.125,9.4375,0.1875],"tintindex":0,"rotation":270,"texture":"#17"}},"rotation":{"origin":[5.739791,8.3339,-9.186974],"angle":-22.5,"axis":"x"}},{"from":[5.746914,5.4943504,-9.996782],"to":[6.0024137,7.1193504,-9.741283],"faces":{"east":{"uv":[6.03125,0.0,7.03125,6.5],"tintindex":0,"rotation":0,"texture":"#22"},"south":{"uv":[0.125,0.0,1.03125,2.1875],"tintindex":0,"rotation":0,"texture":"#22"},"north":{"uv":[6.03125,0.03125,7.03125,6.53125],"tintindex":0,"rotation":0,"texture":"#22"},"west":{"uv":[6.0,0.0,7.03125,6.5],"tintindex":0,"rotation":0,"texture":"#22"},"up":{"uv":[4.03125,9.03125,3.0,8.0],"tintindex":0,"rotation":90,"texture":"#22"},"down":{"uv":[7.03125,8.0,6.0,9.03125],"tintindex":0,"rotation":270,"texture":"#22"}}},{"from":[5.8152447,8.836713,-9.226824],"to":[5.93487,9.279274,-9.027449],"faces":{"east":{"uv":[4.75,7.5,4.5,8.0625],"tintindex":0,"rotation":0,"texture":"#20"},"south":{"uv":[7.15625,8.75,7.0,9.3125],"tintindex":0,"rotation":0,"texture":"#20"},"north":{"uv":[4.15625,8.75,4.0,9.3125],"tintindex":0,"rotation":0,"texture":"#20"},"west":{"uv":[8.0,2.5,7.75,3.0625],"tintindex":0,"rotation":0,"texture":"#20"},"up":{"uv":[8.5,9.90625,8.75,9.75],"tintindex":0,"rotation":90,"texture":"#20"},"down":{"uv":[8.75,9.75,9.0,9.90625],"tintindex":0,"rotation":270,"texture":"#20"}}},{"from":[5.885026,6.680475,-10.819033],"to":[5.885026,7.1140203,-10.232323],"faces":{"east":{"uv":[1.59375,0.53125,0.0,1.84375],"tintindex":0,"rotation":0,"texture":"#24"},"west":{"uv":[0.0,0.53125,1.59375,1.84375],"tintindex":0,"rotation":0,"texture":"#24"}}},{"from":[5.8746634,9.030476,-9.014532],"to":[5.8746634,9.5351,-8.369032],"faces":{"east":{"uv":[4.0,0.71875,4.84375,0.0],"tintindex":0,"rotation":90,"texture":"#17"},"west":{"uv":[4.0,0.71875,4.84375,0.0],"tintindex":0,"rotation":270,"texture":"#17"}},"rotation":{"origin":[5.3640623,9.107975,-8.546284],"angle":-45.0,"axis":"x"}},{"from":[5.7025385,7.9134464,-10.3943405],"to":[6.0490384,8.166391,-10.255222],"faces":{"east":{"uv":[6.125,7.25,6.25,7.5],"tintindex":0,"rotation":0,"texture":"#17"},"south":{"uv":[8.75,2.5,8.9375,2.75],"tintindex":0,"rotation":0,"texture":"#17"},"north":{"uv":[2.75,8.75,2.9375,9.0],"tintindex":0,"rotation":0,"texture":"#17"},"west":{"uv":[5.5,8.875,5.625,9.125],"tintindex":0,"rotation":0,"texture":"#17"},"up":{"uv":[4.0,9.3125,3.875,9.125],"tintindex":0,"rotation":90,"texture":"#17"},"down":{"uv":[9.25,5.25,9.125,5.4375],"tintindex":0,"rotation":270,"texture":"#17"}},"rotation":{"origin":[5.730011,8.166391,-10.255222],"angle":45.0,"axis":"x"}},{"from":[5.786084,7.758523,-8.988947],"to":[5.9607887,8.072989,-8.729759],"faces":{"east":{"uv":[5.0625,8.0,4.75,8.40625],"tintindex":0,"rotation":0,"texture":"#20"},"south":{"uv":[3.46875,8.75,3.25,9.15625],"tintindex":0,"rotation":0,"texture":"#20"},"north":{"uv":[8.96875,3.0,8.75,3.40625],"tintindex":0,"rotation":0,"texture":"#20"},"west":{"uv":[5.5625,8.0,5.25,8.40625],"tintindex":0,"rotation":0,"texture":"#20"},"up":{"uv":[9.25,6.46875,9.5625,6.25],"tintindex":0,"rotation":90,"texture":"#20"},"down":{"uv":[9.25,6.5,9.5625,6.71875],"tintindex":0,"rotation":270,"texture":"#20"}}},{"from":[5.8331885,8.622323,-10.553415],"to":[5.932876,9.071698,-10.431816],"faces":{"east":{"uv":[9.75,9.0,9.90625,9.25],"tintindex":0,"rotation":0,"texture":"#20"},"south":{"uv":[5.25,10.0,5.375,10.25],"tintindex":0,"rotation":0,"texture":"#20"},"north":{"uv":[10.0,5.25,10.125,5.5],"tintindex":0,"rotation":0,"texture":"#20"},"west":{"uv":[9.75,9.25,9.90625,9.5],"tintindex":0,"rotation":0,"texture":"#20"},"up":{"uv":[8.90625,10.125,8.75,10.0],"tintindex":0,"rotation":90,"texture":"#20"},"down":{"uv":[10.15625,8.75,10.0,8.875],"tintindex":0,"rotation":270,"texture":"#20"}},"rotation":{"origin":[5.9448385,8.872323,-10.553415],"angle":-45.0,"axis":"x"}},{"from":[5.7311068,8.503222,-6.8217964],"to":[6.0106325,8.85263,-6.5626087],"faces":{"east":{"uv":[8.0625,6.25,7.75,6.6875],"tintindex":0,"rotation":0,"texture":"#20"},"south":{"uv":[7.84375,5.75,7.5,6.1875],"tintindex":0,"rotation":0,"texture":"#20"},"north":{"uv":[7.84375,5.25,7.5,5.6875],"tintindex":0,"rotation":0,"texture":"#20"},"west":{"uv":[8.0625,6.75,7.75,7.1875],"tintindex":0,"rotation":0,"texture":"#20"},"up":{"uv":[8.5,4.09375,8.8125,3.75],"tintindex":0,"rotation":90,"texture":"#20"},"down":{"uv":[4.75,8.5,5.0625,8.84375],"tintindex":0,"rotation":270,"texture":"#20"}},"rotation":{"origin":[5.902621,11.059725,-8.674709],"angle":45.0,"axis":"x"}},{"from":[6.2036324,7.1554756,-10.231533],"to":[6.2036324,9.35201,-9.019651],"faces":{"east":{"uv":[15.5625,0.0,7.5625,14.5],"tintindex":0,"rotation":0,"texture":"#19"},"west":{"uv":[7.6875,0.0,15.6875,14.5],"tintindex":0,"rotation":0,"texture":"#19"}},"rotation":{"origin":[6.664402,7.7853107,-9.761711],"angle":45.0,"axis":"x"}},{"from":[5.7596884,5.0727754,-9.996782],"to":[5.9896383,5.1749754,-9.894583],"faces":{"east":{"uv":[9.25,1.125,9.34375,1.21875],"tintindex":0,"rotation":0,"texture":"#17"},"south":{"uv":[6.875,9.125,7.09375,9.21875],"tintindex":0,"rotation":0,"texture":"#17"},"north":{"uv":[9.125,6.875,9.34375,6.96875],"tintindex":0,"rotation":0,"texture":"#17"},"west":{"uv":[9.25,1.25,9.34375,1.34375],"tintindex":0,"rotation":0,"texture":"#17"},"up":{"uv":[6.71875,9.34375,6.625,9.125],"tintindex":0,"rotation":90,"texture":"#17"},"down":{"uv":[9.21875,7.0,9.125,7.21875],"tintindex":0,"rotation":270,"texture":"#17"}},"rotation":{"origin":[5.8746634,5.2005253,-9.869032],"angle":-45.0,"axis":"x"}},{"from":[5.7614136,12.274174,-8.107574],"to":[5.9687634,12.866317,-7.892249],"faces":{"east":{"uv":[4.53125,6.75,4.25,7.5],"tintindex":0,"rotation":0,"texture":"#20"},"south":{"uv":[3.5625,6.25,3.25,7.0],"tintindex":0,"rotation":0,"texture":"#20"},"north":{"uv":[6.8125,3.0,6.5,3.75],"tintindex":0,"rotation":0,"texture":"#20"},"west":{"uv":[2.78125,6.75,2.5,7.5],"tintindex":0,"rotation":0,"texture":"#20"},"up":{"uv":[8.75,7.5625,9.03125,7.25],"tintindex":0,"rotation":90,"texture":"#20"},"down":{"uv":[7.75,8.75,8.03125,9.0625],"tintindex":0,"rotation":270,"texture":"#20"}},"rotation":{"origin":[6.0425324,11.810525,-9.685434],"angle":-45.0,"axis":"x"}},{"from":[5.765401,12.935219,-10.634361],"to":[5.964776,13.294094,-10.235611],"faces":{"east":{"uv":[6.5,6.25,7.0,6.6875],"tintindex":0,"rotation":0,"texture":"#20"},"south":{"uv":[0.75,6.5,1.0,6.9375],"tintindex":0,"rotation":0,"texture":"#20"},"north":{"uv":[3.5,5.75,3.75,6.1875],"tintindex":0,"rotation":0,"texture":"#20"},"west":{"uv":[6.5,5.75,7.0,6.1875],"tintindex":0,"rotation":0,"texture":"#20"},"up":{"uv":[8.75,5.25,8.25,5.0],"tintindex":0,"rotation":90,"texture":"#20"},"down":{"uv":[8.75,6.25,8.25,6.5],"tintindex":0,"rotation":270,"texture":"#20"}},"rotation":{"origin":[6.022595,11.833916,-10.078825],"angle":-45.0,"axis":"x"}},{"from":[5.7085886,6.9579754,-10.035107],"to":[6.0407386,7.1496,-9.702957],"faces":{"east":{"uv":[8.625,1.4375,8.9375,1.25],"tintindex":0,"rotation":0,"texture":"#17"},"south":{"uv":[8.625,1.6875,8.9375,1.5],"tintindex":0,"rotation":0,"texture":"#17"},"north":{"uv":[8.625,2.1875,8.9375,2.0],"tintindex":0,"rotation":0,"texture":"#17"},"west":{"uv":[8.625,1.9375,8.9375,1.75],"tintindex":0,"rotation":0,"texture":"#17"},"up":{"uv":[8.1875,0.6875,7.875,0.375],"tintindex":0,"rotation":90,"texture":"#17"},"down":{"uv":[6.0625,7.75,5.75,8.0625],"tintindex":0,"rotation":270,"texture":"#17"}}},{"from":[5.7534385,12.286475,-8.443262],"to":[5.972751,12.824787,-8.012611],"faces":{"east":{"uv":[1.03125,4.75,0.5,5.4375],"tintindex":0,"rotation":0,"texture":"#20"},"south":{"uv":[6.15625,1.5,5.75,2.1875],"tintindex":0,"rotation":0,"texture":"#20"},"north":{"uv":[6.15625,2.25,5.75,2.9375],"tintindex":0,"rotation":0,"texture":"#20"},"west":{"uv":[5.03125,4.5,4.5,5.1875],"tintindex":0,"rotation":0,"texture":"#20"},"up":{"uv":[6.75,0.40625,7.28125,0.0],"tintindex":0,"rotation":90,"texture":"#20"},"down":{"uv":[6.75,1.5,7.28125,1.90625],"tintindex":0,"rotation":270,"texture":"#20"}},"rotation":{"origin":[6.0425324,11.810525,-9.685434],"angle":-22.5,"axis":"x"}},{"from":[5.7853384,9.555564,-9.103373],"to":[5.964776,9.6552515,-8.80431],"faces":{"east":{"uv":[10.125,1.0,9.75,1.125],"tintindex":0,"rotation":0,"texture":"#20"},"south":{"uv":[10.21875,6.0,10.0,6.125],"tintindex":0,"rotation":0,"texture":"#20"},"north":{"uv":[6.21875,10.0,6.0,10.125],"tintindex":0,"rotation":0,"texture":"#20"},"west":{"uv":[1.625,9.75,1.25,9.875],"tintindex":0,"rotation":0,"texture":"#20"},"up":{"uv":[9.0,1.21875,9.375,1.0],"tintindex":0,"rotation":90,"texture":"#20"},"down":{"uv":[1.25,9.0,1.625,9.21875],"tintindex":0,"rotation":270,"texture":"#20"}},"rotation":{"origin":[6.1840887,9.555564,-8.80431],"angle":22.5,"axis":"x"}},{"from":[5.763407,12.7740345,-8.570892],"to":[5.9667697,13.240572,-8.355568],"faces":{"east":{"uv":[6.03125,7.25,5.75,7.84375],"tintindex":0,"rotation":0,"texture":"#20"},"south":{"uv":[5.53125,7.25,5.25,7.84375],"tintindex":0,"rotation":0,"texture":"#20"},"north":{"uv":[6.53125,7.25,6.25,7.84375],"tintindex":0,"rotation":0,"texture":"#20"},"west":{"uv":[5.03125,7.25,4.75,7.84375],"tintindex":0,"rotation":0,"texture":"#20"},"up":{"uv":[9.0,4.03125,9.28125,3.75],"tintindex":0,"rotation":90,"texture":"#20"},"down":{"uv":[4.25,9.0,4.53125,9.28125],"tintindex":0,"rotation":270,"texture":"#20"}},"rotation":{"origin":[6.0425324,11.810525,-9.685434],"angle":-22.5,"axis":"x"}},{"from":[5.7853384,9.555564,-10.933754],"to":[5.964776,9.6552515,-10.634693],"faces":{"east":{"uv":[9.75,1.0,10.125,1.125],"tintindex":0,"rotation":0,"texture":"#20"},"south":{"uv":[6.0,10.0,6.21875,10.125],"tintindex":0,"rotation":0,"texture":"#20"},"north":{"uv":[10.0,6.0,10.21875,6.125],"tintindex":0,"rotation":0,"texture":"#20"},"west":{"uv":[1.25,9.75,1.625,9.875],"tintindex":0,"rotation":0,"texture":"#20"},"up":{"uv":[9.375,1.21875,9.0,1.0],"tintindex":0,"rotation":90,"texture":"#20"},"down":{"uv":[1.625,9.0,1.25,9.21875],"tintindex":0,"rotation":270,"texture":"#20"}},"rotation":{"origin":[6.1840887,9.555564,-10.933754],"angle":-22.5,"axis":"x"}},{"from":[5.631575,7.238984,-10.19685],"to":[6.1307063,7.354456,-9.531727],"faces":{"east":{"uv":[8.0,0.25,8.84375,0.40625],"tintindex":0,"rotation":0,"texture":"#20"},"south":{"uv":[6.5,8.5,7.125,8.65625],"tintindex":0,"rotation":0,"texture":"#20"},"north":{"uv":[8.25,8.5,8.875,8.65625],"tintindex":0,"rotation":0,"texture":"#20"},"west":{"uv":[8.0,0.25,8.84375,0.40625],"tintindex":0,"rotation":0,"texture":"#20"},"up":{"uv":[1.34375,4.625,0.5,4.0],"tintindex":0,"rotation":90,"texture":"#20"},"down":{"uv":[2.34375,4.0,1.5,4.625],"tintindex":0,"rotation":270,"texture":"#20"}}},{"from":[5.7734013,12.708074,-10.090797],"to":[5.9444447,12.850611,-9.805725],"faces":{"east":{"uv":[2.0,9.5,2.34375,9.6875],"tintindex":0,"rotation":0,"texture":"#20"},"south":{"uv":[5.5,9.75,5.71875,9.9375],"tintindex":0,"rotation":0,"texture":"#20"},"north":{"uv":[5.25,9.75,5.46875,9.9375],"tintindex":0,"rotation":0,"texture":"#20"},"west":{"uv":[9.25,8.25,9.59375,8.4375],"tintindex":0,"rotation":0,"texture":"#20"},"up":{"uv":[9.34375,8.71875,9.0,8.5],"tintindex":0,"rotation":90,"texture":"#20"},"down":{"uv":[9.34375,8.75,9.0,8.96875],"tintindex":0,"rotation":270,"texture":"#20"}}},{"from":[5.765401,12.935219,-9.502453],"to":[5.964776,13.294094,-9.103703],"faces":{"east":{"uv":[7.0,6.25,6.5,6.6875],"tintindex":0,"rotation":0,"texture":"#20"},"south":{"uv":[3.75,5.75,3.5,6.1875],"tintindex":0,"rotation":0,"texture":"#20"},"north":{"uv":[1.0,6.5,0.75,6.9375],"tintindex":0,"rotation":0,"texture":"#20"},"west":{"uv":[7.0,5.75,6.5,6.1875],"tintindex":0,"rotation":0,"texture":"#20"},"up":{"uv":[8.25,5.25,8.75,5.0],"tintindex":0,"rotation":90,"texture":"#20"},"down":{"uv":[8.25,6.25,8.75,6.5],"tintindex":0,"rotation":270,"texture":"#20"}},"rotation":{"origin":[6.022595,11.833916,-9.659241],"angle":45.0,"axis":"x"}},{"from":[5.7085886,5.2079754,-10.035107],"to":[6.0407386,5.4579754,-9.702957],"faces":{"east":{"uv":[8.625,1.4375,8.9375,1.25],"tintindex":0,"rotation":0,"texture":"#17"},"south":{"uv":[8.625,1.6875,8.9375,1.5],"tintindex":0,"rotation":0,"texture":"#17"},"north":{"uv":[8.625,2.1875,8.9375,2.0],"tintindex":0,"rotation":0,"texture":"#17"},"west":{"uv":[8.625,1.9375,8.9375,1.75],"tintindex":0,"rotation":0,"texture":"#17"},"up":{"uv":[8.1875,0.6875,7.875,0.375],"tintindex":0,"rotation":90,"texture":"#17"},"down":{"uv":[6.0625,7.75,5.75,8.0625],"tintindex":0,"rotation":270,"texture":"#17"}}},{"from":[5.7734013,12.593679,-9.792923],"to":[5.9444447,12.878752,-9.650389],"faces":{"east":{"uv":[2.0,9.5,2.34375,9.6875],"tintindex":0,"rotation":0,"texture":"#20"},"south":{"uv":[9.0,9.0,9.21875,9.34375],"tintindex":0,"rotation":0,"texture":"#20"},"north":{"uv":[6.75,9.0,6.96875,9.34375],"tintindex":0,"rotation":0,"texture":"#20"},"west":{"uv":[9.25,8.25,9.59375,8.4375],"tintindex":0,"rotation":0,"texture":"#20"},"up":{"uv":[5.9375,9.96875,5.75,9.75],"tintindex":0,"rotation":90,"texture":"#20"},"down":{"uv":[6.1875,9.75,6.0,9.96875],"tintindex":0,"rotation":270,"texture":"#20"}},"rotation":{"origin":[5.8274317,12.878752,-9.935461],"angle":45.0,"axis":"x"}},{"from":[5.7753696,9.647663,-9.065224],"to":[5.974745,9.747351,-8.766163],"faces":{"east":{"uv":[10.125,0.5,9.75,0.625],"tintindex":0,"rotation":0,"texture":"#20"},"south":{"uv":[10.25,5.0,10.0,5.125],"tintindex":0,"rotation":0,"texture":"#20"},"north":{"uv":[5.25,10.0,5.0,10.125],"tintindex":0,"rotation":0,"texture":"#20"},"west":{"uv":[10.125,0.75,9.75,0.875],"tintindex":0,"rotation":0,"texture":"#20"},"up":{"uv":[8.75,0.75,9.125,0.5],"tintindex":0,"rotation":90,"texture":"#20"},"down":{"uv":[8.75,0.75,9.125,1.0],"tintindex":0,"rotation":270,"texture":"#20"}}},{"from":[5.7734013,12.593679,-10.077999],"to":[5.9444447,12.878752,-9.935461],"faces":{"east":{"uv":[9.25,8.25,9.59375,8.4375],"tintindex":0,"rotation":0,"texture":"#20"},"south":{"uv":[6.75,9.0,6.96875,9.34375],"tintindex":0,"rotation":0,"texture":"#20"},"north":{"uv":[9.0,9.0,9.21875,9.34375],"tintindex":0,"rotation":0,"texture":"#20"},"west":{"uv":[2.0,9.5,2.34375,9.6875],"tintindex":0,"rotation":0,"texture":"#20"},"up":{"uv":[5.9375,9.96875,5.75,9.75],"tintindex":0,"rotation":90,"texture":"#20"},"down":{"uv":[6.1875,9.75,6.0,9.96875],"tintindex":0,"rotation":270,"texture":"#20"}},"rotation":{"origin":[6.0839972,12.878752,-9.792923],"angle":-45.0,"axis":"x"}},{"from":[5.7085886,5.555475,-10.035107],"to":[6.0407386,5.805475,-9.702957],"faces":{"east":{"uv":[8.625,1.4375,8.9375,1.25],"tintindex":0,"rotation":0,"texture":"#17"},"south":{"uv":[8.625,1.6875,8.9375,1.5],"tintindex":0,"rotation":0,"texture":"#17"},"north":{"uv":[8.625,2.1875,8.9375,2.0],"tintindex":0,"rotation":0,"texture":"#17"},"west":{"uv":[8.625,1.9375,8.9375,1.75],"tintindex":0,"rotation":0,"texture":"#17"},"up":{"uv":[8.1875,0.6875,7.875,0.375],"tintindex":0,"rotation":90,"texture":"#17"},"down":{"uv":[6.0625,7.75,5.75,8.0625],"tintindex":0,"rotation":270,"texture":"#17"}}},{"from":[5.9109135,12.130475,-12.119034],"to":[5.9109135,13.025975,-11.244034],"faces":{"east":{"uv":[2.3125,1.5390625,2.65625,1.8828125],"tintindex":0,"rotation":0,"texture":"#25"},"west":{"uv":[2.65625,1.5390625,2.3125,1.890625],"tintindex":0,"rotation":0,"texture":"#25"}}},{"from":[5.545695,7.1554756,-10.231533],"to":[5.545695,9.35201,-9.019651],"faces":{"east":{"uv":[15.6875,0.0,7.6875,14.5],"tintindex":0,"rotation":0,"texture":"#19"},"west":{"uv":[7.5625,0.0,15.5625,14.5],"tintindex":0,"rotation":0,"texture":"#19"}},"rotation":{"origin":[5.084925,7.7853107,-9.761711],"angle":45.0,"axis":"x"}},{"from":[6.2036324,7.1554756,-10.718414],"to":[6.2036324,9.35201,-9.506533],"faces":{"east":{"uv":[7.5625,0.0,15.5625,14.5],"tintindex":0,"rotation":0,"texture":"#19"},"west":{"uv":[15.6875,0.0,7.6875,14.5],"tintindex":0,"rotation":0,"texture":"#19"}},"rotation":{"origin":[6.664402,7.7853107,-9.976353],"angle":-45.0,"axis":"x"}},{"from":[5.7734013,12.708074,-9.765158],"to":[5.9444447,12.850611,-9.6375885],"faces":{"east":{"uv":[9.25,8.25,9.59375,8.4375],"tintindex":0,"rotation":0,"texture":"#20"},"south":{"uv":[5.25,9.75,5.46875,9.9375],"tintindex":0,"rotation":0,"texture":"#20"},"north":{"uv":[5.5,9.75,5.71875,9.9375],"tintindex":0,"rotation":0,"texture":"#20"},"west":{"uv":[2.0,9.5,2.34375,9.6875],"tintindex":0,"rotation":0,"texture":"#20"},"up":{"uv":[9.34375,8.71875,9.0,8.5],"tintindex":0,"rotation":90,"texture":"#20"},"down":{"uv":[9.34375,8.75,9.0,8.96875],"tintindex":0,"rotation":270,"texture":"#20"}}},{"from":[5.75942,11.317325,-11.8758335],"to":[5.9707575,11.8157625,-11.481071],"faces":{"east":{"uv":[5.25,1.25,5.75,1.875],"tintindex":0,"rotation":0,"texture":"#20"},"south":{"uv":[5.25,2.0,5.75,2.625],"tintindex":0,"rotation":0,"texture":"#20"},"north":{"uv":[5.25,0.5,5.75,1.125],"tintindex":0,"rotation":0,"texture":"#20"},"west":{"uv":[3.75,4.75,4.25,5.375],"tintindex":0,"rotation":0,"texture":"#20"},"up":{"uv":[6.75,2.0,6.25,1.5],"tintindex":0,"rotation":90,"texture":"#20"},"down":{"uv":[6.75,2.0,6.25,2.5],"tintindex":0,"rotation":270,"texture":"#20"}},"rotation":{"origin":[6.068451,11.71184,-10.151316],"angle":45.0,"axis":"x"}},{"from":[5.8074455,9.549886,-11.5662155],"to":[5.953356,9.749261,-11.32303],"faces":{"east":{"uv":[9.0,1.75,9.3125,2.0],"tintindex":0,"rotation":0,"texture":"#20"},"south":{"uv":[9.75,1.25,9.9375,1.5],"tintindex":0,"rotation":0,"texture":"#20"},"north":{"uv":[9.75,1.5,9.9375,1.75],"tintindex":0,"rotation":0,"texture":"#20"},"west":{"uv":[4.75,9.0,5.0625,9.25],"tintindex":0,"rotation":0,"texture":"#20"},"up":{"uv":[9.8125,6.1875,9.5,6.0],"tintindex":0,"rotation":90,"texture":"#20"},"down":{"uv":[6.5625,9.5,6.25,9.6875],"tintindex":0,"rotation":270,"texture":"#20"}},"rotation":{"origin":[5.877175,10.363796,-9.885452],"angle":-45.0,"axis":"x"}},{"from":[5.7734013,12.708074,-10.090797],"to":[5.9444447,12.850611,-9.96323],"faces":{"east":{"uv":[2.0,9.5,2.34375,9.6875],"tintindex":0,"rotation":0,"texture":"#20"},"south":{"uv":[5.5,9.75,5.71875,9.9375],"tintindex":0,"rotation":0,"texture":"#20"},"north":{"uv":[5.25,9.75,5.46875,9.9375],"tintindex":0,"rotation":0,"texture":"#20"},"west":{"uv":[9.25,8.25,9.59375,8.4375],"tintindex":0,"rotation":0,"texture":"#20"},"up":{"uv":[9.34375,8.71875,9.0,8.5],"tintindex":0,"rotation":90,"texture":"#20"},"down":{"uv":[9.34375,8.75,9.0,8.96875],"tintindex":0,"rotation":270,"texture":"#20"}}},{"from":[5.778851,6.8554754,-10.269032],"to":[5.970476,7.1054754,-9.969032],"faces":{"east":{"uv":[3.875,0.5,3.09375,0.96875],"tintindex":0,"rotation":0,"texture":"#22"},"south":{"uv":[3.875,1.0,3.34375,0.0],"tintindex":0,"rotation":0,"texture":"#22"},"north":{"uv":[3.90625,0.96875,3.09375,0.0],"tintindex":0,"rotation":0,"texture":"#22"},"west":{"uv":[3.78125,0.84375,3.28125,0.03125],"tintindex":0,"rotation":0,"texture":"#22"},"up":{"uv":[3.15625,0.0,3.71875,1.125],"tintindex":0,"rotation":90,"texture":"#22"},"down":{"uv":[3.125,0.9375,3.65625,0.0],"tintindex":0,"rotation":270,"texture":"#22"}}},{"from":[5.885026,7.362221,-11.680492],"to":[5.885026,8.295766,-10.593782],"faces":{"east":{"uv":[5.15625,1.96875,6.5625,2.9375],"tintindex":0,"rotation":0,"texture":"#17"},"west":{"uv":[6.5625,1.96875,5.15625,2.9375],"tintindex":0,"rotation":0,"texture":"#17"}}},{"from":[5.7115383,8.150891,-10.672581],"to":[6.037039,8.388506,-10.4943695],"faces":{"east":{"uv":[8.75,2.75,8.9375,3.0],"tintindex":0,"rotation":0,"texture":"#17"},"south":{"uv":[5.5,9.125,5.59375,9.375],"tintindex":0,"rotation":0,"texture":"#17"},"north":{"uv":[9.125,5.5,9.21875,5.75],"tintindex":0,"rotation":0,"texture":"#17"},"west":{"uv":[8.9375,2.75,8.75,3.0],"tintindex":0,"rotation":0,"texture":"#17"},"up":{"uv":[9.3125,8.21875,9.125,8.125],"tintindex":0,"rotation":90,"texture":"#17"},"down":{"uv":[9.3125,8.5,9.125,8.59375],"tintindex":0,"rotation":270,"texture":"#17"}}},{"from":[5.75942,12.097617,-11.176754],"to":[5.9707575,12.277055,-10.781994],"faces":{"east":{"uv":[3.25,8.5,3.75,8.71875],"tintindex":0,"rotation":0,"texture":"#20"},"south":{"uv":[5.0,9.5,5.28125,9.71875],"tintindex":0,"rotation":0,"texture":"#20"},"north":{"uv":[9.5,4.0,9.78125,4.21875],"tintindex":0,"rotation":0,"texture":"#20"},"west":{"uv":[8.5,2.75,9.0,2.96875],"tintindex":0,"rotation":0,"texture":"#20"},"up":{"uv":[8.25,3.53125,7.75,3.25],"tintindex":0,"rotation":90,"texture":"#20"},"down":{"uv":[4.25,7.75,3.75,8.03125],"tintindex":0,"rotation":270,"texture":"#20"}},"rotation":{"origin":[6.0385447,11.810525,-10.052631],"angle":-22.5,"axis":"x"}}],"display":{"gui":{"rotation":[30,225,0]}}}