{"textures":{"0":"forest_skills:mobs/dragontreefix1"},"elements":[{"from":[3.5,3.5,8.0],"to":[12.5,12.5,25.0],"faces":{"east":{"uv":[0.0,0.0,2.125,1.125],"tintindex":0,"rotation":0,"texture":"#0"},"south":{"uv":[8.625,3.5625,9.75,4.6875],"tintindex":0,"rotation":0,"texture":"#0"},"north":{"uv":[8.625,1.125,9.75,2.25],"tintindex":0,"rotation":0,"texture":"#0"},"west":{"uv":[0.0,1.125,2.125,2.25],"tintindex":0,"rotation":0,"texture":"#0"},"up":{"uv":[3.25,2.125,2.125,0.0],"tintindex":0,"rotation":0,"texture":"#0"},"down":{"uv":[3.25,2.125,2.125,4.25],"tintindex":0,"rotation":0,"texture":"#0"}}}],"display":{"gui":{"rotation":[30,225,0]}}}