{"textures":{"0":"modelengine:entity/paladin_hammer_fx"},"elements":[{"from":[7.3522997,18.76157,6.1041393],"to":[8.6783,20.121567,6.7841396],"faces":{"east":{"uv":[12.75,3.0,13.0,3.5],"tintindex":0,"rotation":0,"texture":"#0"},"south":{"uv":[12.75,0.0,13.25,0.5],"tintindex":0,"rotation":0,"texture":"#0"},"north":{"uv":[12.75,0.75,13.25,1.25],"tintindex":0,"rotation":0,"texture":"#0"},"west":{"uv":[12.75,3.75,13.0,4.25],"tintindex":0,"rotation":0,"texture":"#0"},"up":{"uv":[5.0,13.25,4.75,12.75],"tintindex":0,"rotation":90,"texture":"#0"},"down":{"uv":[5.5,12.75,5.25,13.25],"tintindex":0,"rotation":270,"texture":"#0"}}},{"from":[6.2983,14.058422,0.0854187],"to":[9.698299,20.858421,4.845419],"faces":{"east":{"uv":[0.0,0.0,1.75,2.5],"tintindex":0,"rotation":0,"texture":"#0"},"south":{"uv":[4.0,0.0,5.25,2.5],"tintindex":0,"rotation":0,"texture":"#0"},"north":{"uv":[4.0,2.75,5.25,5.25],"tintindex":0,"rotation":0,"texture":"#0"},"west":{"uv":[1.75,0.0,0.0,2.5],"tintindex":0,"rotation":0,"texture":"#0"},"up":{"uv":[8.75,1.25,7.0,0.0],"tintindex":0,"rotation":90,"texture":"#0"},"down":{"uv":[8.75,4.75,7.0,6.0],"tintindex":0,"rotation":270,"texture":"#0"}}},{"from":[6.9783,14.046345,6.98],"to":[9.0183,16.086346,9.02],"faces":{"east":{"uv":[1.75,10.75,2.5,11.5],"tintindex":0,"rotation":0,"texture":"#0"},"south":{"uv":[10.75,3.5,11.5,4.25],"tintindex":0,"rotation":0,"texture":"#0"},"north":{"uv":[5.0,10.75,5.75,11.5],"tintindex":0,"rotation":0,"texture":"#0"},"west":{"uv":[10.75,4.5,11.5,5.25],"tintindex":0,"rotation":0,"texture":"#0"},"up":{"uv":[11.5,6.25,10.75,5.5],"tintindex":0,"rotation":90,"texture":"#0"},"down":{"uv":[6.75,10.75,6.0,11.5],"tintindex":0,"rotation":270,"texture":"#0"}},"rotation":{"origin":[7.9983,15.066345,8.0],"angle":-45.0,"axis":"x"}},{"from":[7.3353,15.418423,9.794581],"to":[8.661301,19.498425,11.154581],"faces":{"east":{"uv":[10.5,3.5,10.0,5.0],"tintindex":0,"rotation":0,"texture":"#0"},"south":{"uv":[10.5,8.75,10.0,10.25],"tintindex":0,"rotation":0,"texture":"#0"},"north":{"uv":[10.5,5.25,10.0,6.75],"tintindex":0,"rotation":0,"texture":"#0"},"west":{"uv":[10.0,3.5,10.5,5.0],"tintindex":0,"rotation":0,"texture":"#0"},"up":{"uv":[1.0,13.0,1.5,12.5],"tintindex":0,"rotation":90,"texture":"#0"},"down":{"uv":[12.5,8.75,13.0,9.25],"tintindex":0,"rotation":270,"texture":"#0"}}},{"from":[6.2983,14.058422,11.154581],"to":[9.698299,20.858421,15.914581],"faces":{"east":{"uv":[1.75,0.0,0.0,2.5],"tintindex":0,"rotation":0,"texture":"#0"},"south":{"uv":[5.25,2.75,4.0,5.25],"tintindex":0,"rotation":0,"texture":"#0"},"north":{"uv":[5.25,0.0,4.0,2.5],"tintindex":0,"rotation":0,"texture":"#0"},"west":{"uv":[0.0,0.0,1.75,2.5],"tintindex":0,"rotation":0,"texture":"#0"},"up":{"uv":[7.0,1.25,8.75,0.0],"tintindex":0,"rotation":90,"texture":"#0"},"down":{"uv":[7.0,4.75,8.75,6.0],"tintindex":0,"rotation":270,"texture":"#0"}}},{"from":[6.9783,4.6671734,6.98],"to":[9.0183,6.027176,9.02],"faces":{"east":{"uv":[11.75,9.75,12.5,10.25],"tintindex":0,"rotation":0,"texture":"#0"},"south":{"uv":[9.5,12.25,10.25,12.75],"tintindex":0,"rotation":0,"texture":"#0"},"north":{"uv":[12.25,11.25,13.0,11.75],"tintindex":0,"rotation":0,"texture":"#0"},"west":{"uv":[12.25,10.5,13.0,11.0],"tintindex":0,"rotation":0,"texture":"#0"},"up":{"uv":[11.75,0.75,11.0,0.0],"tintindex":0,"rotation":90,"texture":"#0"},"down":{"uv":[11.75,1.0,11.0,1.75],"tintindex":0,"rotation":270,"texture":"#0"}}},{"from":[7.3183002,16.2752,5.6095724],"to":[8.6783,18.995201,6.2895722],"faces":{"east":{"uv":[7.0,1.5,7.25,2.5],"tintindex":0,"rotation":0,"texture":"#0"},"south":{"uv":[11.75,6.25,12.25,7.25],"tintindex":0,"rotation":0,"texture":"#0"},"north":{"uv":[11.75,7.5,12.25,8.5],"tintindex":0,"rotation":0,"texture":"#0"},"west":{"uv":[5.0,8.0,5.25,9.0],"tintindex":0,"rotation":0,"texture":"#0"},"up":{"uv":[13.0,10.0,12.75,9.5],"tintindex":0,"rotation":90,"texture":"#0"},"down":{"uv":[12.25,12.75,12.0,13.25],"tintindex":0,"rotation":270,"texture":"#0"}},"rotation":{"origin":[7.9983,17.6352,5.9495726],"angle":22.5,"axis":"x"}},{"from":[7.3353,15.418423,4.845419],"to":[8.661301,19.498425,6.2054186],"faces":{"east":{"uv":[10.0,3.5,10.5,5.0],"tintindex":0,"rotation":0,"texture":"#0"},"south":{"uv":[10.0,5.25,10.5,6.75],"tintindex":0,"rotation":0,"texture":"#0"},"north":{"uv":[10.0,8.75,10.5,10.25],"tintindex":0,"rotation":0,"texture":"#0"},"west":{"uv":[10.5,3.5,10.0,5.0],"tintindex":0,"rotation":0,"texture":"#0"},"up":{"uv":[1.5,13.0,1.0,12.5],"tintindex":0,"rotation":90,"texture":"#0"},"down":{"uv":[13.0,8.75,12.5,9.25],"tintindex":0,"rotation":270,"texture":"#0"}}},{"from":[6.9783,11.297176,12.730833],"to":[9.0183,15.377178,14.770832],"faces":{"east":{"uv":[7.75,9.25,7.0,7.75],"tintindex":0,"rotation":0,"texture":"#0"},"south":{"uv":[9.75,1.5,9.0,0.0],"tintindex":0,"rotation":0,"texture":"#0"},"north":{"uv":[8.75,9.25,8.0,7.75],"tintindex":0,"rotation":0,"texture":"#0"},"west":{"uv":[7.0,9.25,7.75,7.75],"tintindex":0,"rotation":0,"texture":"#0"},"up":{"uv":[4.5,11.5,3.75,12.25],"tintindex":0,"rotation":270,"texture":"#0"},"down":{"uv":[3.5,12.25,2.75,11.5],"tintindex":0,"rotation":90,"texture":"#0"}},"rotation":{"origin":[7.9983,13.337177,13.750833],"angle":45.0,"axis":"x"}},{"from":[7.3183002,-0.77282524,7.3199997],"to":[8.6783,14.867176,8.68],"faces":{"east":{"uv":[3.5,5.5,4.0,11.25],"tintindex":0,"rotation":0,"texture":"#0"},"south":{"uv":[4.25,5.5,4.75,11.25],"tintindex":0,"rotation":0,"texture":"#0"},"north":{"uv":[6.25,4.75,6.75,10.5],"tintindex":0,"rotation":0,"texture":"#0"},"west":{"uv":[5.5,4.75,6.0,10.5],"tintindex":0,"rotation":0,"texture":"#0"},"up":{"uv":[3.25,11.25,2.75,10.75],"tintindex":0,"rotation":90,"texture":"#0"},"down":{"uv":[11.0,12.25,10.5,12.75],"tintindex":0,"rotation":270,"texture":"#0"}}},{"from":[7.3183002,16.2752,9.710428],"to":[8.6783,18.995201,10.390428],"faces":{"east":{"uv":[7.25,1.5,7.0,2.5],"tintindex":0,"rotation":0,"texture":"#0"},"south":{"uv":[12.25,7.5,11.75,8.5],"tintindex":0,"rotation":0,"texture":"#0"},"north":{"uv":[12.25,6.25,11.75,7.25],"tintindex":0,"rotation":0,"texture":"#0"},"west":{"uv":[5.25,8.0,5.0,9.0],"tintindex":0,"rotation":0,"texture":"#0"},"up":{"uv":[12.75,10.0,13.0,9.5],"tintindex":0,"rotation":90,"texture":"#0"},"down":{"uv":[12.0,12.75,12.25,13.25],"tintindex":0,"rotation":270,"texture":"#0"}},"rotation":{"origin":[7.9983,17.6352,10.050427],"angle":-22.5,"axis":"x"}},{"from":[6.9783,19.539669,12.73083],"to":[9.0183,23.61967,14.77083],"faces":{"east":{"uv":[7.75,7.75,7.0,9.25],"tintindex":0,"rotation":0,"texture":"#0"},"south":{"uv":[9.75,0.0,9.0,1.5],"tintindex":0,"rotation":0,"texture":"#0"},"north":{"uv":[8.75,7.75,8.0,9.25],"tintindex":0,"rotation":0,"texture":"#0"},"west":{"uv":[7.0,7.75,7.75,9.25],"tintindex":0,"rotation":0,"texture":"#0"},"up":{"uv":[2.75,12.25,3.5,11.5],"tintindex":0,"rotation":90,"texture":"#0"},"down":{"uv":[3.75,11.5,4.5,12.25],"tintindex":0,"rotation":270,"texture":"#0"}},"rotation":{"origin":[7.9983,21.57967,13.75083],"angle":-45.0,"axis":"x"}},{"from":[6.9783,15.248428,9.002914],"to":[9.0183,17.288425,10.362914],"faces":{"east":{"uv":[11.75,8.75,12.25,9.5],"tintindex":0,"rotation":0,"texture":"#0"},"south":{"uv":[10.75,6.5,11.5,7.25],"tintindex":0,"rotation":0,"texture":"#0"},"north":{"uv":[10.75,7.5,11.5,8.25],"tintindex":0,"rotation":0,"texture":"#0"},"west":{"uv":[12.0,0.0,12.5,0.75],"tintindex":0,"rotation":0,"texture":"#0"},"up":{"uv":[12.5,1.75,12.0,1.0],"tintindex":0,"rotation":90,"texture":"#0"},"down":{"uv":[12.5,2.0,12.0,2.75],"tintindex":0,"rotation":270,"texture":"#0"}},"rotation":{"origin":[7.9983,16.268425,9.682915],"angle":45.0,"axis":"x"}},{"from":[6.9783,11.297176,1.2291675],"to":[9.0183,15.377178,3.2691674],"faces":{"east":{"uv":[7.0,9.25,7.75,7.75],"tintindex":0,"rotation":0,"texture":"#0"},"south":{"uv":[8.0,9.25,8.75,7.75],"tintindex":0,"rotation":0,"texture":"#0"},"north":{"uv":[9.0,1.5,9.75,0.0],"tintindex":0,"rotation":0,"texture":"#0"},"west":{"uv":[7.75,9.25,7.0,7.75],"tintindex":0,"rotation":0,"texture":"#0"},"up":{"uv":[3.75,11.5,4.5,12.25],"tintindex":0,"rotation":270,"texture":"#0"},"down":{"uv":[2.75,12.25,3.5,11.5],"tintindex":0,"rotation":90,"texture":"#0"}},"rotation":{"origin":[7.9983,13.337177,2.2491674],"angle":-45.0,"axis":"x"}},{"from":[6.9783,19.539669,1.2291698],"to":[9.0183,23.61967,3.2691698],"faces":{"east":{"uv":[7.0,7.75,7.75,9.25],"tintindex":0,"rotation":0,"texture":"#0"},"south":{"uv":[8.0,7.75,8.75,9.25],"tintindex":0,"rotation":0,"texture":"#0"},"north":{"uv":[9.0,0.0,9.75,1.5],"tintindex":0,"rotation":0,"texture":"#0"},"west":{"uv":[7.75,7.75,7.0,9.25],"tintindex":0,"rotation":0,"texture":"#0"},"up":{"uv":[3.5,12.25,2.75,11.5],"tintindex":0,"rotation":90,"texture":"#0"},"down":{"uv":[4.5,11.5,3.75,12.25],"tintindex":0,"rotation":270,"texture":"#0"}},"rotation":{"origin":[7.9983,21.57967,2.2491698],"angle":45.0,"axis":"x"}},{"from":[7.3522997,18.76157,9.21586],"to":[8.6783,20.121567,9.895861],"faces":{"east":{"uv":[13.0,3.0,12.75,3.5],"tintindex":0,"rotation":0,"texture":"#0"},"south":{"uv":[13.25,0.75,12.75,1.25],"tintindex":0,"rotation":0,"texture":"#0"},"north":{"uv":[13.25,0.0,12.75,0.5],"tintindex":0,"rotation":0,"texture":"#0"},"west":{"uv":[13.0,3.75,12.75,4.25],"tintindex":0,"rotation":0,"texture":"#0"},"up":{"uv":[4.75,13.25,5.0,12.75],"tintindex":0,"rotation":90,"texture":"#0"},"down":{"uv":[5.25,12.75,5.5,13.25],"tintindex":0,"rotation":270,"texture":"#0"}}},{"from":[6.9783,10.787174,6.98],"to":[9.0183,12.147175,9.02],"faces":{"east":{"uv":[11.75,9.75,12.5,10.25],"tintindex":0,"rotation":0,"texture":"#0"},"south":{"uv":[9.5,12.25,10.25,12.75],"tintindex":0,"rotation":0,"texture":"#0"},"north":{"uv":[12.25,11.25,13.0,11.75],"tintindex":0,"rotation":0,"texture":"#0"},"west":{"uv":[12.25,10.5,13.0,11.0],"tintindex":0,"rotation":0,"texture":"#0"},"up":{"uv":[11.75,0.75,11.0,0.0],"tintindex":0,"rotation":90,"texture":"#0"},"down":{"uv":[11.75,1.0,11.0,1.75],"tintindex":0,"rotation":270,"texture":"#0"}}},{"from":[6.9783,15.248428,5.637086],"to":[9.0183,17.288425,6.9970856],"faces":{"east":{"uv":[6.5,12.25,7.0,13.0],"tintindex":0,"rotation":0,"texture":"#0"},"south":{"uv":[10.75,8.5,11.5,9.25],"tintindex":0,"rotation":0,"texture":"#0"},"north":{"uv":[10.75,9.5,11.5,10.25],"tintindex":0,"rotation":0,"texture":"#0"},"west":{"uv":[7.25,12.25,7.75,13.0],"tintindex":0,"rotation":0,"texture":"#0"},"up":{"uv":[8.5,13.0,8.0,12.25],"tintindex":0,"rotation":90,"texture":"#0"},"down":{"uv":[9.25,12.25,8.75,13.0],"tintindex":0,"rotation":270,"texture":"#0"}},"rotation":{"origin":[7.9983,16.268425,6.3170857],"angle":-45.0,"axis":"x"}},{"from":[6.9783,-2.1328259,6.98],"to":[9.0183,-0.77282524,9.02],"faces":{"east":{"uv":[12.25,12.0,13.0,12.5],"tintindex":0,"rotation":0,"texture":"#0"},"south":{"uv":[2.75,12.5,3.5,13.0],"tintindex":0,"rotation":0,"texture":"#0"},"north":{"uv":[12.5,5.0,13.25,5.5],"tintindex":0,"rotation":0,"texture":"#0"},"west":{"uv":[3.75,12.5,4.5,13.0],"tintindex":0,"rotation":0,"texture":"#0"},"up":{"uv":[11.75,2.75,11.0,2.0],"tintindex":0,"rotation":90,"texture":"#0"},"down":{"uv":[7.75,11.25,7.0,12.0],"tintindex":0,"rotation":270,"texture":"#0"}}},{"from":[7.9983,-5.5328255,6.3],"to":[7.9983,-2.1328259,9.7],"faces":{"east":{"uv":[7.5,1.5,8.75,2.75],"tintindex":0,"rotation":0,"texture":"#0"},"west":{"uv":[8.75,1.5,7.5,2.75],"tintindex":0,"rotation":0,"texture":"#0"}}}],"display":{"gui":{"rotation":[30,225,0]}}}