{"textures":{"1":"modelengine:entity/fx_debris"},"elements":[{"from":[7.0,7.5,6.5],"to":[9.0,8.5,9.5],"faces":{"east":{"uv":[6.5,8.0,5.0,8.5],"tintindex":0,"rotation":0,"texture":"#1"},"south":{"uv":[9.5,5.0,8.5,5.5],"tintindex":0,"rotation":0,"texture":"#1"},"north":{"uv":[4.0,9.0,3.0,9.5],"tintindex":0,"rotation":0,"texture":"#1"},"west":{"uv":[8.5,8.0,7.0,8.5],"tintindex":0,"rotation":0,"texture":"#1"},"up":{"uv":[4.0,6.0,3.0,7.5],"tintindex":0,"rotation":0,"texture":"#1"},"down":{"uv":[5.5,7.5,4.5,6.0],"tintindex":0,"rotation":0,"texture":"#1"}}}],"display":{"gui":{"rotation":[30,225,0]}}}