{"textures":{"1":"modelengine:entity/fx_debris"},"elements":[{"from":[7.0,7.5,6.0],"to":[9.0,8.5,10.0],"faces":{"east":{"uv":[9.0,1.0,7.0,1.5],"tintindex":0,"rotation":0,"texture":"#1"},"south":{"uv":[1.0,7.5,0.0,8.0],"tintindex":0,"rotation":0,"texture":"#1"},"north":{"uv":[9.0,7.0,8.0,7.5],"tintindex":0,"rotation":0,"texture":"#1"},"west":{"uv":[9.0,2.0,7.0,2.5],"tintindex":0,"rotation":0,"texture":"#1"},"up":{"uv":[1.0,5.0,0.0,7.0],"tintindex":0,"rotation":0,"texture":"#1"},"down":{"uv":[2.5,8.0,1.5,6.0],"tintindex":0,"rotation":0,"texture":"#1"}}}],"display":{"gui":{"rotation":[30,225,0]}}}