{"textures":{"4":"monk:monk_texture/tengah_e","5":"monk:monk_texture/redhorn_stonethresher","7":"monk:monk_texture/texture","9":"monk:monk_texture/texture1"},"elements":[{"from":[7.2658243,4.266301,6.955763],"to":[8.753604,9.754071,10.276143],"faces":{"east":{"uv":[0.0,0.0,4.0,4.0],"tintindex":0,"rotation":0,"texture":"#5"},"south":{"uv":[0.0,0.0,4.0,4.0],"tintindex":0,"rotation":0,"texture":"#5"},"north":{"uv":[0.0,0.0,4.0,4.0],"tintindex":0,"rotation":0,"texture":"#5"},"west":{"uv":[0.0,0.0,4.0,4.0],"tintindex":0,"rotation":0,"texture":"#5"},"up":{"uv":[0.0,0.0,4.0,4.0],"tintindex":0,"rotation":0,"texture":"#5"},"down":{"uv":[0.0,0.0,4.0,4.0],"tintindex":0,"rotation":0,"texture":"#5"}}},{"from":[7.330664,-2.5922794,6.759213],"to":[8.688765,2.7046213,8.117312],"faces":{"east":{"uv":[0.0,8.0,5.5,13.25],"tintindex":0,"rotation":0,"texture":"#7"},"south":{"uv":[0.0,0.0,5.5,5.25],"tintindex":0,"rotation":0,"texture":"#7"},"north":{"uv":[0.0,0.0,5.5,5.25],"tintindex":0,"rotation":0,"texture":"#7"},"west":{"uv":[0.0,8.0,5.5,13.25],"tintindex":0,"rotation":0,"texture":"#7"},"up":{"uv":[16.0,5.25,10.5,0.0],"tintindex":0,"rotation":0,"texture":"#7"},"down":{"uv":[16.0,0.0,10.5,5.25],"tintindex":0,"rotation":0,"texture":"#7"}}},{"from":[7.9417143,4.9463015,4.915763],"to":[7.9417143,31.599722,11.636143],"faces":{"east":{"uv":[9.0625,3.75,5.625,14.25],"tintindex":0,"rotation":0,"texture":"#9"},"south":{"uv":[0.0,0.0,4.0,4.0],"tintindex":0,"rotation":0,"texture":"#9"},"north":{"uv":[0.0,0.0,4.0,4.0],"tintindex":0,"rotation":0,"texture":"#9"},"west":{"uv":[5.5625,3.625,9.0625,14.25],"tintindex":0,"rotation":0,"texture":"#9"},"up":{"uv":[0.0,0.0,4.0,4.0],"tintindex":0,"rotation":0,"texture":"#9"},"down":{"uv":[0.0,0.0,4.0,4.0],"tintindex":0,"rotation":0,"texture":"#9"}}},{"from":[7.250644,0.122961044,6.680143],"to":[8.7687845,7.641101,8.198283],"faces":{"east":{"uv":[0.0,0.0,4.0,4.0],"tintindex":0,"rotation":0,"texture":"#5"},"south":{"uv":[0.0,0.0,4.0,4.0],"tintindex":0,"rotation":0,"texture":"#5"},"north":{"uv":[0.0,0.0,4.0,4.0],"tintindex":0,"rotation":0,"texture":"#5"},"west":{"uv":[0.0,0.0,4.0,4.0],"tintindex":0,"rotation":0,"texture":"#5"},"up":{"uv":[0.0,0.0,4.0,4.0],"tintindex":0,"rotation":0,"texture":"#5"},"down":{"uv":[0.0,0.0,4.0,4.0],"tintindex":0,"rotation":0,"texture":"#5"}}},{"from":[7.250644,2.8769608,6.1701427],"to":[8.7687845,8.395101,9.558283],"faces":{"east":{"uv":[0.0,0.0,4.0,4.0],"tintindex":0,"rotation":0,"texture":"#5"},"south":{"uv":[0.0,0.0,4.0,4.0],"tintindex":0,"rotation":0,"texture":"#5"},"north":{"uv":[0.0,0.0,4.0,4.0],"tintindex":0,"rotation":0,"texture":"#5"},"west":{"uv":[0.0,0.0,4.0,4.0],"tintindex":0,"rotation":0,"texture":"#5"},"up":{"uv":[0.0,0.0,4.0,4.0],"tintindex":0,"rotation":0,"texture":"#5"},"down":{"uv":[0.0,0.0,4.0,4.0],"tintindex":0,"rotation":0,"texture":"#5"}}},{"from":[7.366434,-1.4702787,6.795933],"to":[8.652994,4.190281,8.082493],"faces":{"east":{"uv":[3.0,0.125,6.0,3.0],"tintindex":0,"rotation":0,"texture":"#4"},"south":{"uv":[6.0,0.0,9.0,2.875],"tintindex":0,"rotation":0,"texture":"#4"},"north":{"uv":[6.0,0.0,9.0,2.875],"tintindex":0,"rotation":0,"texture":"#4"},"west":{"uv":[3.0,0.125,6.0,3.0],"tintindex":0,"rotation":0,"texture":"#4"},"up":{"uv":[4.25,0.375,4.75,0.875],"tintindex":0,"rotation":0,"texture":"#4"},"down":{"uv":[0.0,0.0,4.0,4.0],"tintindex":0,"rotation":0,"texture":"#4"}}},{"from":[7.250644,3.624961,10.658143],"to":[8.7687845,9.517101,12.176283],"faces":{"east":{"uv":[0.0,0.0,4.0,4.0],"tintindex":0,"rotation":0,"texture":"#5"},"south":{"uv":[0.0,0.0,4.0,4.0],"tintindex":0,"rotation":0,"texture":"#5"},"north":{"uv":[0.0,0.0,4.0,4.0],"tintindex":0,"rotation":0,"texture":"#5"},"west":{"uv":[0.0,0.0,4.0,4.0],"tintindex":0,"rotation":0,"texture":"#5"},"up":{"uv":[0.0,0.0,4.0,4.0],"tintindex":0,"rotation":0,"texture":"#5"},"down":{"uv":[0.0,0.0,4.0,4.0],"tintindex":0,"rotation":0,"texture":"#5"}},"rotation":{"origin":[8.009714,1.9177208,12.154142],"angle":-22.5,"axis":"x"}}],"display":{"gui":{"rotation":[30,225,0]}}}