{"textures":{"8":"modelengine:entity/animasiteks","9":"modelengine:entity/texture"},"elements":[{"from":[10.05,-1.0,7.5],"to":[10.05,23.0,11.5],"faces":{"east":{"uv":[0.0,0.0,2.0,12.0],"tintindex":0,"rotation":0,"texture":"#9"},"west":{"uv":[2.0,0.0,0.0,12.0],"tintindex":0,"rotation":0,"texture":"#9"}}},{"from":[10.15,8.0,8.5],"to":[10.15,14.0,11.0],"faces":{"east":{"uv":[0.0,0.0,5.0,12.0],"tintindex":0,"rotation":0,"texture":"#8"},"west":{"uv":[5.0,0.0,10.0,12.0],"tintindex":0,"rotation":0,"texture":"#8"}}}],"display":{"gui":{"rotation":[30,225,0]}}}