{"textures":{"6":"modelengine:entity/aurahytam"},"elements":[{"from":[5.5,18.5,6.0],"to":[5.5,23.0,9.0],"faces":{"east":{"uv":[3.0,0.0,1.5,2.25],"tintindex":0,"rotation":0,"texture":"#6"},"west":{"uv":[1.5,0.0,3.0,2.25],"tintindex":0,"rotation":0,"texture":"#6"}}},{"from":[4.5,12.0,9.0],"to":[7.5,15.0,9.0],"faces":{"south":{"uv":[0.0,6.75,1.5,8.25],"tintindex":0,"rotation":0,"texture":"#6"},"north":{"uv":[1.5,6.75,0.0,8.25],"tintindex":0,"rotation":0,"texture":"#6"}},"rotation":{"origin":[5.5,11.5,10.0],"angle":-45.0,"axis":"y"}},{"from":[9.0,24.0,6.0],"to":[9.0,26.5,9.0],"faces":{"east":{"uv":[9.0,4.75,7.5,6.0],"tintindex":0,"rotation":0,"texture":"#6"},"west":{"uv":[7.5,4.75,9.0,6.0],"tintindex":0,"rotation":0,"texture":"#6"}}},{"from":[9.0,10.5,6.0],"to":[9.0,14.5,9.0],"faces":{"east":{"uv":[3.0,4.5,4.5,6.5],"tintindex":0,"rotation":0,"texture":"#6"},"west":{"uv":[4.5,4.5,3.0,6.5],"tintindex":0,"rotation":0,"texture":"#6"}}},{"from":[6.0,13.0,4.5],"to":[9.0,16.5,4.5],"faces":{"south":{"uv":[6.0,6.25,4.5,8.0],"tintindex":0,"rotation":0,"texture":"#6"},"north":{"uv":[4.5,6.25,6.0,8.0],"tintindex":0,"rotation":0,"texture":"#6"}},"rotation":{"origin":[7.0,13.5,5.5],"angle":-45.0,"axis":"y"}},{"from":[5.5,14.0,6.0],"to":[5.5,17.5,9.0],"faces":{"east":{"uv":[7.5,1.75,6.0,3.5],"tintindex":0,"rotation":0,"texture":"#6"},"west":{"uv":[6.0,1.75,7.5,3.5],"tintindex":0,"rotation":0,"texture":"#6"}}},{"from":[7.0,16.0,3.5],"to":[7.0,20.5,6.5],"faces":{"east":{"uv":[4.5,2.25,3.0,4.5],"tintindex":0,"rotation":0,"texture":"#6"},"west":{"uv":[3.0,2.25,4.5,4.5],"tintindex":0,"rotation":0,"texture":"#6"}},"rotation":{"origin":[6.0,16.5,4.5],"angle":-45.0,"axis":"y"}},{"from":[6.0,16.5,4.5],"to":[9.0,21.0,4.5],"faces":{"south":{"uv":[1.5,2.25,0.0,4.5],"tintindex":0,"rotation":0,"texture":"#6"},"north":{"uv":[0.0,2.25,1.5,4.5],"tintindex":0,"rotation":0,"texture":"#6"}},"rotation":{"origin":[7.0,17.0,5.5],"angle":-45.0,"axis":"y"}},{"from":[5.5,24.5,6.0],"to":[5.5,26.5,9.0],"faces":{"east":{"uv":[9.0,5.0,7.5,6.0],"tintindex":0,"rotation":0,"texture":"#6"},"west":{"uv":[7.5,5.0,9.0,6.0],"tintindex":0,"rotation":0,"texture":"#6"}}},{"from":[9.0,11.5,7.5],"to":[9.0,13.5,10.5],"faces":{"east":{"uv":[3.0,8.0,4.5,9.0],"tintindex":0,"rotation":0,"texture":"#6"},"west":{"uv":[4.5,8.0,3.0,9.0],"tintindex":0,"rotation":0,"texture":"#6"}},"rotation":{"origin":[8.0,9.5,8.5],"angle":-45.0,"axis":"y"}},{"from":[9.0,18.0,6.0],"to":[9.0,22.0,9.0],"faces":{"east":{"uv":[1.5,4.5,3.0,6.5],"tintindex":0,"rotation":0,"texture":"#6"},"west":{"uv":[3.0,4.5,1.5,6.5],"tintindex":0,"rotation":0,"texture":"#6"}}},{"from":[4.5,22.0,9.0],"to":[7.5,25.5,9.0],"faces":{"south":{"uv":[6.0,5.25,7.5,7.0],"tintindex":0,"rotation":0,"texture":"#6"},"north":{"uv":[7.5,5.25,6.0,7.0],"tintindex":0,"rotation":0,"texture":"#6"}},"rotation":{"origin":[5.5,22.5,10.0],"angle":-45.0,"axis":"y"}},{"from":[4.5,8.0,9.0],"to":[7.5,10.0,9.0],"faces":{"south":{"uv":[7.5,7.0,9.0,8.0],"tintindex":0,"rotation":0,"texture":"#6"},"north":{"uv":[9.0,7.0,7.5,8.0],"tintindex":0,"rotation":0,"texture":"#6"}},"rotation":{"origin":[5.5,6.5,10.0],"angle":-45.0,"axis":"y"}},{"from":[9.0,8.5,7.5],"to":[9.0,11.5,10.5],"faces":{"east":{"uv":[6.0,7.0,7.5,8.5],"tintindex":0,"rotation":0,"texture":"#6"},"west":{"uv":[7.5,7.0,6.0,8.5],"tintindex":0,"rotation":0,"texture":"#6"}},"rotation":{"origin":[8.0,8.0,8.5],"angle":-45.0,"axis":"y"}},{"from":[9.0,20.5,8.0],"to":[9.0,25.0,10.5],"faces":{"east":{"uv":[0.0,4.5,1.5,6.75],"tintindex":0,"rotation":0,"texture":"#6"},"west":{"uv":[1.5,4.5,0.0,6.71875],"tintindex":0,"rotation":0,"texture":"#6"}},"rotation":{"origin":[8.0,21.0,8.5],"angle":-45.0,"axis":"y"}}],"display":{"gui":{"rotation":[30,225,0]}}}