{"textures":{"6":"monk:monk_texture/mata","8":"monk:monk_texture/niga"},"elements":[{"from":[7.813,-9.878109,7.59702],"to":[8.31136,-5.50504,8.96492],"faces":{"east":{"uv":[3.25,1.5,4.0,4.25],"tintindex":0,"rotation":270,"texture":"#6"},"south":{"uv":[3.25,1.5,4.0,1.75],"tintindex":0,"rotation":270,"texture":"#6"},"north":{"uv":[3.25,4.0,4.0,4.25],"tintindex":0,"rotation":270,"texture":"#6"},"west":{"uv":[4.0,1.5,3.25,4.25],"tintindex":0,"rotation":90,"texture":"#6"},"up":{"uv":[3.75,1.5,4.0,4.25],"tintindex":0,"rotation":180,"texture":"#6"},"down":{"uv":[3.25,1.5,3.5,4.25],"tintindex":0,"rotation":0,"texture":"#6"}}},{"from":[7.813,-9.505039,7.72137],"to":[8.31136,-5.3806896,8.84057],"faces":{"east":{"uv":[4.0,1.75,4.25,4.0],"tintindex":0,"rotation":270,"texture":"#6"},"south":{"uv":[4.0,1.75,4.25,2.0],"tintindex":0,"rotation":270,"texture":"#6"},"north":{"uv":[4.0,3.75,4.25,4.0],"tintindex":0,"rotation":270,"texture":"#6"},"west":{"uv":[4.25,1.75,4.0,4.0],"tintindex":0,"rotation":90,"texture":"#6"},"up":{"uv":[4.0,1.75,4.25,4.0],"tintindex":0,"rotation":180,"texture":"#6"},"down":{"uv":[4.0,1.75,4.25,4.0],"tintindex":0,"rotation":0,"texture":"#6"}}},{"from":[8.0,-10.0,8.0],"to":[8.0,-1.0,10.5],"faces":{"east":{"uv":[8.0,10.0,5.25,16.0],"tintindex":0,"rotation":0,"texture":"#8"},"west":{"uv":[5.25,10.0,8.0,16.0],"tintindex":0,"rotation":0,"texture":"#8"}}},{"from":[5.0,8.0,6.0],"to":[5.0,17.0,10.5],"faces":{"east":{"uv":[0.0,10.0,8.0,0.0],"tintindex":0,"rotation":0,"texture":"#8"},"west":{"uv":[8.0,10.0,0.0,0.0],"tintindex":0,"rotation":0,"texture":"#8"}},"rotation":{"origin":[3.0,12.0,6.0],"angle":22.5,"axis":"x"}},{"from":[7.813,-10.87294,7.59702],"to":[8.31136,-6.6242294,8.96492],"faces":{"east":{"uv":[1.25,1.5,1.75,4.25],"tintindex":0,"rotation":270,"texture":"#6"},"south":{"uv":[1.25,1.5,1.75,1.75],"tintindex":0,"rotation":270,"texture":"#6"},"north":{"uv":[1.25,4.0,1.75,4.25],"tintindex":0,"rotation":270,"texture":"#6"},"west":{"uv":[1.75,1.5,1.25,4.25],"tintindex":0,"rotation":90,"texture":"#6"},"up":{"uv":[1.5,1.5,1.75,4.25],"tintindex":0,"rotation":180,"texture":"#6"},"down":{"uv":[1.25,1.5,1.5,4.25],"tintindex":0,"rotation":0,"texture":"#6"}}},{"from":[7.813,-11.24601,7.84573],"to":[8.31136,-7.1216507,8.71621],"faces":{"east":{"uv":[0.5,2.0,0.75,3.75],"tintindex":0,"rotation":270,"texture":"#6"},"south":{"uv":[0.5,2.0,0.75,2.25],"tintindex":0,"rotation":270,"texture":"#6"},"north":{"uv":[0.5,3.5,0.75,3.75],"tintindex":0,"rotation":270,"texture":"#6"},"west":{"uv":[0.75,2.0,0.5,3.75],"tintindex":0,"rotation":90,"texture":"#6"},"up":{"uv":[0.5,2.0,0.75,3.75],"tintindex":0,"rotation":180,"texture":"#6"},"down":{"uv":[0.5,2.0,0.75,3.75],"tintindex":0,"rotation":0,"texture":"#6"}}},{"from":[8.0,-10.0,6.0],"to":[8.0,-1.0,8.0],"faces":{"east":{"uv":[5.25,10.0,8.0,16.0],"tintindex":0,"rotation":0,"texture":"#8"},"west":{"uv":[8.0,10.0,5.25,16.0],"tintindex":0,"rotation":0,"texture":"#8"}}},{"from":[6.0,0.0,6.5],"to":[6.0,9.0,11.0],"faces":{"east":{"uv":[8.0,0.0,0.0,10.0],"tintindex":0,"rotation":0,"texture":"#8"},"west":{"uv":[0.0,0.0,8.0,10.0],"tintindex":0,"rotation":0,"texture":"#8"}}},{"from":[7.813,-11.121651,7.72137],"to":[8.31136,-6.87294,8.84057],"faces":{"east":{"uv":[0.75,1.75,1.25,4.0],"tintindex":0,"rotation":270,"texture":"#6"},"south":{"uv":[0.75,1.75,1.25,2.0],"tintindex":0,"rotation":270,"texture":"#6"},"north":{"uv":[0.75,3.75,1.25,4.0],"tintindex":0,"rotation":270,"texture":"#6"},"west":{"uv":[1.25,1.75,0.75,4.0],"tintindex":0,"rotation":90,"texture":"#6"},"up":{"uv":[1.0,1.75,1.25,4.0],"tintindex":0,"rotation":180,"texture":"#6"},"down":{"uv":[0.75,1.75,1.0,4.0],"tintindex":0,"rotation":0,"texture":"#6"}}},{"from":[7.813,-11.370359,7.97008],"to":[8.31136,-7.24601,8.59186],"faces":{"east":{"uv":[0.25,2.25,0.5,3.5],"tintindex":0,"rotation":270,"texture":"#6"},"south":{"uv":[0.25,2.25,0.5,2.5],"tintindex":0,"rotation":270,"texture":"#6"},"north":{"uv":[0.25,3.25,0.5,3.5],"tintindex":0,"rotation":270,"texture":"#6"},"west":{"uv":[0.5,2.25,0.25,3.5],"tintindex":0,"rotation":90,"texture":"#6"},"up":{"uv":[0.25,2.25,0.5,3.5],"tintindex":0,"rotation":180,"texture":"#6"},"down":{"uv":[0.25,2.25,0.5,3.5],"tintindex":0,"rotation":0,"texture":"#6"}}},{"from":[10.5,2.0,9.0],"to":[10.5,11.0,13.0],"faces":{"east":{"uv":[8.0,0.0,16.0,10.0],"tintindex":0,"rotation":0,"texture":"#8"},"west":{"uv":[16.0,0.0,8.0,10.0],"tintindex":0,"rotation":0,"texture":"#8"},"up":{"uv":[8.0,0.0,16.0,10.0],"tintindex":0,"rotation":0,"texture":"#8"}},"rotation":{"origin":[9.0,6.0,9.0],"angle":-45.0,"axis":"y"}},{"from":[5.0,5.0,14.0],"to":[9.0,14.0,14.0],"faces":{"south":{"uv":[8.0,0.0,16.0,10.0],"tintindex":0,"rotation":0,"texture":"#8"},"north":{"uv":[16.0,0.0,8.0,10.0],"tintindex":0,"rotation":0,"texture":"#8"}},"rotation":{"origin":[9.0,9.0,12.0],"angle":-45.0,"axis":"y"}},{"from":[7.0,5.0,3.0],"to":[11.0,14.0,3.0],"faces":{"south":{"uv":[16.0,0.0,8.0,10.0],"tintindex":0,"rotation":0,"texture":"#8"},"north":{"uv":[8.0,0.0,16.0,10.0],"tintindex":0,"rotation":0,"texture":"#8"}},"rotation":{"origin":[7.0,9.0,5.0],"angle":-45.0,"axis":"y"}},{"from":[7.813,-9.38069,7.97008],"to":[8.31136,-5.2563305,8.59186],"faces":{"east":{"uv":[4.25,2.25,4.5,3.5],"tintindex":0,"rotation":270,"texture":"#6"},"south":{"uv":[4.25,2.25,4.5,2.5],"tintindex":0,"rotation":270,"texture":"#6"},"north":{"uv":[4.25,3.25,4.5,3.5],"tintindex":0,"rotation":270,"texture":"#6"},"west":{"uv":[4.5,2.25,4.25,3.5],"tintindex":0,"rotation":90,"texture":"#6"},"up":{"uv":[4.25,2.25,4.5,3.5],"tintindex":0,"rotation":180,"texture":"#6"},"down":{"uv":[4.25,2.25,4.5,3.5],"tintindex":0,"rotation":0,"texture":"#6"}}},{"from":[10.0,0.0,6.0],"to":[10.0,9.0,10.5],"faces":{"east":{"uv":[0.0,0.0,8.0,10.0],"tintindex":0,"rotation":0,"texture":"#8"},"west":{"uv":[8.0,0.0,0.0,10.0],"tintindex":0,"rotation":0,"texture":"#8"}}},{"from":[7.813,-10.624229,7.47266],"to":[8.31136,-5.87811,9.08928],"faces":{"east":{"uv":[1.75,1.25,3.25,4.5],"tintindex":0,"rotation":270,"texture":"#6"},"south":{"uv":[1.75,1.25,3.25,1.5],"tintindex":0,"rotation":270,"texture":"#6"},"north":{"uv":[1.75,4.25,3.25,4.5],"tintindex":0,"rotation":270,"texture":"#6"},"west":{"uv":[3.25,1.25,1.75,4.5],"tintindex":0,"rotation":90,"texture":"#6"},"up":{"uv":[3.0,1.25,3.25,4.5],"tintindex":0,"rotation":180,"texture":"#6"},"down":{"uv":[1.75,1.25,2.0,4.5],"tintindex":0,"rotation":0,"texture":"#6"}}},{"from":[7.813,-11.49472,8.09444],"to":[8.31136,-7.3703594,8.4675],"faces":{"east":{"uv":[0.0,2.5,0.25,3.25],"tintindex":0,"rotation":270,"texture":"#6"},"south":{"uv":[0.0,2.5,0.25,2.75],"tintindex":0,"rotation":270,"texture":"#6"},"north":{"uv":[0.0,3.0,0.25,3.25],"tintindex":0,"rotation":270,"texture":"#6"},"west":{"uv":[0.25,2.5,0.0,3.25],"tintindex":0,"rotation":90,"texture":"#6"},"up":{"uv":[0.0,2.5,0.25,3.25],"tintindex":0,"rotation":180,"texture":"#6"},"down":{"uv":[0.0,2.5,0.25,3.25],"tintindex":0,"rotation":0,"texture":"#6"}}},{"from":[5.5,2.0,4.0],"to":[5.5,11.0,8.0],"faces":{"east":{"uv":[8.0,0.0,16.0,10.0],"tintindex":0,"rotation":0,"texture":"#8"},"west":{"uv":[8.0,0.0,16.0,10.0],"tintindex":0,"rotation":0,"texture":"#8"}},"rotation":{"origin":[7.0,6.0,8.0],"angle":-45.0,"axis":"y"}},{"from":[11.0,6.0,7.0],"to":[11.0,15.0,11.5],"faces":{"east":{"uv":[8.0,10.0,0.0,0.0],"tintindex":0,"rotation":0,"texture":"#8"},"west":{"uv":[0.0,10.0,8.0,0.0],"tintindex":0,"rotation":0,"texture":"#8"}},"rotation":{"origin":[9.0,10.0,7.0],"angle":-22.5,"axis":"x"}}],"display":{"gui":{"rotation":[30,225,0]}}}