{"textures":{"2":"modelengine:entity/ps_ec_soul_demonic_vfx_3"},"elements":[{"from":[9.0,7.0,12.5],"to":[11.0,9.0,18.5],"faces":{"east":{"uv":[6.0,6.0,9.0,7.0],"tintindex":0,"rotation":0,"texture":"#2"},"south":{"uv":[3.0,13.5,4.0,14.5],"tintindex":0,"rotation":0,"texture":"#2"},"north":{"uv":[13.5,2.0,14.5,3.0],"tintindex":0,"rotation":0,"texture":"#2"},"west":{"uv":[0.0,7.0,3.0,8.0],"tintindex":0,"rotation":0,"texture":"#2"},"up":{"uv":[4.0,10.0,3.0,7.0],"tintindex":0,"rotation":0,"texture":"#2"},"down":{"uv":[7.0,7.0,6.0,10.0],"tintindex":0,"rotation":0,"texture":"#2"}}},{"from":[5.0,7.0,12.5],"to":[7.0,9.0,18.5],"faces":{"east":{"uv":[4.0,4.0,7.0,5.0],"tintindex":0,"rotation":0,"texture":"#2"},"south":{"uv":[2.0,13.5,3.0,14.5],"tintindex":0,"rotation":0,"texture":"#2"},"north":{"uv":[1.0,13.5,2.0,14.5],"tintindex":0,"rotation":0,"texture":"#2"},"west":{"uv":[4.0,5.0,7.0,6.0],"tintindex":0,"rotation":0,"texture":"#2"},"up":{"uv":[5.0,9.0,4.0,6.0],"tintindex":0,"rotation":0,"texture":"#2"},"down":{"uv":[6.0,6.0,5.0,9.0],"tintindex":0,"rotation":0,"texture":"#2"}}}],"display":{"gui":{"rotation":[30,225,0]}}}