{"textures":{"2":"modelengine:entity/ps_ec_soul_demonic_vfx_3"},"elements":[{"from":[7.5,7.5,7.5],"to":[8.5,8.5,9.5],"faces":{"east":{"uv":[13.5,10.5,14.5,11.0],"tintindex":0,"rotation":0,"texture":"#2"},"south":{"uv":[14.0,11.0,14.5,11.5],"tintindex":0,"rotation":0,"texture":"#2"},"north":{"uv":[10.5,14.0,11.0,14.5],"tintindex":0,"rotation":0,"texture":"#2"},"west":{"uv":[12.0,13.5,13.0,14.0],"tintindex":0,"rotation":0,"texture":"#2"},"up":{"uv":[14.5,1.0,14.0,0.0],"tintindex":0,"rotation":0,"texture":"#2"},"down":{"uv":[14.5,1.0,14.0,2.0],"tintindex":0,"rotation":0,"texture":"#2"}}},{"from":[7.0,7.0,9.5],"to":[9.0,9.0,13.5],"faces":{"east":{"uv":[9.5,0.0,11.5,1.0],"tintindex":0,"rotation":0,"texture":"#2"},"south":{"uv":[7.0,13.0,8.0,14.0],"tintindex":0,"rotation":0,"texture":"#2"},"north":{"uv":[13.0,6.5,14.0,7.5],"tintindex":0,"rotation":0,"texture":"#2"},"west":{"uv":[2.0,10.0,4.0,11.0],"tintindex":0,"rotation":0,"texture":"#2"},"up":{"uv":[11.0,5.0,10.0,3.0],"tintindex":0,"rotation":0,"texture":"#2"},"down":{"uv":[6.5,10.0,5.5,12.0],"tintindex":0,"rotation":0,"texture":"#2"}}},{"from":[8.0,7.0,13.5],"to":[8.0,10.0,16.5],"faces":{"east":{"uv":[7.5,2.0,9.0,3.5],"tintindex":0,"rotation":0,"texture":"#2"},"west":{"uv":[0.0,8.0,1.5,9.5],"tintindex":0,"rotation":0,"texture":"#2"}},"rotation":{"origin":[8.0,7.0,13.5],"angle":-22.5,"axis":"x"}}],"display":{"gui":{"rotation":[30,225,0]}}}