{"textures":{"2":"modelengine:entity/ps_ec_soul_demonic_vfx_3"},"elements":[{"from":[9.5,7.0,7.0],"to":[11.5,9.0,9.0],"faces":{"east":{"uv":[9.5,13.0,10.5,14.0],"tintindex":0,"rotation":0,"texture":"#2"},"south":{"uv":[13.0,11.0,14.0,12.0],"tintindex":0,"rotation":0,"texture":"#2"},"north":{"uv":[13.0,9.0,14.0,10.0],"tintindex":0,"rotation":0,"texture":"#2"},"west":{"uv":[13.0,12.0,14.0,13.0],"tintindex":0,"rotation":0,"texture":"#2"},"up":{"uv":[14.0,14.0,13.0,13.0],"tintindex":0,"rotation":0,"texture":"#2"},"down":{"uv":[1.0,13.5,0.0,14.5],"tintindex":0,"rotation":0,"texture":"#2"}}},{"from":[7.5,7.5,7.5],"to":[9.5,8.5,8.5],"faces":{"east":{"uv":[14.0,12.5,14.5,13.0],"tintindex":0,"rotation":0,"texture":"#2"},"south":{"uv":[14.0,7.0,15.0,7.5],"tintindex":0,"rotation":0,"texture":"#2"},"north":{"uv":[14.0,6.5,15.0,7.0],"tintindex":0,"rotation":0,"texture":"#2"},"west":{"uv":[13.0,14.0,13.5,14.5],"tintindex":0,"rotation":0,"texture":"#2"},"up":{"uv":[8.5,14.5,7.5,14.0],"tintindex":0,"rotation":0,"texture":"#2"},"down":{"uv":[15.0,9.0,14.0,9.5],"tintindex":0,"rotation":0,"texture":"#2"}}},{"from":[11.5,7.0,8.0],"to":[14.5,10.0,8.0],"faces":{"south":{"uv":[8.5,8.5,10.0,10.0],"tintindex":0,"rotation":0,"texture":"#2"},"north":{"uv":[8.5,7.0,10.0,8.5],"tintindex":0,"rotation":0,"texture":"#2"}},"rotation":{"origin":[11.5,7.0,8.0],"angle":22.5,"axis":"z"}}],"display":{"gui":{"rotation":[30,225,0]}}}