{"textures":{"2":"modelengine:entity/ps_ec_soul_demonic_vfx_3"},"elements":[{"from":[6.0,7.5,7.75],"to":[10.0,8.5,9.75],"faces":{"east":{"uv":[9.5,14.0,10.5,14.5],"tintindex":0,"rotation":0,"texture":"#2"},"south":{"uv":[13.0,7.5,15.0,8.0],"tintindex":0,"rotation":0,"texture":"#2"},"north":{"uv":[13.0,5.0,15.0,5.5],"tintindex":0,"rotation":0,"texture":"#2"},"west":{"uv":[14.0,9.5,15.0,10.0],"tintindex":0,"rotation":0,"texture":"#2"},"up":{"uv":[8.5,11.0,6.5,10.0],"tintindex":0,"rotation":0,"texture":"#2"},"down":{"uv":[12.0,7.0,10.0,8.0],"tintindex":0,"rotation":0,"texture":"#2"}}},{"from":[11.415512,7.01,9.8662615],"to":[14.415512,8.99,12.866262],"faces":{"east":{"uv":[0.0,11.5,1.5,12.5],"tintindex":0,"rotation":0,"texture":"#2"},"south":{"uv":[11.5,0.0,13.0,1.0],"tintindex":0,"rotation":0,"texture":"#2"},"north":{"uv":[11.0,10.5,12.5,11.5],"tintindex":0,"rotation":0,"texture":"#2"},"west":{"uv":[11.5,1.0,13.0,2.0],"tintindex":0,"rotation":0,"texture":"#2"},"up":{"uv":[10.5,3.0,9.0,1.5],"tintindex":0,"rotation":0,"texture":"#2"},"down":{"uv":[5.5,9.0,4.0,10.5],"tintindex":0,"rotation":0,"texture":"#2"}},"rotation":{"origin":[12.415512,8.0,13.366262],"angle":22.5,"axis":"y"}},{"from":[4.0,7.0,9.75],"to":[12.0,9.0,16.75],"faces":{"east":{"uv":[4.0,2.0,7.5,3.0],"tintindex":0,"rotation":0,"texture":"#2"},"south":{"uv":[4.0,1.0,8.0,2.0],"tintindex":0,"rotation":0,"texture":"#2"},"north":{"uv":[4.0,0.0,8.0,1.0],"tintindex":0,"rotation":0,"texture":"#2"},"west":{"uv":[4.0,3.0,7.5,4.0],"tintindex":0,"rotation":0,"texture":"#2"},"up":{"uv":[4.0,3.5,0.0,0.0],"tintindex":0,"rotation":0,"texture":"#2"},"down":{"uv":[4.0,3.5,0.0,7.0],"tintindex":0,"rotation":0,"texture":"#2"}}}],"display":{"gui":{"rotation":[30,225,0]}}}