{"textures":{"0":"modelengine:entity/dawnbringer_angel"},"elements":[{"from":[6.5,5.5,6.75],"to":[9.5,8.5,8.75],"faces":{"east":{"uv":[1.5,5.25,1.0,6.0],"tintindex":0,"rotation":0,"texture":"#0"},"south":{"uv":[0.75,5.25,0.0,6.0],"tintindex":0,"rotation":0,"texture":"#0"},"north":{"uv":[5.75,5.0,5.0,5.75],"tintindex":0,"rotation":0,"texture":"#0"},"west":{"uv":[5.75,0.0,5.25,0.75],"tintindex":0,"rotation":0,"texture":"#0"},"up":{"uv":[5.25,1.5,6.0,1.0],"tintindex":0,"rotation":0,"texture":"#0"},"down":{"uv":[1.75,5.25,2.5,5.75],"tintindex":0,"rotation":0,"texture":"#0"}}}],"display":{"gui":{"rotation":[30,225,0]}}}