{"textures":{"0":"modelengine:entity/dawnbringer_angel"},"elements":[{"from":[7.901023,5.7040863,7.0],"to":[8.901023,7.7040863,9.0],"faces":{"east":{"uv":[1.75,6.0,2.25,6.5],"tintindex":0,"rotation":0,"texture":"#0"},"south":{"uv":[1.0,6.25,1.25,6.75],"tintindex":0,"rotation":0,"texture":"#0"},"north":{"uv":[6.25,0.75,6.5,1.25],"tintindex":0,"rotation":0,"texture":"#0"},"west":{"uv":[6.0,1.75,6.5,2.25],"tintindex":0,"rotation":0,"texture":"#0"},"up":{"uv":[6.5,3.75,6.25,3.25],"tintindex":0,"rotation":0,"texture":"#0"},"down":{"uv":[6.5,4.0,6.25,4.5],"tintindex":0,"rotation":0,"texture":"#0"}},"rotation":{"origin":[9.422763,8.7391815,9.485758],"angle":-22.5,"axis":"z"}}],"display":{"gui":{"rotation":[30,225,0]}}}