{"sources":[{"source":"entity","prefix":"entity/","type":"directory"},{"resource":"forest_skills:mobs/dragontreefix1","sprite":"forest_skills:mobs/dragontreefix1","type":"single"},{"resource":"honor:honor_texture/garagang","sprite":"honor:honor_texture/garagang","type":"single"},{"resource":"honor:honor_texture/garagang_e","sprite":"honor:honor_texture/garagang_e","type":"single"},{"resource":"diligence:diligence_texture/main","sprite":"diligence:diligence_texture/main","type":"single"},{"resource":"diligence:diligence_texture/wings","sprite":"diligence:diligence_texture/wings","type":"single"},{"resource":"diligence:diligence_texture/electric_ring","sprite":"diligence:diligence_texture/electric_ring","type":"single"},{"resource":"diligence:diligence_texture/electric_handle","sprite":"diligence:diligence_texture/electric_handle","type":"single"},{"resource":"diligence:diligence_texture/electric_ring_e","sprite":"diligence:diligence_texture/electric_ring_e","type":"single"},{"resource":"diligence:diligence_texture/electric_handle_e","sprite":"diligence:diligence_texture/electric_handle_e","type":"single"},{"resource":"diligence:diligence_texture/handle","sprite":"diligence:diligence_texture/handle","type":"single"},{"resource":"michael:michael_texture/animat1","sprite":"michael:michael_texture/animat1","type":"single"},{"resource":"michael:michael_texture/animat1_e","sprite":"michael:michael_texture/animat1_e","type":"single"},{"resource":"michael:michael_texture/gloves","sprite":"michael:michael_texture/gloves","type":"single"},{"resource":"michael:michael_texture/animat1","sprite":"michael:michael_texture/animat1","type":"single"},{"resource":"michael:michael_texture/animat1_e","sprite":"michael:michael_texture/animat1_e","type":"single"},{"resource":"michael:michael_texture/gloves","sprite":"michael:michael_texture/gloves","type":"single"}]}