{"textures":{"3":"modelengine:entity/main"},"elements":[{"from":[24.984594,7.191894,18.378368],"to":[26.280857,8.250873,18.378368],"faces":{"south":{"uv":[3.0,0.0,4.0625,0.84375],"tintindex":0,"rotation":0,"texture":"#3"},"north":{"uv":[3.0,1.0,4.0625,1.84375],"tintindex":0,"rotation":0,"texture":"#3"}},"rotation":{"origin":[21.304996,11.455294,18.575344],"angle":-45.0,"axis":"z"}},{"from":[20.052588,6.4327254,18.122787],"to":[20.77206,7.0321794,18.60997],"faces":{"east":{"uv":[7.75,6.25,8.15625,6.75],"tintindex":0,"rotation":0,"texture":"#3"},"south":{"uv":[5.75,4.25,6.34375,4.75],"tintindex":0,"rotation":0,"texture":"#3"},"north":{"uv":[5.75,4.75,6.34375,5.25],"tintindex":0,"rotation":0,"texture":"#3"},"west":{"uv":[6.25,7.75,6.65625,8.25],"tintindex":0,"rotation":0,"texture":"#3"},"up":{"uv":[0.59375,7.15625,0.0,6.75],"tintindex":0,"rotation":0,"texture":"#3"},"down":{"uv":[2.84375,6.75,2.25,7.15625],"tintindex":0,"rotation":0,"texture":"#3"}}},{"from":[19.119553,9.867872,18.304966],"to":[19.737312,10.231033,18.46736],"faces":{"east":{"uv":[7.5,11.0,7.625,11.28125],"tintindex":0,"rotation":0,"texture":"#3"},"south":{"uv":[9.0,4.5,9.5,4.78125],"tintindex":0,"rotation":0,"texture":"#3"},"north":{"uv":[9.0,5.5,9.5,5.78125],"tintindex":0,"rotation":0,"texture":"#3"},"west":{"uv":[11.0,7.25,11.125,7.53125],"tintindex":0,"rotation":0,"texture":"#3"},"up":{"uv":[11.25,2.625,10.75,2.5],"tintindex":0,"rotation":0,"texture":"#3"},"down":{"uv":[3.25,10.75,2.75,10.875],"tintindex":0,"rotation":0,"texture":"#3"}},"rotation":{"origin":[16.291092,6.1113462,18.536814],"angle":-45.0,"axis":"z"}},{"from":[24.03067,7.519194,18.15477],"to":[24.432213,8.06051,18.587822],"faces":{"east":{"uv":[9.0,0.5,9.34375,0.9375],"tintindex":0,"rotation":0,"texture":"#3"},"south":{"uv":[9.25,2.0,9.5625,2.4375],"tintindex":0,"rotation":0,"texture":"#3"},"north":{"uv":[9.25,2.5,9.5625,2.9375],"tintindex":0,"rotation":0,"texture":"#3"},"west":{"uv":[9.0,0.0,9.34375,0.4375],"tintindex":0,"rotation":0,"texture":"#3"},"up":{"uv":[6.0625,10.09375,5.75,9.75],"tintindex":0,"rotation":0,"texture":"#3"},"down":{"uv":[6.5625,9.75,6.25,10.09375],"tintindex":0,"rotation":0,"texture":"#3"}},"rotation":{"origin":[21.160059,11.479832,18.42049],"angle":-45.0,"axis":"z"}},{"from":[20.056826,6.706695,18.154774],"to":[20.674585,7.0155754,18.587822],"faces":{"east":{"uv":[10.25,0.0,10.59375,0.25],"tintindex":0,"rotation":0,"texture":"#3"},"south":{"uv":[5.75,1.0,6.25,1.25],"tintindex":0,"rotation":0,"texture":"#3"},"north":{"uv":[0.75,6.25,1.25,6.5],"tintindex":0,"rotation":0,"texture":"#3"},"west":{"uv":[10.0,6.0,10.34375,6.25],"tintindex":0,"rotation":0,"texture":"#3"},"up":{"uv":[8.25,8.59375,7.75,8.25],"tintindex":0,"rotation":0,"texture":"#3"},"down":{"uv":[8.75,7.75,8.25,8.09375],"tintindex":0,"rotation":0,"texture":"#3"}},"rotation":{"origin":[20.765057,6.77886,18.523848],"angle":-22.5,"axis":"z"}},{"from":[19.058533,5.9789534,18.269367],"to":[19.460075,6.466136,18.485893],"faces":{"east":{"uv":[8.5,10.25,8.6875,10.65625],"tintindex":0,"rotation":0,"texture":"#3"},"south":{"uv":[8.75,9.25,9.0625,9.65625],"tintindex":0,"rotation":0,"texture":"#3"},"north":{"uv":[9.25,9.25,9.5625,9.65625],"tintindex":0,"rotation":0,"texture":"#3"},"west":{"uv":[5.0,10.25,5.1875,10.65625],"tintindex":0,"rotation":0,"texture":"#3"},"up":{"uv":[11.0625,4.1875,10.75,4.0],"tintindex":0,"rotation":0,"texture":"#3"},"down":{"uv":[11.0625,4.25,10.75,4.4375],"tintindex":0,"rotation":0,"texture":"#3"}},"rotation":{"origin":[19.095058,11.240371,17.983765],"angle":22.5,"axis":"z"}},{"from":[22.497414,7.413296,18.213615],"to":[22.768074,7.900479,18.538403],"faces":{"east":{"uv":[9.75,7.25,10.0,7.65625],"tintindex":0,"rotation":0,"texture":"#3"},"south":{"uv":[0.0,10.0,0.21875,10.40625],"tintindex":0,"rotation":0,"texture":"#3"},"north":{"uv":[10.0,0.0,10.21875,0.40625],"tintindex":0,"rotation":0,"texture":"#3"},"west":{"uv":[1.25,5.0,1.5,5.40625],"tintindex":0,"rotation":0,"texture":"#3"},"up":{"uv":[4.96875,7.5,4.75,7.25],"tintindex":0,"rotation":0,"texture":"#3"},"down":{"uv":[6.46875,7.5,6.25,7.75],"tintindex":0,"rotation":0,"texture":"#3"}},"rotation":{"origin":[19.225258,11.373931,18.430328],"angle":-22.5,"axis":"z"}},{"from":[20.673225,6.3654757,18.239944],"to":[21.07477,6.8526616,18.510603],"faces":{"east":{"uv":[10.0,0.5,10.21875,0.90625],"tintindex":0,"rotation":0,"texture":"#3"},"south":{"uv":[7.75,9.25,8.0625,9.65625],"tintindex":0,"rotation":0,"texture":"#3"},"north":{"uv":[9.25,7.75,9.5625,8.15625],"tintindex":0,"rotation":0,"texture":"#3"},"west":{"uv":[0.25,10.0,0.46875,10.40625],"tintindex":0,"rotation":0,"texture":"#3"},"up":{"uv":[6.0625,10.71875,5.75,10.5],"tintindex":0,"rotation":0,"texture":"#3"},"down":{"uv":[10.8125,5.75,10.5,5.96875],"tintindex":0,"rotation":0,"texture":"#3"}}}],"display":{"gui":{"rotation":[30,225,0]}}}