{"textures":{"2":"modelengine:entity/gagang1","3":"modelengine:entity/main","4":"modelengine:entity/segitiga"},"elements":[{"from":[9.254763,-5.3746796,-1.7995472],"to":[9.45047,-4.712574,-1.5276203],"faces":{"east":{"uv":[11.28125,4.5,11.3125,4.6875],"tintindex":0,"rotation":0,"texture":"#3"},"south":{"uv":[11.28125,4.5,11.3125,4.6875],"tintindex":0,"rotation":0,"texture":"#3"},"north":{"uv":[11.28125,4.5,11.3125,4.6875],"tintindex":0,"rotation":0,"texture":"#3"},"west":{"uv":[11.28125,4.5,11.3125,4.6875],"tintindex":0,"rotation":0,"texture":"#3"},"up":{"uv":[11.28125,4.5,11.3125,4.6875],"tintindex":0,"rotation":0,"texture":"#3"},"down":{"uv":[11.28125,4.5,11.3125,4.6875],"tintindex":0,"rotation":0,"texture":"#3"}}},{"from":[10.707251,-10.535652,-1.9887571],"to":[12.612453,-10.167385,-1.3790798],"faces":{"east":{"uv":[8.0,11.0,8.15625,11.21875],"tintindex":0,"rotation":0,"texture":"#3"},"south":{"uv":[8.25,2.0,8.75,2.21875],"tintindex":0,"rotation":0,"texture":"#3"},"north":{"uv":[7.78516,4.99922,7.25234,5.21484],"tintindex":0,"rotation":0,"texture":"#3"},"west":{"uv":[11.0,8.0,11.15625,8.21875],"tintindex":0,"rotation":0,"texture":"#3"},"up":{"uv":[10.75,6.90625,10.25,6.75],"tintindex":0,"rotation":0,"texture":"#3"},"down":{"uv":[10.75,7.0,10.25,7.15625],"tintindex":0,"rotation":0,"texture":"#3"}},"rotation":{"origin":[6.3247995,-7.5763245,-1.5807991],"angle":45.0,"axis":"z"}},{"from":[16.757994,27.437334,-1.7277946],"to":[20.108921,30.372786,-1.7277946],"faces":{"east":{"uv":[0.0,1.2625,16.0,14.55],"tintindex":0,"rotation":90,"texture":"#4"},"south":{"uv":[0.0,14.55,16.0,1.2625],"tintindex":0,"rotation":90,"texture":"#4"},"north":{"uv":[16.0,14.55,0.0,1.2625],"tintindex":0,"rotation":270,"texture":"#4"},"west":{"uv":[0.0,1.2625,16.0,14.55],"tintindex":0,"rotation":90,"texture":"#4"},"up":{"uv":[0.0,1.2625,16.0,14.55],"tintindex":0,"rotation":90,"texture":"#4"},"down":{"uv":[0.0,1.2625,16.0,14.55],"tintindex":0,"rotation":90,"texture":"#4"}}},{"from":[10.008379,-3.971159,-2.668026],"to":[12.006246,-2.6554852,-0.7500353],"faces":{"east":{"uv":[8.5,4.5,8.90625,4.90625],"tintindex":0,"rotation":0,"texture":"#3"},"south":{"uv":[8.0,0.5,8.5,0.90625],"tintindex":0,"rotation":0,"texture":"#3"},"north":{"uv":[8.0,0.0,8.5,0.40625],"tintindex":0,"rotation":0,"texture":"#3"},"west":{"uv":[3.5,8.75,3.90625,9.15625],"tintindex":0,"rotation":0,"texture":"#3"},"up":{"uv":[1.28125,7.9375,0.78125,7.53125],"tintindex":0,"rotation":0,"texture":"#3"},"down":{"uv":[1.75,8.0,1.25,8.40625],"tintindex":0,"rotation":0,"texture":"#3"}}},{"from":[10.097028,-8.03635,-2.588602],"to":[11.925659,-6.667404,-0.85263443],"faces":{"east":{"uv":[0.75,6.0625,1.03125,6.25],"tintindex":0,"rotation":0,"texture":"#3"},"south":{"uv":[0.75,6.0625,1.03125,6.25],"tintindex":0,"rotation":0,"texture":"#3"},"north":{"uv":[0.75,6.0625,1.03125,6.25],"tintindex":0,"rotation":0,"texture":"#3"},"west":{"uv":[0.75,6.0625,1.03125,6.25],"tintindex":0,"rotation":0,"texture":"#3"},"up":{"uv":[0.75,6.0625,1.03125,6.25],"tintindex":0,"rotation":0,"texture":"#3"},"down":{"uv":[0.75,6.0625,1.03125,6.25],"tintindex":0,"rotation":0,"texture":"#3"}}},{"from":[10.268394,1.1509361,-2.5619354],"to":[11.7925625,1.9130049,-1.3426113],"faces":{"east":{"uv":[10.5,1.25,10.84375,1.46875],"tintindex":0,"rotation":0,"texture":"#4"},"south":{"uv":[10.0,3.5,10.40625,3.71875],"tintindex":0,"rotation":0,"texture":"#4"},"north":{"uv":[3.5,10.0,3.90625,10.21875],"tintindex":0,"rotation":0,"texture":"#4"},"west":{"uv":[1.5,10.5,1.84375,10.71875],"tintindex":0,"rotation":0,"texture":"#4"},"up":{"uv":[9.65625,1.84375,9.25,1.5],"tintindex":0,"rotation":0,"texture":"#4"},"down":{"uv":[2.40625,9.25,2.0,9.59375],"tintindex":0,"rotation":0,"texture":"#4"}}},{"from":[10.008379,-6.658415,-2.668026],"to":[12.006246,-5.342741,-0.7500353],"faces":{"east":{"uv":[8.5,4.5,8.90625,4.90625],"tintindex":0,"rotation":0,"texture":"#3"},"south":{"uv":[8.0,0.5,8.5,0.90625],"tintindex":0,"rotation":0,"texture":"#3"},"north":{"uv":[8.0,0.0,8.5,0.40625],"tintindex":0,"rotation":0,"texture":"#3"},"west":{"uv":[3.5,8.75,3.90625,9.15625],"tintindex":0,"rotation":0,"texture":"#3"},"up":{"uv":[1.28125,7.9375,0.78125,7.53125],"tintindex":0,"rotation":0,"texture":"#3"},"down":{"uv":[1.75,8.0,1.25,8.40625],"tintindex":0,"rotation":0,"texture":"#3"}}},{"from":[10.008379,1.4728508,-2.668026],"to":[12.006246,2.788525,-0.7500353],"faces":{"east":{"uv":[8.5,4.5,8.90625,4.90625],"tintindex":0,"rotation":0,"texture":"#3"},"south":{"uv":[8.0,0.5,8.5,0.90625],"tintindex":0,"rotation":0,"texture":"#3"},"north":{"uv":[8.0,0.0,8.5,0.40625],"tintindex":0,"rotation":0,"texture":"#3"},"west":{"uv":[3.5,8.75,3.90625,9.15625],"tintindex":0,"rotation":0,"texture":"#3"},"up":{"uv":[1.28125,7.9375,0.78125,7.53125],"tintindex":0,"rotation":0,"texture":"#3"},"down":{"uv":[1.75,8.0,1.25,8.40625],"tintindex":0,"rotation":0,"texture":"#3"}}},{"from":[10.097028,-5.3593893,-2.588602],"to":[11.925659,4.166562,-0.85263443],"faces":{"east":{"uv":[0.75,4.9375,1.03125,6.25],"tintindex":0,"rotation":0,"texture":"#3"},"south":{"uv":[0.75,4.9375,1.03125,6.25],"tintindex":0,"rotation":0,"texture":"#3"},"north":{"uv":[0.75,4.9375,1.03125,6.25],"tintindex":0,"rotation":0,"texture":"#3"},"west":{"uv":[0.75,4.9375,1.03125,6.25],"tintindex":0,"rotation":0,"texture":"#3"},"up":{"uv":[0.75,4.9375,1.03125,6.25],"tintindex":0,"rotation":0,"texture":"#3"},"down":{"uv":[0.75,4.9375,1.03125,6.25],"tintindex":0,"rotation":0,"texture":"#3"}}},{"from":[9.5924,0.95630026,-1.9578686],"to":[9.870474,1.5896792,-1.5006132],"faces":{"east":{"uv":[11.28125,3.8125,11.3125,3.875],"tintindex":0,"rotation":0,"texture":"#3"},"south":{"uv":[11.28125,3.8125,11.3125,3.875],"tintindex":0,"rotation":0,"texture":"#3"},"north":{"uv":[11.28125,3.8125,11.3125,3.875],"tintindex":0,"rotation":0,"texture":"#3"},"west":{"uv":[11.28125,3.8125,11.3125,3.875],"tintindex":0,"rotation":0,"texture":"#3"},"up":{"uv":[11.28125,3.8125,11.3125,3.875],"tintindex":0,"rotation":0,"texture":"#3"},"down":{"uv":[11.28125,3.8125,11.3125,3.875],"tintindex":0,"rotation":0,"texture":"#3"}},"rotation":{"origin":[8.456514,-3.3619556,-2.0343475],"angle":22.5,"axis":"z"}},{"from":[12.171528,2.3434806,-1.9578686],"to":[12.449602,2.9768596,-1.5006132],"faces":{"east":{"uv":[11.28125,3.8125,11.3125,3.875],"tintindex":0,"rotation":0,"texture":"#3"},"south":{"uv":[11.28125,3.8125,11.3125,3.875],"tintindex":0,"rotation":0,"texture":"#3"},"north":{"uv":[11.28125,3.8125,11.3125,3.875],"tintindex":0,"rotation":0,"texture":"#3"},"west":{"uv":[11.28125,3.8125,11.3125,3.875],"tintindex":0,"rotation":0,"texture":"#3"},"up":{"uv":[11.28125,3.8125,11.3125,3.875],"tintindex":0,"rotation":0,"texture":"#3"},"down":{"uv":[11.28125,3.8125,11.3125,3.875],"tintindex":0,"rotation":0,"texture":"#3"}},"rotation":{"origin":[10.006031,-2.7212248,-2.0343475],"angle":-22.5,"axis":"z"}},{"from":[12.534791,-3.0710526,-1.9887571],"to":[14.439994,-2.7027845,-1.3790798],"faces":{"east":{"uv":[8.0,11.0,8.15625,11.21875],"tintindex":0,"rotation":0,"texture":"#3"},"south":{"uv":[8.25,2.0,8.75,2.21875],"tintindex":0,"rotation":0,"texture":"#3"},"north":{"uv":[7.25234,4.99922,7.75391,5.21484],"tintindex":0,"rotation":0,"texture":"#3"},"west":{"uv":[11.0,8.0,11.15625,8.21875],"tintindex":0,"rotation":0,"texture":"#3"},"up":{"uv":[10.75,6.90625,10.25,6.75],"tintindex":0,"rotation":0,"texture":"#3"},"down":{"uv":[10.75,7.0,10.25,7.15625],"tintindex":0,"rotation":0,"texture":"#3"}},"rotation":{"origin":[8.15234,-0.11172485,-1.5807991],"angle":-45.0,"axis":"z"}},{"from":[4.070429,-11.305328,-2.6383724],"to":[5.832136,-9.498804,-0.809742],"faces":{"east":{"uv":[2.0,6.5,6.0,10.0],"tintindex":0,"rotation":0,"texture":"#2"},"south":{"uv":[9.0,2.0,5.0,6.0],"tintindex":0,"rotation":0,"texture":"#2"},"north":{"uv":[5.0,2.0,9.0,6.0],"tintindex":0,"rotation":0,"texture":"#2"},"west":{"uv":[2.0,6.5,6.0,10.0],"tintindex":0,"rotation":0,"texture":"#2"},"up":{"uv":[2.0,6.5,6.0,10.0],"tintindex":0,"rotation":0,"texture":"#2"},"down":{"uv":[2.0,6.5,6.0,10.0],"tintindex":0,"rotation":0,"texture":"#2"}},"rotation":{"origin":[4.9487085,-1.8533754,6.9897976],"angle":45.0,"axis":"z"}},{"from":[11.88429,1.6580653,-2.0112019],"to":[13.408447,2.723969,-1.2491236],"faces":{"east":{"uv":[9.5,10.5,9.71875,10.8125],"tintindex":0,"rotation":0,"texture":"#3"},"south":{"uv":[4.65625,9.5,4.25,9.8125],"tintindex":0,"rotation":0,"texture":"#3"},"north":{"uv":[4.15625,9.5,3.75,9.8125],"tintindex":0,"rotation":0,"texture":"#3"},"west":{"uv":[9.5,10.5,9.71875,10.8125],"tintindex":0,"rotation":0,"texture":"#3"},"up":{"uv":[10.0,3.21875,10.40625,3.0],"tintindex":0,"rotation":0,"texture":"#3"},"down":{"uv":[10.40625,3.25,10.0,3.46875],"tintindex":0,"rotation":0,"texture":"#3"}}},{"from":[10.820065,4.41867,-1.9578686],"to":[11.963188,5.1035395,-1.3481913],"faces":{"east":{"uv":[9.21875,11.15625,9.0,11.0],"tintindex":0,"rotation":90,"texture":"#3"},"south":{"uv":[10.25,10.5,10.46875,10.8125],"tintindex":0,"rotation":90,"texture":"#3"},"north":{"uv":[9.75,10.8125,9.96875,10.5],"tintindex":0,"rotation":270,"texture":"#3"},"west":{"uv":[9.46875,11.0,9.25,11.15625],"tintindex":0,"rotation":90,"texture":"#3"},"up":{"uv":[10.75,10.0,10.90625,10.3125],"tintindex":0,"rotation":90,"texture":"#3"},"down":{"uv":[10.0,10.75,10.15625,11.0625],"tintindex":0,"rotation":90,"texture":"#3"}},"rotation":{"origin":[5.3972535,-2.3488903,-1.5578594],"angle":-22.5,"axis":"z"}},{"from":[8.61531,1.6580653,-2.0112019],"to":[10.139467,2.723969,-1.2491236],"faces":{"east":{"uv":[9.25,10.5,9.46875,10.8125],"tintindex":0,"rotation":0,"texture":"#3"},"south":{"uv":[4.25,9.5,4.65625,9.8125],"tintindex":0,"rotation":0,"texture":"#3"},"north":{"uv":[3.75,9.5,4.15625,9.8125],"tintindex":0,"rotation":0,"texture":"#3"},"west":{"uv":[9.5,10.5,9.71875,10.8125],"tintindex":0,"rotation":0,"texture":"#3"},"up":{"uv":[10.40625,3.21875,10.0,3.0],"tintindex":0,"rotation":0,"texture":"#3"},"down":{"uv":[10.40625,3.25,10.0,3.46875],"tintindex":0,"rotation":0,"texture":"#3"}}},{"from":[9.249924,0.09434986,-1.9578686],"to":[10.393047,0.7792196,-1.3481913],"faces":{"east":{"uv":[9.21875,11.15625,9.0,11.0],"tintindex":0,"rotation":90,"texture":"#3"},"south":{"uv":[10.25,10.5,10.46875,10.8125],"tintindex":0,"rotation":90,"texture":"#3"},"north":{"uv":[9.75,10.5,9.96875,10.8125],"tintindex":0,"rotation":270,"texture":"#3"},"west":{"uv":[9.46875,11.0,9.25,11.15625],"tintindex":0,"rotation":90,"texture":"#3"},"up":{"uv":[10.75,10.0,10.90625,10.3125],"tintindex":0,"rotation":90,"texture":"#3"},"down":{"uv":[10.0,10.75,10.15625,11.0625],"tintindex":0,"rotation":90,"texture":"#3"}},"rotation":{"origin":[5.3972535,-2.3488903,-1.5578594],"angle":22.5,"axis":"z"}},{"from":[9.681975,-6.4702873,-2.0501518],"to":[11.206133,-5.327173,-1.2880726],"faces":{"east":{"uv":[4.75,10.5,4.96875,10.8125],"tintindex":0,"rotation":0,"texture":"#4"},"south":{"uv":[9.5,0.0,9.90625,0.3125],"tintindex":0,"rotation":0,"texture":"#4"},"north":{"uv":[0.0,9.5,0.40625,9.8125],"tintindex":0,"rotation":0,"texture":"#4"},"west":{"uv":[10.5,7.25,10.71875,7.5625],"tintindex":0,"rotation":0,"texture":"#4"},"up":{"uv":[10.15625,9.71875,9.75,9.5],"tintindex":0,"rotation":0,"texture":"#4"},"down":{"uv":[10.40625,1.0,10.0,1.21875],"tintindex":0,"rotation":0,"texture":"#4"}}},{"from":[1.9060135,27.308634,-1.7277946],"to":[5.25694,30.244085,-1.7277946],"faces":{"east":{"uv":[0.0,1.2625,16.0,14.55],"tintindex":0,"rotation":90,"texture":"#4"},"south":{"uv":[0.0,1.2625,16.0,14.55],"tintindex":0,"rotation":90,"texture":"#4"},"north":{"uv":[0.0,1.2625,16.0,14.55],"tintindex":0,"rotation":270,"texture":"#4"},"west":{"uv":[0.0,1.2625,16.0,14.55],"tintindex":0,"rotation":90,"texture":"#4"},"up":{"uv":[0.0,1.2625,16.0,14.55],"tintindex":0,"rotation":90,"texture":"#4"},"down":{"uv":[0.0,1.2625,16.0,14.55],"tintindex":0,"rotation":90,"texture":"#4"}}},{"from":[10.336987,-5.3405066,-2.5619354],"to":[11.708743,-4.5784073,-1.3426113],"faces":{"east":{"uv":[0.5,10.5,0.84375,10.71875],"tintindex":0,"rotation":0,"texture":"#4"},"south":{"uv":[10.25,0.75,10.625,0.96875],"tintindex":0,"rotation":0,"texture":"#4"},"north":{"uv":[10.25,0.5,10.625,0.71875],"tintindex":0,"rotation":0,"texture":"#4"},"west":{"uv":[10.5,1.0,10.84375,1.21875],"tintindex":0,"rotation":0,"texture":"#4"},"up":{"uv":[7.625,9.59375,7.25,9.25],"tintindex":0,"rotation":0,"texture":"#4"},"down":{"uv":[9.625,7.25,9.25,7.59375],"tintindex":0,"rotation":0,"texture":"#4"}}},{"from":[10.711575,-6.4702873,-2.0501518],"to":[12.235733,-5.327173,-1.2880726],"faces":{"east":{"uv":[4.75,10.5,4.96875,10.8125],"tintindex":0,"rotation":0,"texture":"#4"},"south":{"uv":[9.5,0.0,9.90625,0.3125],"tintindex":0,"rotation":0,"texture":"#4"},"north":{"uv":[0.40625,9.5,0.0,9.8125],"tintindex":0,"rotation":0,"texture":"#4"},"west":{"uv":[10.5,7.25,10.71875,7.5625],"tintindex":0,"rotation":0,"texture":"#4"},"up":{"uv":[10.15625,9.71875,9.75,9.5],"tintindex":0,"rotation":0,"texture":"#4"},"down":{"uv":[10.40625,1.0,10.0,1.21875],"tintindex":0,"rotation":0,"texture":"#4"}}},{"from":[12.420783,-5.3746796,-1.7995472],"to":[12.616489,-4.712574,-1.5276203],"faces":{"east":{"uv":[11.28125,4.5,11.3125,4.6875],"tintindex":0,"rotation":0,"texture":"#3"},"south":{"uv":[11.28125,4.5,11.3125,4.6875],"tintindex":0,"rotation":0,"texture":"#3"},"north":{"uv":[11.28125,4.5,11.3125,4.6875],"tintindex":0,"rotation":0,"texture":"#3"},"west":{"uv":[11.28125,4.5,11.3125,4.6875],"tintindex":0,"rotation":0,"texture":"#3"},"up":{"uv":[11.28125,4.5,11.3125,4.6875],"tintindex":0,"rotation":0,"texture":"#3"},"down":{"uv":[11.28125,4.5,11.3125,4.6875],"tintindex":0,"rotation":0,"texture":"#3"}}},{"from":[9.530747,-10.507389,-1.7277946],"to":[12.466199,-7.1564636,-1.7277946],"faces":{"east":{"uv":[0.0,1.2625,16.0,14.55],"tintindex":0,"rotation":0,"texture":"#4"},"south":{"uv":[0.0,1.2625,16.0,14.55],"tintindex":0,"rotation":0,"texture":"#4"},"north":{"uv":[0.0,1.2625,16.0,14.55],"tintindex":0,"rotation":0,"texture":"#4"},"west":{"uv":[0.0,1.2625,16.0,14.55],"tintindex":0,"rotation":0,"texture":"#4"},"up":{"uv":[0.0,1.2625,16.0,14.55],"tintindex":0,"rotation":0,"texture":"#4"},"down":{"uv":[0.0,1.2625,16.0,14.55],"tintindex":0,"rotation":0,"texture":"#4"}}},{"from":[10.008379,-1.2375717,-2.668026],"to":[12.006246,0.078103065,-0.7500353],"faces":{"east":{"uv":[8.5,4.5,8.90625,4.90625],"tintindex":0,"rotation":0,"texture":"#3"},"south":{"uv":[8.0,0.5,8.5,0.90625],"tintindex":0,"rotation":0,"texture":"#3"},"north":{"uv":[8.0,0.0,8.5,0.40625],"tintindex":0,"rotation":0,"texture":"#3"},"west":{"uv":[3.5,8.75,3.90625,9.15625],"tintindex":0,"rotation":0,"texture":"#3"},"up":{"uv":[1.28125,7.9375,0.78125,7.53125],"tintindex":0,"rotation":0,"texture":"#3"},"down":{"uv":[1.75,8.0,1.25,8.40625],"tintindex":0,"rotation":0,"texture":"#3"}}}],"display":{"gui":{"rotation":[30,225,0]}}}