{"textures":{"3":"modelengine:entity/main"},"elements":[{"from":[1.2866783,5.576929,8.33497],"to":[2.2133188,6.9668903,8.872421],"faces":{"east":{"uv":[4.25,10.75,4.40625,11.125],"tintindex":0,"rotation":0,"texture":"#3"},"south":{"uv":[8.75,9.75,9.0,10.125],"tintindex":0,"rotation":0,"texture":"#3"},"north":{"uv":[8.5,9.75,8.75,10.125],"tintindex":0,"rotation":0,"texture":"#3"},"west":{"uv":[5.0,10.75,5.15625,11.125],"tintindex":0,"rotation":0,"texture":"#3"},"up":{"uv":[5.5,11.15625,5.25,11.0],"tintindex":0,"rotation":0,"texture":"#3"},"down":{"uv":[11.25,5.25,11.0,5.40625],"tintindex":0,"rotation":0,"texture":"#3"}},"rotation":{"origin":[4.785424,5.7311535,8.880761],"angle":22.5,"axis":"z"}},{"from":[1.5414839,2.5474653,8.33497],"to":[2.468124,4.60437,8.890954],"faces":{"east":{"uv":[5.25,10.0,5.40625,10.5625],"tintindex":0,"rotation":0,"texture":"#3"},"south":{"uv":[2.25,5.5,2.5,6.0625],"tintindex":0,"rotation":0,"texture":"#3"},"north":{"uv":[5.0,3.0,5.25,3.5625],"tintindex":0,"rotation":0,"texture":"#3"},"west":{"uv":[5.5,10.0,5.65625,10.5625],"tintindex":0,"rotation":0,"texture":"#3"},"up":{"uv":[5.75,11.15625,5.5,11.0],"tintindex":0,"rotation":0,"texture":"#3"},"down":{"uv":[11.25,5.5,11.0,5.65625],"tintindex":0,"rotation":0,"texture":"#3"}}},{"from":[0.32473373,5.3213005,7.9550476],"to":[2.1780138,6.24794,9.243077],"faces":{"east":{"uv":[10.25,0.25,10.59375,0.5],"tintindex":0,"rotation":0,"texture":"#3"},"south":{"uv":[7.25,1.75,7.75,2.0],"tintindex":0,"rotation":0,"texture":"#3"},"north":{"uv":[6.5,2.0,7.0,2.25],"tintindex":0,"rotation":0,"texture":"#3"},"west":{"uv":[0.5,10.25,0.84375,10.5],"tintindex":0,"rotation":0,"texture":"#3"},"up":{"uv":[8.75,8.59375,8.25,8.25],"tintindex":0,"rotation":0,"texture":"#3"},"down":{"uv":[9.0,0.0,8.5,0.34375],"tintindex":0,"rotation":0,"texture":"#3"}}},{"from":[0.96437263,8.041895,8.158074],"to":[2.3543324,13.601734,9.084715],"faces":{"east":{"uv":[2.5,4.75,2.75,6.25],"tintindex":0,"rotation":0,"texture":"#3"},"south":{"uv":[2.0,4.0,2.375,5.5],"tintindex":0,"rotation":0,"texture":"#3"},"north":{"uv":[1.5,4.0,1.875,5.5],"tintindex":0,"rotation":0,"texture":"#3"},"west":{"uv":[2.75,4.75,3.0,6.25],"tintindex":0,"rotation":0,"texture":"#3"},"up":{"uv":[8.125,10.0,7.75,9.75],"tintindex":0,"rotation":0,"texture":"#3"},"down":{"uv":[10.125,8.0,9.75,8.25],"tintindex":0,"rotation":0,"texture":"#3"}}},{"from":[2.1529737,14.130466,8.242306],"to":[3.5429335,17.125664,8.983618],"faces":{"east":{"uv":[8.75,8.25,8.9375,9.0625],"tintindex":0,"rotation":0,"texture":"#3"},"south":{"uv":[3.0,5.5,3.375,6.3125],"tintindex":0,"rotation":0,"texture":"#3"},"north":{"uv":[1.75,5.5,2.125,6.3125],"tintindex":0,"rotation":0,"texture":"#3"},"west":{"uv":[8.5,8.75,8.6875,9.5625],"tintindex":0,"rotation":0,"texture":"#3"},"up":{"uv":[10.875,4.6875,10.5,4.5],"tintindex":0,"rotation":0,"texture":"#3"},"down":{"uv":[10.875,4.75,10.5,4.9375],"tintindex":0,"rotation":0,"texture":"#3"}},"rotation":{"origin":[4.2776976,10.878361,8.228808],"angle":22.5,"axis":"z"}},{"from":[2.309988,5.6145306,7.9550476],"to":[3.6999478,8.857771,9.243077],"faces":{"east":{"uv":[3.5,5.5,3.84375,6.375],"tintindex":0,"rotation":0,"texture":"#3"},"south":{"uv":[1.25,5.5,1.625,6.375],"tintindex":0,"rotation":0,"texture":"#3"},"north":{"uv":[4.5,5.25,4.875,6.125],"tintindex":0,"rotation":0,"texture":"#3"},"west":{"uv":[4.0,5.5,4.34375,6.375],"tintindex":0,"rotation":0,"texture":"#3"},"up":{"uv":[5.625,9.59375,5.25,9.25],"tintindex":0,"rotation":0,"texture":"#3"},"down":{"uv":[6.125,9.25,5.75,9.59375],"tintindex":0,"rotation":0,"texture":"#3"}},"rotation":{"origin":[4.247798,11.181536,8.513359],"angle":-22.5,"axis":"z"}},{"from":[0.3271017,5.853222,8.149642],"to":[1.5317335,6.7798634,9.0762825],"faces":{"east":{"uv":[5.0,5.25,5.25,5.5],"tintindex":0,"rotation":0,"texture":"#3"},"south":{"uv":[4.5,10.25,4.8125,10.5],"tintindex":0,"rotation":0,"texture":"#3"},"north":{"uv":[10.25,2.75,10.5625,3.0],"tintindex":0,"rotation":0,"texture":"#3"},"west":{"uv":[5.5,2.75,5.75,3.0],"tintindex":0,"rotation":0,"texture":"#3"},"up":{"uv":[10.5625,5.25,10.25,5.0],"tintindex":0,"rotation":0,"texture":"#3"},"down":{"uv":[6.0625,10.25,5.75,10.5],"tintindex":0,"rotation":0,"texture":"#3"}}},{"from":[0.8474922,7.759712,7.956901],"to":[2.2374525,9.149673,9.235664],"faces":{"east":{"uv":[6.25,9.25,6.59375,9.625],"tintindex":0,"rotation":0,"texture":"#3"},"south":{"uv":[9.0,8.75,9.375,9.125],"tintindex":0,"rotation":0,"texture":"#3"},"north":{"uv":[9.0,8.25,9.375,8.625],"tintindex":0,"rotation":0,"texture":"#3"},"west":{"uv":[9.25,6.25,9.59375,6.625],"tintindex":0,"rotation":0,"texture":"#3"},"up":{"uv":[7.125,9.59375,6.75,9.25],"tintindex":0,"rotation":0,"texture":"#3"},"down":{"uv":[9.625,6.75,9.25,7.09375],"tintindex":0,"rotation":0,"texture":"#3"}}},{"from":[-0.47887993,2.7454681,8.193328],"to":[0.65137434,3.5931683,8.984514],"faces":{"east":{"uv":[7.75,2.25,7.96875,2.46875],"tintindex":0,"rotation":0,"texture":"#3"},"south":{"uv":[6.25,10.5,6.5625,10.71875],"tintindex":0,"rotation":0,"texture":"#3"},"north":{"uv":[10.5,6.0,10.8125,6.21875],"tintindex":0,"rotation":0,"texture":"#3"},"west":{"uv":[4.5,7.75,4.71875,7.96875],"tintindex":0,"rotation":0,"texture":"#3"},"up":{"uv":[7.0625,10.71875,6.75,10.5],"tintindex":0,"rotation":0,"texture":"#3"},"down":{"uv":[7.5625,10.5,7.25,10.71875],"tintindex":0,"rotation":0,"texture":"#3"}},"rotation":{"origin":[5.3766203,9.64493,8.603119],"angle":22.5,"axis":"z"}}],"display":{"gui":{"rotation":[30,225,0]}}}