{"textures":{"0":"modelengine:entity/doombringer_sword_1","1":"modelengine:entity/animasi2","2":"modelengine:entity/anjareliteglobal","3":"modelengine:entity/main","4":"modelengine:entity/denyooo","5":"modelengine:entity/agang","6":"modelengine:entity/3"},"elements":[{"from":[12.4074545,10.796218,7.175768],"to":[13.180785,11.376219,7.7171],"faces":{"east":{"uv":[8.21875,3.0,8.0,3.21875],"tintindex":0,"rotation":0,"texture":"#3"},"south":{"uv":[9.5625,7.25,9.25,7.46875],"tintindex":0,"rotation":0,"texture":"#3"},"north":{"uv":[7.5625,9.25,7.25,9.46875],"tintindex":0,"rotation":0,"texture":"#3"},"west":{"uv":[7.71875,6.25,7.5,6.46875],"tintindex":0,"rotation":0,"texture":"#3"},"up":{"uv":[9.25,7.71875,9.5625,7.5],"tintindex":0,"rotation":0,"texture":"#3"},"down":{"uv":[7.75,9.25,8.0625,9.46875],"tintindex":0,"rotation":0,"texture":"#3"}},"rotation":{"origin":[9.17441,15.516872,7.456147],"angle":-22.5,"axis":"z"}},{"from":[6.8834767,7.365988,7.5592346],"to":[11.517798,19.435673,7.5592346],"faces":{"south":{"uv":[2.6125,3.0625,3.6474,6.2375],"tintindex":0,"rotation":0,"texture":"#6"},"north":{"uv":[13.3724,0.0,10.75,3.9375],"tintindex":0,"rotation":0,"texture":"#6"}}},{"from":[6.0097733,25.427912,7.348858],"to":[12.38448,28.275602,7.348858],"faces":{"south":{"uv":[0.0,1.0,1.75,1.625],"tintindex":0,"rotation":0,"texture":"#3"},"north":{"uv":[0.0,0.0,1.75,0.5625],"tintindex":0,"rotation":0,"texture":"#3"}}},{"from":[11.0364275,8.679075,6.93506],"to":[11.53814,9.45094,7.99241],"faces":{"east":{"uv":[9.0,7.25,8.875,7.5],"tintindex":0,"rotation":0,"texture":"#0"},"south":{"uv":[8.625,8.75,8.78125,9.0],"tintindex":0,"rotation":0,"texture":"#0"},"north":{"uv":[8.78125,8.75,8.625,9.0],"tintindex":0,"rotation":0,"texture":"#0"},"west":{"uv":[9.0,7.0,8.875,7.25],"tintindex":0,"rotation":0,"texture":"#0"},"up":{"uv":[9.125,8.125,9.28125,8.0],"tintindex":0,"rotation":0,"texture":"#0"},"down":{"uv":[8.125,9.125,8.28125,9.25],"tintindex":0,"rotation":0,"texture":"#0"}},"rotation":{"origin":[11.53814,8.679075,7.9085774],"angle":22.5,"axis":"z"}},{"from":[7.638588,7.9188323,6.90326],"to":[7.8417106,8.731322,8.01626],"faces":{"east":{"uv":[8.375,7.25,8.625,7.5],"tintindex":0,"rotation":0,"texture":"#0"},"south":{"uv":[2.25,8.75,2.4375,9.0],"tintindex":0,"rotation":0,"texture":"#0"},"north":{"uv":[2.0,8.75,2.1875,9.0],"tintindex":0,"rotation":0,"texture":"#0"},"west":{"uv":[8.375,7.5,8.625,7.75],"tintindex":0,"rotation":0,"texture":"#0"},"up":{"uv":[8.9375,2.5,8.75,2.25],"tintindex":0,"rotation":0,"texture":"#0"},"down":{"uv":[2.6875,8.75,2.5,9.0],"tintindex":0,"rotation":0,"texture":"#0"}}},{"from":[10.646929,7.370141,6.9862933],"to":[12.1237335,8.600588,7.9862957],"faces":{"east":{"uv":[5.15625,6.75,4.75,7.25],"tintindex":0,"rotation":0,"texture":"#3"},"south":{"uv":[6.34375,1.0,5.75,1.5],"tintindex":0,"rotation":0,"texture":"#3"},"north":{"uv":[6.34375,0.5,5.75,1.0],"tintindex":0,"rotation":0,"texture":"#3"},"west":{"uv":[7.15625,2.0,6.75,2.5],"tintindex":0,"rotation":0,"texture":"#3"},"up":{"uv":[0.0,6.90625,0.59375,6.5],"tintindex":0,"rotation":0,"texture":"#3"},"down":{"uv":[6.5,0.5,7.09375,0.90625],"tintindex":0,"rotation":0,"texture":"#3"}}},{"from":[13.745913,12.928637,7.213891],"to":[14.519243,13.562649,7.677887],"faces":{"east":{"uv":[9.9375,1.5,9.75,1.75],"tintindex":0,"rotation":0,"texture":"#3"},"south":{"uv":[5.0625,9.0,4.75,9.25],"tintindex":0,"rotation":0,"texture":"#3"},"north":{"uv":[9.3125,1.75,9.0,2.0],"tintindex":0,"rotation":0,"texture":"#3"},"west":{"uv":[9.9375,1.25,9.75,1.5],"tintindex":0,"rotation":0,"texture":"#3"},"up":{"uv":[9.5,6.1875,9.8125,6.0],"tintindex":0,"rotation":0,"texture":"#3"},"down":{"uv":[6.25,9.5,6.5625,9.6875],"tintindex":0,"rotation":0,"texture":"#3"}},"rotation":{"origin":[9.17441,15.516872,7.456147],"angle":-45.0,"axis":"z"}},{"from":[5.4004555,22.101301,7.1712346],"to":[6.6684804,23.242523,7.8179274],"faces":{"east":{"uv":[7.75,7.75,8.0625,8.1875],"tintindex":0,"rotation":0,"texture":"#3"},"south":{"uv":[6.5,1.0,7.0,1.4375],"tintindex":0,"rotation":0,"texture":"#3"},"north":{"uv":[6.5,5.25,7.0,5.6875],"tintindex":0,"rotation":0,"texture":"#3"},"west":{"uv":[7.75,7.25,8.0625,7.6875],"tintindex":0,"rotation":0,"texture":"#3"},"up":{"uv":[3.75,7.8125,3.25,7.5],"tintindex":0,"rotation":0,"texture":"#3"},"down":{"uv":[8.0,3.75,7.5,4.0625],"tintindex":0,"rotation":0,"texture":"#3"}},"rotation":{"origin":[8.477045,20.158941,6.987371],"angle":22.5,"axis":"z"}},{"from":[2.98286,8.271959,7.475673],"to":[15.77512,28.243353,7.475673],"faces":{"south":{"uv":[8.65186,0.0,5.509705,8.36023],"tintindex":0,"rotation":0,"texture":"#1"},"north":{"uv":[5.47693,0.0,8.631405,8.31335],"tintindex":0,"rotation":0,"texture":"#1"}}},{"from":[7.8961325,5.93248,6.4777884],"to":[10.378431,6.1381154,8.461607],"faces":{"east":{"uv":[9.25,4.25,10.03125,4.34375],"tintindex":0,"rotation":0,"texture":"#3"},"south":{"uv":[8.75,2.0,9.71875,2.09375],"tintindex":0,"rotation":0,"texture":"#3"},"north":{"uv":[1.5,8.75,2.46875,8.84375],"tintindex":0,"rotation":0,"texture":"#3"},"west":{"uv":[9.25,4.5,10.03125,4.59375],"tintindex":0,"rotation":0,"texture":"#3"},"up":{"uv":[3.96875,0.78125,3.0,0.0],"tintindex":0,"rotation":0,"texture":"#3"},"down":{"uv":[3.96875,1.0,3.0,1.78125],"tintindex":0,"rotation":0,"texture":"#3"}}},{"from":[6.3987284,8.47031,6.9605002],"to":[6.953253,8.987866,7.97333],"faces":{"east":{"uv":[9.0,9.125,9.0625,9.3125],"tintindex":0,"rotation":0,"texture":"#0"},"south":{"uv":[9.0625,5.5,8.875,5.6875],"tintindex":0,"rotation":0,"texture":"#0"},"north":{"uv":[8.875,5.5,9.0625,5.6875],"tintindex":0,"rotation":0,"texture":"#0"},"west":{"uv":[9.125,9.125,9.1875,9.3125],"tintindex":0,"rotation":0,"texture":"#0"},"up":{"uv":[9.4375,0.0625,9.25,0.0],"tintindex":0,"rotation":0,"texture":"#0"},"down":{"uv":[9.4375,0.125,9.25,0.1875],"tintindex":0,"rotation":0,"texture":"#0"}},"rotation":{"origin":[6.953253,9.061803,7.8930273],"angle":-22.5,"axis":"z"}},{"from":[6.726598,7.365988,7.369031],"to":[11.36092,19.435673,7.369031],"faces":{"south":{"uv":[13.3724,0.0,10.75,3.9375],"tintindex":0,"rotation":0,"texture":"#6"},"north":{"uv":[2.6125,3.0625,3.6474,6.2375],"tintindex":0,"rotation":0,"texture":"#6"}}},{"from":[1.9671984,10.958912,7.36911],"to":[2.5471992,12.140577,7.5237775],"faces":{"east":{"uv":[10.25,2.25,10.3125,2.40625],"tintindex":0,"rotation":0,"texture":"#3"},"south":{"uv":[1.5,10.0,1.71875,10.15625],"tintindex":0,"rotation":0,"texture":"#3"},"north":{"uv":[10.0,1.25,10.21875,1.40625],"tintindex":0,"rotation":0,"texture":"#3"},"west":{"uv":[2.5,10.25,2.5625,10.40625],"tintindex":0,"rotation":0,"texture":"#3"},"up":{"uv":[10.46875,0.8125,10.25,0.75],"tintindex":0,"rotation":0,"texture":"#3"},"down":{"uv":[10.46875,1.0,10.25,1.0625],"tintindex":0,"rotation":0,"texture":"#3"}},"rotation":{"origin":[5.149323,16.158836,7.494816],"angle":45.0,"axis":"z"}},{"from":[7.057517,24.79018,7.1585546],"to":[8.19874,26.159647,7.8306074],"faces":{"east":{"uv":[2.0,7.0,2.375,7.53125],"tintindex":0,"rotation":0,"texture":"#3"},"south":{"uv":[3.75,6.5,4.1875,7.03125],"tintindex":0,"rotation":0,"texture":"#3"},"north":{"uv":[6.5,4.5,6.9375,5.03125],"tintindex":0,"rotation":0,"texture":"#3"},"west":{"uv":[1.5,7.0,1.875,7.53125],"tintindex":0,"rotation":0,"texture":"#3"},"up":{"uv":[7.9375,1.875,7.5,1.5],"tintindex":0,"rotation":0,"texture":"#3"},"down":{"uv":[2.9375,7.5,2.5,7.875],"tintindex":0,"rotation":0,"texture":"#3"}},"rotation":{"origin":[8.538355,20.11747,6.9303102],"angle":22.5,"axis":"z"}},{"from":[8.187835,0.27578163,7.1594486],"to":[8.59408,0.885149,7.7688165],"faces":{"east":{"uv":[9.0625,5.25,8.875,5.4375],"tintindex":0,"rotation":0,"texture":"#0"},"south":{"uv":[9.25,3.25,9.125,3.4375],"tintindex":0,"rotation":0,"texture":"#0"},"north":{"uv":[9.25,2.875,9.125,3.0625],"tintindex":0,"rotation":0,"texture":"#0"},"west":{"uv":[5.4375,8.875,5.25,9.0625],"tintindex":0,"rotation":0,"texture":"#0"},"up":{"uv":[9.125,3.6875,9.25,3.5],"tintindex":0,"rotation":0,"texture":"#0"},"down":{"uv":[3.75,9.125,3.875,9.3125],"tintindex":0,"rotation":0,"texture":"#0"}}},{"from":[8.4315815,-1.7785778,7.0578876],"to":[9.528442,-1.1692104,7.8703775],"faces":{"east":{"uv":[1.0,8.75,1.25,8.9375],"tintindex":0,"rotation":0,"texture":"#0"},"south":{"uv":[8.375,6.0,8.71875,6.1875],"tintindex":0,"rotation":0,"texture":"#0"},"north":{"uv":[8.375,5.5,8.71875,5.6875],"tintindex":0,"rotation":0,"texture":"#0"},"west":{"uv":[1.25,8.75,1.5,8.9375],"tintindex":0,"rotation":0,"texture":"#0"},"up":{"uv":[7.09375,8.5,6.75,8.25],"tintindex":0,"rotation":0,"texture":"#0"},"down":{"uv":[7.46875,8.25,7.125,8.5],"tintindex":0,"rotation":0,"texture":"#0"}},"rotation":{"origin":[9.122198,-1.0879612,7.464133],"angle":45.0,"axis":"z"}},{"from":[11.338763,12.733525,7.279017],"to":[11.972776,14.318557,7.646744],"faces":{"east":{"uv":[7.65625,8.5,7.5,9.125],"tintindex":0,"rotation":0,"texture":"#3"},"south":{"uv":[7.75,3.0,7.5,3.625],"tintindex":0,"rotation":0,"texture":"#3"},"north":{"uv":[3.25,7.5,3.0,8.125],"tintindex":0,"rotation":0,"texture":"#3"},"west":{"uv":[7.40625,8.5,7.25,9.125],"tintindex":0,"rotation":0,"texture":"#3"},"up":{"uv":[8.25,9.90625,8.5,9.75],"tintindex":0,"rotation":0,"texture":"#3"},"down":{"uv":[9.75,8.25,10.0,8.40625],"tintindex":0,"rotation":0,"texture":"#3"}},"rotation":{"origin":[9.578916,12.839038,7.64611],"angle":-22.5,"axis":"z"}},{"from":[6.051098,14.420062,7.1516438],"to":[7.0021167,18.224136,7.785656],"faces":{"east":{"uv":[4.5,1.5,4.75,3.0],"tintindex":0,"rotation":0,"texture":"#3"},"south":{"uv":[4.0,0.0,4.375,1.5],"tintindex":0,"rotation":0,"texture":"#3"},"north":{"uv":[0.0,4.0,0.375,5.5],"tintindex":0,"rotation":0,"texture":"#3"},"west":{"uv":[4.25,4.5,4.5,6.0],"tintindex":0,"rotation":0,"texture":"#3"},"up":{"uv":[0.375,9.0,0.0,8.75],"tintindex":0,"rotation":0,"texture":"#3"},"down":{"uv":[0.875,8.75,0.5,9.0],"tintindex":0,"rotation":0,"texture":"#3"}}},{"from":[4.309377,23.18143,7.1712346],"to":[4.9941106,24.66502,7.8179274],"faces":{"east":{"uv":[6.25,7.25,6.53125,7.84375],"tintindex":0,"rotation":0,"texture":"#3"},"south":{"uv":[4.75,7.25,5.03125,7.84375],"tintindex":0,"rotation":0,"texture":"#3"},"north":{"uv":[5.75,7.25,6.03125,7.84375],"tintindex":0,"rotation":0,"texture":"#3"},"west":{"uv":[5.25,7.25,5.53125,7.84375],"tintindex":0,"rotation":0,"texture":"#3"},"up":{"uv":[9.28125,4.03125,9.0,3.75],"tintindex":0,"rotation":0,"texture":"#3"},"down":{"uv":[4.53125,9.0,4.25,9.28125],"tintindex":0,"rotation":0,"texture":"#3"}},"rotation":{"origin":[8.538355,20.11747,6.9303102],"angle":-22.5,"axis":"z"}},{"from":[6.2716203,12.733525,7.279017],"to":[6.905633,14.318557,7.646744],"faces":{"east":{"uv":[7.25,8.5,7.40625,9.125],"tintindex":0,"rotation":0,"texture":"#3"},"south":{"uv":[7.5,3.0,7.75,3.625],"tintindex":0,"rotation":0,"texture":"#3"},"north":{"uv":[3.0,7.5,3.25,8.125],"tintindex":0,"rotation":0,"texture":"#3"},"west":{"uv":[7.5,8.5,7.65625,9.125],"tintindex":0,"rotation":0,"texture":"#3"},"up":{"uv":[8.5,9.90625,8.25,9.75],"tintindex":0,"rotation":0,"texture":"#3"},"down":{"uv":[10.0,8.25,9.75,8.40625],"tintindex":0,"rotation":0,"texture":"#3"}},"rotation":{"origin":[8.665481,12.839038,7.64611],"angle":22.5,"axis":"z"}},{"from":[8.213005,7.982857,6.463447],"to":[10.005993,8.958241,8.506014],"faces":{"east":{"uv":[5.25,4.25,6.0625,4.625],"tintindex":0,"rotation":0,"texture":"#3"},"south":{"uv":[5.75,3.0,6.46875,3.375],"tintindex":0,"rotation":0,"texture":"#3"},"north":{"uv":[2.75,5.75,3.46875,6.125],"tintindex":0,"rotation":0,"texture":"#3"},"west":{"uv":[4.5,5.25,5.3125,5.625],"tintindex":0,"rotation":0,"texture":"#3"},"up":{"uv":[3.96875,3.8125,3.25,3.0],"tintindex":0,"rotation":0,"texture":"#3"},"down":{"uv":[4.46875,2.0,3.75,2.8125],"tintindex":0,"rotation":0,"texture":"#3"}}},{"from":[10.911851,9.97899,7.279017],"to":[11.298535,11.408002,7.596023],"faces":{"east":{"uv":[10.125,5.25,10.0,5.5],"tintindex":0,"rotation":0,"texture":"#3"},"south":{"uv":[9.90625,9.25,9.75,9.5],"tintindex":0,"rotation":0,"texture":"#3"},"north":{"uv":[9.90625,9.0,9.75,9.25],"tintindex":0,"rotation":0,"texture":"#3"},"west":{"uv":[5.375,10.0,5.25,10.25],"tintindex":0,"rotation":0,"texture":"#3"},"up":{"uv":[8.75,10.125,8.90625,10.0],"tintindex":0,"rotation":0,"texture":"#3"},"down":{"uv":[10.0,8.75,10.15625,8.875],"tintindex":0,"rotation":0,"texture":"#3"}},"rotation":{"origin":[11.298535,10.77399,7.2409763],"angle":-45.0,"axis":"z"}},{"from":[11.41177,10.6607485,7.2726765],"to":[12.185101,11.047414,7.582011],"faces":{"east":{"uv":[10.125,9.0,10.0,9.15625],"tintindex":0,"rotation":0,"texture":"#3"},"south":{"uv":[9.8125,8.75,9.5,8.90625],"tintindex":0,"rotation":0,"texture":"#3"},"north":{"uv":[9.8125,8.5,9.5,8.65625],"tintindex":0,"rotation":0,"texture":"#3"},"west":{"uv":[9.125,10.0,9.0,10.15625],"tintindex":0,"rotation":0,"texture":"#3"},"up":{"uv":[9.75,9.625,10.0625,9.5],"tintindex":0,"rotation":0,"texture":"#3"},"down":{"uv":[9.75,9.75,10.0625,9.875],"tintindex":0,"rotation":0,"texture":"#3"}}},{"from":[11.497922,8.6021595,6.97322],"to":[12.292922,8.927562,7.96379],"faces":{"east":{"uv":[2.1875,9.25,2.125,9.375],"tintindex":0,"rotation":0,"texture":"#0"},"south":{"uv":[9.125,5.75,9.3125,5.875],"tintindex":0,"rotation":0,"texture":"#0"},"north":{"uv":[9.3125,5.75,9.125,5.875],"tintindex":0,"rotation":0,"texture":"#0"},"west":{"uv":[2.0625,9.25,2.0,9.375],"tintindex":0,"rotation":0,"texture":"#0"},"up":{"uv":[0.375,9.3125,0.5625,9.25],"tintindex":0,"rotation":0,"texture":"#0"},"down":{"uv":[0.875,9.25,1.0625,9.3125],"tintindex":0,"rotation":0,"texture":"#0"}},"rotation":{"origin":[11.497922,9.036029,7.885252],"angle":45.0,"axis":"z"}},{"from":[13.536568,5.8709126,7.43118],"to":[16.197304,8.044586,7.43118],"faces":{"south":{"uv":[0.0,0.0,6.75,5.5],"tintindex":0,"rotation":0,"texture":"#4"},"north":{"uv":[6.75,0.0,0.0,5.5],"tintindex":0,"rotation":0,"texture":"#4"}},"rotation":{"origin":[5.080426,14.3433075,6.876197],"angle":-22.5,"axis":"z"}},{"from":[6.8643394,18.585905,7.2092752],"to":[7.815358,20.635231,7.7164855],"faces":{"east":{"uv":[4.25,7.5,4.4375,8.3125],"tintindex":0,"rotation":0,"texture":"#3"},"south":{"uv":[0.5,5.5,0.875,6.3125],"tintindex":0,"rotation":0,"texture":"#3"},"north":{"uv":[0.0,5.5,0.375,6.3125],"tintindex":0,"rotation":0,"texture":"#3"},"west":{"uv":[7.5,4.25,7.6875,5.0625],"tintindex":0,"rotation":0,"texture":"#3"},"up":{"uv":[9.625,4.9375,9.25,4.75],"tintindex":0,"rotation":0,"texture":"#3"},"down":{"uv":[5.375,9.25,5.0,9.4375],"tintindex":0,"rotation":0,"texture":"#3"}},"rotation":{"origin":[8.318092,16.360794,7.200038],"angle":22.5,"axis":"z"}},{"from":[2.4986277,-2.5560875,7.494581],"to":[5.159363,-0.38241386,7.494581],"faces":{"south":{"uv":[6.75,5.5,0.0,0.0],"tintindex":0,"rotation":0,"texture":"#4"},"north":{"uv":[0.0,5.5,6.75,0.0],"tintindex":0,"rotation":0,"texture":"#4"}},"rotation":{"origin":[13.615504,-9.120483,8.049564],"angle":-22.5,"axis":"z"}},{"from":[11.11077,8.479835,6.94778],"to":[11.677483,9.23545,7.98287],"faces":{"east":{"uv":[9.21875,5.5,9.125,5.75],"tintindex":0,"rotation":0,"texture":"#0"},"south":{"uv":[8.75,2.75,8.9375,3.0],"tintindex":0,"rotation":0,"texture":"#0"},"north":{"uv":[8.9375,2.75,8.75,3.0],"tintindex":0,"rotation":0,"texture":"#0"},"west":{"uv":[5.59375,9.125,5.5,9.375],"tintindex":0,"rotation":0,"texture":"#0"},"up":{"uv":[9.125,8.21875,9.3125,8.125],"tintindex":0,"rotation":0,"texture":"#0"},"down":{"uv":[9.125,8.5,9.3125,8.59375],"tintindex":0,"rotation":0,"texture":"#0"}}},{"from":[7.116226,8.537155,7.1370993],"to":[7.889563,9.918326,7.7557626],"faces":{"east":{"uv":[0.5,8.0,0.75,8.53125],"tintindex":0,"rotation":0,"texture":"#3"},"south":{"uv":[6.75,7.25,7.0625,7.78125],"tintindex":0,"rotation":0,"texture":"#3"},"north":{"uv":[7.25,6.5,7.5625,7.03125],"tintindex":0,"rotation":0,"texture":"#3"},"west":{"uv":[0.75,8.0,1.0,8.53125],"tintindex":0,"rotation":0,"texture":"#3"},"up":{"uv":[5.5625,9.25,5.25,9.0],"tintindex":0,"rotation":0,"texture":"#3"},"down":{"uv":[9.3125,5.25,9.0,5.5],"tintindex":0,"rotation":0,"texture":"#3"}}},{"from":[4.584437,12.127042,7.3304353],"to":[4.971102,12.513707,7.5624332],"faces":{"east":{"uv":[10.0,10.0,10.09375,10.15625],"tintindex":0,"rotation":0,"texture":"#3"},"south":{"uv":[10.0,7.25,10.15625,7.40625],"tintindex":0,"rotation":0,"texture":"#3"},"north":{"uv":[7.25,10.0,7.40625,10.15625],"tintindex":0,"rotation":0,"texture":"#3"},"west":{"uv":[0.0,10.25,0.09375,10.40625],"tintindex":0,"rotation":0,"texture":"#3"},"up":{"uv":[0.40625,10.34375,0.25,10.25],"tintindex":0,"rotation":0,"texture":"#3"},"down":{"uv":[0.65625,10.25,0.5,10.34375],"tintindex":0,"rotation":0,"texture":"#3"}},"rotation":{"origin":[9.007645,15.101201,7.366688],"angle":22.5,"axis":"z"}},{"from":[10.402685,7.9188323,6.90326],"to":[10.605808,8.731322,8.01626],"faces":{"east":{"uv":[8.625,7.5,8.375,7.75],"tintindex":0,"rotation":0,"texture":"#0"},"south":{"uv":[2.4375,8.75,2.25,9.0],"tintindex":0,"rotation":0,"texture":"#0"},"north":{"uv":[2.1875,8.75,2.0,9.0],"tintindex":0,"rotation":0,"texture":"#0"},"west":{"uv":[8.625,7.25,8.375,7.5],"tintindex":0,"rotation":0,"texture":"#0"},"up":{"uv":[8.75,2.5,8.9375,2.25],"tintindex":0,"rotation":0,"texture":"#0"},"down":{"uv":[2.5,8.75,2.6875,9.0],"tintindex":0,"rotation":0,"texture":"#0"}}},{"from":[13.0971985,21.055412,7.348858],"to":[16.739887,23.837912,7.348858],"faces":{"south":{"uv":[4.625,0.59375,4.21875,0.25],"tintindex":0,"rotation":270,"texture":"#0"},"north":{"uv":[4.21875,0.59375,4.625,0.25],"tintindex":0,"rotation":90,"texture":"#0"}}},{"from":[10.045656,24.79018,7.1585546],"to":[11.186879,26.159647,7.8306074],"faces":{"east":{"uv":[1.875,7.0,1.5,7.53125],"tintindex":0,"rotation":0,"texture":"#3"},"south":{"uv":[4.1875,6.5,3.75,7.03125],"tintindex":0,"rotation":0,"texture":"#3"},"north":{"uv":[6.9375,4.5,6.5,5.03125],"tintindex":0,"rotation":0,"texture":"#3"},"west":{"uv":[2.375,7.0,2.0,7.53125],"tintindex":0,"rotation":0,"texture":"#3"},"up":{"uv":[7.5,1.875,7.9375,1.5],"tintindex":0,"rotation":0,"texture":"#3"},"down":{"uv":[2.5,7.5,2.9375,7.875],"tintindex":0,"rotation":0,"texture":"#3"}},"rotation":{"origin":[9.706041,20.11747,6.9303102],"angle":-22.5,"axis":"z"}},{"from":[8.965942,22.93717,7.2422285],"to":[9.8724785,23.39044,7.7861476],"faces":{"east":{"uv":[9.75,6.25,9.96875,6.4375],"tintindex":0,"rotation":0,"texture":"#3"},"south":{"uv":[2.5,9.5,2.84375,9.6875],"tintindex":0,"rotation":0,"texture":"#3"},"north":{"uv":[9.5,2.5,9.84375,2.6875],"tintindex":0,"rotation":0,"texture":"#3"},"west":{"uv":[6.25,9.75,6.46875,9.9375],"tintindex":0,"rotation":0,"texture":"#3"},"up":{"uv":[0.59375,9.46875,0.25,9.25],"tintindex":0,"rotation":0,"texture":"#3"},"down":{"uv":[9.59375,0.5,9.25,0.71875],"tintindex":0,"rotation":0,"texture":"#3"}},"rotation":{"origin":[9.8724785,23.843708,7.523679],"angle":-45.0,"axis":"z"}},{"from":[10.35028,7.72476,6.9096203],"to":[10.792681,8.529125,8.01149],"faces":{"east":{"uv":[2.9375,8.75,2.75,9.0],"tintindex":0,"rotation":0,"texture":"#0"},"south":{"uv":[5.625,8.875,5.5,9.125],"tintindex":0,"rotation":0,"texture":"#0"},"north":{"uv":[6.25,7.25,6.125,7.5],"tintindex":0,"rotation":0,"texture":"#0"},"west":{"uv":[8.9375,2.5,8.75,2.75],"tintindex":0,"rotation":0,"texture":"#0"},"up":{"uv":[3.875,9.3125,4.0,9.125],"tintindex":0,"rotation":0,"texture":"#0"},"down":{"uv":[9.125,5.25,9.25,5.4375],"tintindex":0,"rotation":0,"texture":"#0"}},"rotation":{"origin":[10.35028,8.529125,7.9241276],"angle":45.0,"axis":"z"}},{"from":[6.4211664,5.314412,8.510254],"to":[10.274948,12.299392,8.510254],"faces":{"south":{"uv":[15.5625,0.0,7.5625,14.5],"tintindex":0,"rotation":0,"texture":"#2"},"north":{"uv":[7.6875,0.0,15.6875,14.5],"tintindex":0,"rotation":0,"texture":"#2"}},"rotation":{"origin":[8.780918,7.3172903,9.9755],"angle":45.0,"axis":"z"}},{"from":[6.706256,8.679075,6.93506],"to":[7.2079687,9.45094,7.99241],"faces":{"east":{"uv":[8.875,7.0,9.0,7.25],"tintindex":0,"rotation":0,"texture":"#0"},"south":{"uv":[8.78125,8.75,8.625,9.0],"tintindex":0,"rotation":0,"texture":"#0"},"north":{"uv":[8.625,8.75,8.78125,9.0],"tintindex":0,"rotation":0,"texture":"#0"},"west":{"uv":[8.875,7.25,9.0,7.5],"tintindex":0,"rotation":0,"texture":"#0"},"up":{"uv":[9.28125,8.125,9.125,8.0],"tintindex":0,"rotation":0,"texture":"#0"},"down":{"uv":[8.28125,9.125,8.125,9.25],"tintindex":0,"rotation":0,"texture":"#0"}},"rotation":{"origin":[6.706256,8.679075,7.9085774],"angle":-22.5,"axis":"z"}},{"from":[10.418123,7.693186,6.9159803],"to":[10.816242,8.369989,8.00672],"faces":{"east":{"uv":[7.5625,8.75,7.375,8.96875],"tintindex":0,"rotation":0,"texture":"#0"},"south":{"uv":[8.75,0.0,8.375,0.21875],"tintindex":0,"rotation":0,"texture":"#0"},"north":{"uv":[8.625,8.25,8.25,8.46875],"tintindex":0,"rotation":0,"texture":"#0"},"west":{"uv":[7.3125,8.75,7.125,8.96875],"tintindex":0,"rotation":0,"texture":"#0"},"up":{"uv":[5.25,8.5625,5.625,8.375],"tintindex":0,"rotation":0,"texture":"#0"},"down":{"uv":[8.375,5.25,8.75,5.4375],"tintindex":0,"rotation":0,"texture":"#0"}},"rotation":{"origin":[10.418123,8.489426,7.92024],"angle":45.0,"axis":"z"}},{"from":[6.6797023,26.039501,7.1585546],"to":[7.364436,26.546711,7.8306074],"faces":{"east":{"uv":[9.5,6.75,9.8125,6.9375],"tintindex":0,"rotation":0,"texture":"#3"},"south":{"uv":[9.5,7.0,9.78125,7.1875],"tintindex":0,"rotation":0,"texture":"#3"},"north":{"uv":[7.25,9.5,7.53125,9.6875],"tintindex":0,"rotation":0,"texture":"#3"},"west":{"uv":[6.75,9.5,7.0625,9.6875],"tintindex":0,"rotation":0,"texture":"#3"},"up":{"uv":[9.03125,8.0625,8.75,7.75],"tintindex":0,"rotation":0,"texture":"#3"},"down":{"uv":[8.53125,8.75,8.25,9.0625],"tintindex":0,"rotation":0,"texture":"#3"}}},{"from":[10.214728,8.7610235,6.9287],"to":[11.406923,9.541014,7.99718],"faces":{"east":{"uv":[3.90625,8.875,3.75,9.125],"tintindex":0,"rotation":0,"texture":"#0"},"south":{"uv":[8.875,7.5,9.0,7.75],"tintindex":0,"rotation":0,"texture":"#0"},"north":{"uv":[9.0,7.5,8.875,7.75],"tintindex":0,"rotation":0,"texture":"#0"},"west":{"uv":[9.03125,3.5,8.875,3.75],"tintindex":0,"rotation":0,"texture":"#0"},"up":{"uv":[8.375,9.28125,8.5,9.125],"tintindex":0,"rotation":0,"texture":"#0"},"down":{"uv":[8.5,9.125,8.625,9.28125],"tintindex":0,"rotation":0,"texture":"#0"}},"rotation":{"origin":[11.406923,8.7610235,7.912465],"angle":45.0,"axis":"z"}},{"from":[6.1206617,7.370141,6.9862933],"to":[7.5974674,8.600588,7.9862957],"faces":{"east":{"uv":[6.75,2.0,7.15625,2.5],"tintindex":0,"rotation":0,"texture":"#3"},"south":{"uv":[5.75,1.0,6.34375,1.5],"tintindex":0,"rotation":0,"texture":"#3"},"north":{"uv":[5.75,0.5,6.34375,1.0],"tintindex":0,"rotation":0,"texture":"#3"},"west":{"uv":[4.75,6.75,5.15625,7.25],"tintindex":0,"rotation":0,"texture":"#3"},"up":{"uv":[0.59375,6.90625,0.0,6.5],"tintindex":0,"rotation":0,"texture":"#3"},"down":{"uv":[7.09375,0.5,6.5,0.90625],"tintindex":0,"rotation":0,"texture":"#3"}}},{"from":[8.079737,5.212762,6.7646666],"to":[10.194827,5.579969,8.164629],"faces":{"east":{"uv":[8.75,6.75,9.3125,6.90625],"tintindex":0,"rotation":0,"texture":"#3"},"south":{"uv":[8.0,1.25,8.84375,1.40625],"tintindex":0,"rotation":0,"texture":"#3"},"north":{"uv":[8.0,1.25,8.84375,1.40625],"tintindex":0,"rotation":0,"texture":"#3"},"west":{"uv":[8.75,7.0,9.3125,7.15625],"tintindex":0,"rotation":0,"texture":"#3"},"up":{"uv":[3.34375,4.5625,2.5,4.0],"tintindex":0,"rotation":0,"texture":"#3"},"down":{"uv":[4.84375,3.0,4.0,3.5625],"tintindex":0,"rotation":0,"texture":"#3"}}},{"from":[4.352198,11.276913,7.464133],"to":[6.404888,12.881619,7.464133],"faces":{"south":{"uv":[4.0,0.0,4.84375,0.71875],"tintindex":0,"rotation":270,"texture":"#0"},"north":{"uv":[4.0,0.0,4.84375,0.71875],"tintindex":0,"rotation":90,"texture":"#0"}},"rotation":{"origin":[4.915853,11.523362,9.087845],"angle":-45.0,"axis":"z"}},{"from":[6.0592957,10.6607485,7.2726765],"to":[6.8326263,11.047414,7.582011],"faces":{"east":{"uv":[9.0,10.0,9.125,10.15625],"tintindex":0,"rotation":0,"texture":"#3"},"south":{"uv":[9.5,8.75,9.8125,8.90625],"tintindex":0,"rotation":0,"texture":"#3"},"north":{"uv":[9.5,8.5,9.8125,8.65625],"tintindex":0,"rotation":0,"texture":"#3"},"west":{"uv":[10.0,9.0,10.125,9.15625],"tintindex":0,"rotation":0,"texture":"#3"},"up":{"uv":[10.0625,9.625,9.75,9.5],"tintindex":0,"rotation":0,"texture":"#3"},"down":{"uv":[10.0625,9.75,9.75,9.875],"tintindex":0,"rotation":0,"texture":"#3"}}},{"from":[9.440198,4.5989122,7.1594486],"to":[10.394197,5.2082796,7.7688165],"faces":{"east":{"uv":[4.75,8.875,4.9375,9.0625],"tintindex":0,"rotation":0,"texture":"#0"},"south":{"uv":[0.25,8.75,0.5,8.9375],"tintindex":0,"rotation":0,"texture":"#0"},"north":{"uv":[8.75,0.0,9.0,0.1875],"tintindex":0,"rotation":0,"texture":"#0"},"west":{"uv":[5.0,8.875,5.1875,9.0625],"tintindex":0,"rotation":0,"texture":"#0"},"up":{"uv":[0.75,8.9375,0.5,8.75],"tintindex":0,"rotation":0,"texture":"#0"},"down":{"uv":[1.0,8.75,0.75,8.9375],"tintindex":0,"rotation":0,"texture":"#0"}}},{"from":[6.837473,8.7610235,6.9287],"to":[8.029668,9.541014,7.99718],"faces":{"east":{"uv":[8.875,3.5,9.03125,3.75],"tintindex":0,"rotation":0,"texture":"#0"},"south":{"uv":[9.0,7.5,8.875,7.75],"tintindex":0,"rotation":0,"texture":"#0"},"north":{"uv":[8.875,7.5,9.0,7.75],"tintindex":0,"rotation":0,"texture":"#0"},"west":{"uv":[3.75,8.875,3.90625,9.125],"tintindex":0,"rotation":0,"texture":"#0"},"up":{"uv":[8.5,9.28125,8.375,9.125],"tintindex":0,"rotation":0,"texture":"#0"},"down":{"uv":[8.625,9.125,8.5,9.28125],"tintindex":0,"rotation":0,"texture":"#0"}},"rotation":{"origin":[6.837473,8.7610235,7.912465],"angle":-45.0,"axis":"z"}},{"from":[11.575916,22.101301,7.1712346],"to":[12.843941,23.242523,7.8179274],"faces":{"east":{"uv":[8.0625,7.25,7.75,7.6875],"tintindex":0,"rotation":0,"texture":"#3"},"south":{"uv":[7.0,1.0,6.5,1.4375],"tintindex":0,"rotation":0,"texture":"#3"},"north":{"uv":[7.0,5.25,6.5,5.6875],"tintindex":0,"rotation":0,"texture":"#3"},"west":{"uv":[8.0625,7.75,7.75,8.1875],"tintindex":0,"rotation":0,"texture":"#3"},"up":{"uv":[3.25,7.8125,3.75,7.5],"tintindex":0,"rotation":0,"texture":"#3"},"down":{"uv":[7.5,3.75,8.0,4.0625],"tintindex":0,"rotation":0,"texture":"#3"}},"rotation":{"origin":[9.767351,20.158941,6.987371],"angle":-22.5,"axis":"z"}},{"from":[2.4986277,-2.5560875,7.494581],"to":[5.159363,-0.38241386,7.494581],"faces":{"south":{"uv":[6.75,5.5,0.0,0.0],"tintindex":0,"rotation":0,"texture":"#4"},"north":{"uv":[0.0,5.5,6.75,0.0],"tintindex":0,"rotation":0,"texture":"#4"}},"rotation":{"origin":[13.615504,-9.120483,8.049564],"angle":-22.5,"axis":"z"}},{"from":[8.73139,-0.7785044,7.073325],"to":[9.513006,0.26072788,7.8549404],"faces":{"east":{"uv":[8.625,1.5,8.9375,1.6875],"tintindex":0,"rotation":0,"texture":"#0"},"south":{"uv":[8.625,1.75,8.9375,1.9375],"tintindex":0,"rotation":0,"texture":"#0"},"north":{"uv":[8.625,1.25,8.9375,1.4375],"tintindex":0,"rotation":0,"texture":"#0"},"west":{"uv":[8.625,2.0,8.9375,2.1875],"tintindex":0,"rotation":0,"texture":"#0"},"up":{"uv":[6.0625,8.0625,5.75,7.75],"tintindex":0,"rotation":0,"texture":"#0"},"down":{"uv":[8.1875,0.375,7.875,0.6875],"tintindex":0,"rotation":0,"texture":"#0"}}},{"from":[10.169094,7.7010174,6.9223404],"to":[10.68137,8.489133,8.00195],"faces":{"east":{"uv":[8.84375,7.0,8.625,7.25],"tintindex":0,"rotation":0,"texture":"#0"},"south":{"uv":[8.53125,8.75,8.375,9.0],"tintindex":0,"rotation":0,"texture":"#0"},"north":{"uv":[8.28125,8.75,8.125,9.0],"tintindex":0,"rotation":0,"texture":"#0"},"west":{"uv":[8.84375,6.75,8.625,7.0],"tintindex":0,"rotation":0,"texture":"#0"},"up":{"uv":[8.875,6.21875,9.03125,6.0],"tintindex":0,"rotation":0,"texture":"#0"},"down":{"uv":[8.875,6.75,9.03125,6.96875],"tintindex":0,"rotation":0,"texture":"#0"}},"rotation":{"origin":[10.169094,8.489133,7.9163523],"angle":22.5,"axis":"z"}},{"from":[12.025412,21.030422,7.1585546],"to":[13.280756,21.601034,7.8306074],"faces":{"east":{"uv":[9.78125,4.0,9.5,4.21875],"tintindex":0,"rotation":0,"texture":"#3"},"south":{"uv":[9.0,2.75,8.5,2.96875],"tintindex":0,"rotation":0,"texture":"#3"},"north":{"uv":[3.75,8.5,3.25,8.71875],"tintindex":0,"rotation":0,"texture":"#3"},"west":{"uv":[5.28125,9.5,5.0,9.71875],"tintindex":0,"rotation":0,"texture":"#3"},"up":{"uv":[7.75,3.53125,8.25,3.25],"tintindex":0,"rotation":0,"texture":"#3"},"down":{"uv":[3.75,7.75,4.25,8.03125],"tintindex":0,"rotation":0,"texture":"#3"}},"rotation":{"origin":[9.706041,20.11747,6.9429903],"angle":-22.5,"axis":"z"}},{"from":[-1.3922272,9.600248,7.031752],"to":[-0.5680113,10.711362,7.920644],"faces":{"east":{"uv":[7.5,5.25,7.84375,5.6875],"tintindex":0,"rotation":0,"texture":"#3"},"south":{"uv":[7.75,6.75,8.0625,7.1875],"tintindex":0,"rotation":0,"texture":"#3"},"north":{"uv":[7.75,6.25,8.0625,6.6875],"tintindex":0,"rotation":0,"texture":"#3"},"west":{"uv":[7.5,5.75,7.84375,6.1875],"tintindex":0,"rotation":0,"texture":"#3"},"up":{"uv":[8.8125,4.09375,8.5,3.75],"tintindex":0,"rotation":0,"texture":"#3"},"down":{"uv":[5.0625,8.5,4.75,8.84375],"tintindex":0,"rotation":0,"texture":"#3"}},"rotation":{"origin":[5.3242536,17.729925,7.375228],"angle":45.0,"axis":"z"}},{"from":[11.346872,17.164234,7.152214],"to":[11.917483,18.476639,7.836948],"faces":{"east":{"uv":[7.5625,7.25,7.25,7.78125],"tintindex":0,"rotation":0,"texture":"#3"},"south":{"uv":[3.21875,8.25,3.0,8.78125],"tintindex":0,"rotation":0,"texture":"#3"},"north":{"uv":[4.71875,8.25,4.5,8.78125],"tintindex":0,"rotation":0,"texture":"#3"},"west":{"uv":[0.3125,7.5,0.0,8.03125],"tintindex":0,"rotation":0,"texture":"#3"},"up":{"uv":[9.5,1.8125,9.71875,1.5],"tintindex":0,"rotation":0,"texture":"#3"},"down":{"uv":[1.75,9.5,1.96875,9.8125],"tintindex":0,"rotation":0,"texture":"#3"}},"rotation":{"origin":[9.706041,20.11747,6.9303102],"angle":45.0,"axis":"z"}},{"from":[8.174524,22.830822,7.2422285],"to":[9.08106,23.284084,7.7861476],"faces":{"east":{"uv":[5.5,9.75,5.71875,9.9375],"tintindex":0,"rotation":0,"texture":"#3"},"south":{"uv":[9.25,8.25,9.59375,8.4375],"tintindex":0,"rotation":0,"texture":"#3"},"north":{"uv":[2.0,9.5,2.34375,9.6875],"tintindex":0,"rotation":0,"texture":"#3"},"west":{"uv":[5.25,9.75,5.46875,9.9375],"tintindex":0,"rotation":0,"texture":"#3"},"up":{"uv":[9.34375,8.71875,9.0,8.5],"tintindex":0,"rotation":0,"texture":"#3"},"down":{"uv":[9.34375,8.75,9.0,8.96875],"tintindex":0,"rotation":0,"texture":"#3"}},"rotation":{"origin":[9.08106,23.737352,7.6143303],"angle":22.5,"axis":"z"}},{"from":[5.951474,8.6021595,6.97322],"to":[6.7464743,8.927562,7.96379],"faces":{"east":{"uv":[2.0,9.25,2.0625,9.375],"tintindex":0,"rotation":0,"texture":"#0"},"south":{"uv":[9.3125,5.75,9.125,5.875],"tintindex":0,"rotation":0,"texture":"#0"},"north":{"uv":[9.125,5.75,9.3125,5.875],"tintindex":0,"rotation":0,"texture":"#0"},"west":{"uv":[2.125,9.25,2.1875,9.375],"tintindex":0,"rotation":0,"texture":"#0"},"up":{"uv":[0.5625,9.3125,0.375,9.25],"tintindex":0,"rotation":0,"texture":"#0"},"down":{"uv":[1.0625,9.25,0.875,9.3125],"tintindex":0,"rotation":0,"texture":"#0"}},"rotation":{"origin":[6.7464743,9.036029,7.885252],"angle":-45.0,"axis":"z"}},{"from":[11.426901,5.971863,7.43118],"to":[14.882637,8.9405365,7.43118],"faces":{"south":{"uv":[5.15625,1.96875,6.5625,2.9375],"tintindex":0,"rotation":0,"texture":"#0"},"north":{"uv":[6.5625,1.96875,5.15625,2.9375],"tintindex":0,"rotation":0,"texture":"#0"}}},{"from":[10.354833,8.537155,7.1370993],"to":[11.12817,9.918326,7.7557626],"faces":{"east":{"uv":[1.0,8.0,0.75,8.53125],"tintindex":0,"rotation":0,"texture":"#3"},"south":{"uv":[7.0625,7.25,6.75,7.78125],"tintindex":0,"rotation":0,"texture":"#3"},"north":{"uv":[7.5625,6.5,7.25,7.03125],"tintindex":0,"rotation":0,"texture":"#3"},"west":{"uv":[0.75,8.0,0.5,8.53125],"tintindex":0,"rotation":0,"texture":"#3"},"up":{"uv":[5.25,9.25,5.5625,9.0],"tintindex":0,"rotation":0,"texture":"#3"},"down":{"uv":[9.0,5.25,9.3125,5.5],"tintindex":0,"rotation":0,"texture":"#3"}}},{"from":[8.6737385,23.009018,7.2422285],"to":[9.580275,23.462286,7.7861476],"faces":{"east":{"uv":[5.25,9.75,5.46875,9.9375],"tintindex":0,"rotation":0,"texture":"#3"},"south":{"uv":[2.0,9.5,2.34375,9.6875],"tintindex":0,"rotation":0,"texture":"#3"},"north":{"uv":[9.25,8.25,9.59375,8.4375],"tintindex":0,"rotation":0,"texture":"#3"},"west":{"uv":[5.5,9.75,5.71875,9.9375],"tintindex":0,"rotation":0,"texture":"#3"},"up":{"uv":[9.34375,8.71875,9.0,8.5],"tintindex":0,"rotation":0,"texture":"#3"},"down":{"uv":[9.34375,8.75,9.0,8.96875],"tintindex":0,"rotation":0,"texture":"#3"}},"rotation":{"origin":[8.6737385,23.915554,6.7984514],"angle":22.5,"axis":"z"}},{"from":[3.2187805,21.630991,7.152214],"to":[4.5882473,23.342825,7.849628],"faces":{"east":{"uv":[5.75,2.25,6.15625,2.9375],"tintindex":0,"rotation":0,"texture":"#3"},"south":{"uv":[4.5,4.5,5.03125,5.1875],"tintindex":0,"rotation":0,"texture":"#3"},"north":{"uv":[0.5,4.75,1.03125,5.4375],"tintindex":0,"rotation":0,"texture":"#3"},"west":{"uv":[5.75,1.5,6.15625,2.1875],"tintindex":0,"rotation":0,"texture":"#3"},"up":{"uv":[7.28125,0.40625,6.75,0.0],"tintindex":0,"rotation":0,"texture":"#3"},"down":{"uv":[7.28125,1.5,6.75,1.90625],"tintindex":0,"rotation":0,"texture":"#3"}},"rotation":{"origin":[8.538355,20.11747,6.9303102],"angle":-22.5,"axis":"z"}},{"from":[9.650316,0.27578163,7.1594486],"to":[10.056561,0.885149,7.7688165],"faces":{"east":{"uv":[5.25,8.875,5.4375,9.0625],"tintindex":0,"rotation":0,"texture":"#0"},"south":{"uv":[9.125,3.25,9.25,3.4375],"tintindex":0,"rotation":0,"texture":"#0"},"north":{"uv":[9.125,2.875,9.25,3.0625],"tintindex":0,"rotation":0,"texture":"#0"},"west":{"uv":[8.875,5.25,9.0625,5.4375],"tintindex":0,"rotation":0,"texture":"#0"},"up":{"uv":[9.25,3.6875,9.125,3.5],"tintindex":0,"rotation":0,"texture":"#0"},"down":{"uv":[3.875,9.125,3.75,9.3125],"tintindex":0,"rotation":0,"texture":"#0"}}},{"from":[6.3269124,17.164234,7.152214],"to":[6.897524,18.476639,7.836948],"faces":{"east":{"uv":[0.0,7.5,0.3125,8.03125],"tintindex":0,"rotation":0,"texture":"#3"},"south":{"uv":[3.0,8.25,3.21875,8.78125],"tintindex":0,"rotation":0,"texture":"#3"},"north":{"uv":[4.5,8.25,4.71875,8.78125],"tintindex":0,"rotation":0,"texture":"#3"},"west":{"uv":[7.25,7.25,7.5625,7.78125],"tintindex":0,"rotation":0,"texture":"#3"},"up":{"uv":[9.71875,1.8125,9.5,1.5],"tintindex":0,"rotation":0,"texture":"#3"},"down":{"uv":[1.96875,9.5,1.75,9.8125],"tintindex":0,"rotation":0,"texture":"#3"}},"rotation":{"origin":[8.538355,20.11747,6.9303102],"angle":-45.0,"axis":"z"}},{"from":[7.5630264,7.7010174,6.9223404],"to":[8.075302,8.489133,8.00195],"faces":{"east":{"uv":[8.625,6.75,8.84375,7.0],"tintindex":0,"rotation":0,"texture":"#0"},"south":{"uv":[8.375,8.75,8.53125,9.0],"tintindex":0,"rotation":0,"texture":"#0"},"north":{"uv":[8.125,8.75,8.28125,9.0],"tintindex":0,"rotation":0,"texture":"#0"},"west":{"uv":[8.625,7.0,8.84375,7.25],"tintindex":0,"rotation":0,"texture":"#0"},"up":{"uv":[9.03125,6.21875,8.875,6.0],"tintindex":0,"rotation":0,"texture":"#0"},"down":{"uv":[9.03125,6.75,8.875,6.96875],"tintindex":0,"rotation":0,"texture":"#0"}},"rotation":{"origin":[8.075302,8.489133,7.9163523],"angle":-22.5,"axis":"z"}},{"from":[7.5316706,6.1381154,6.4777884],"to":[10.689623,8.253213,8.461607],"faces":{"east":{"uv":[1.25,3.0,2.03125,3.84375],"tintindex":0,"rotation":0,"texture":"#3"},"south":{"uv":[1.75,1.0,3.0,1.84375],"tintindex":0,"rotation":0,"texture":"#3"},"north":{"uv":[1.75,0.0,3.0,0.84375],"tintindex":0,"rotation":0,"texture":"#3"},"west":{"uv":[2.25,3.0,3.03125,3.84375],"tintindex":0,"rotation":0,"texture":"#3"},"up":{"uv":[1.25,2.78125,0.0,2.0],"tintindex":0,"rotation":0,"texture":"#3"},"down":{"uv":[2.5,2.0,1.25,2.78125],"tintindex":0,"rotation":0,"texture":"#3"}}},{"from":[9.194117,22.830822,7.2422285],"to":[10.100647,23.284084,7.7861476],"faces":{"east":{"uv":[5.25,9.75,5.46875,9.9375],"tintindex":0,"rotation":0,"texture":"#3"},"south":{"uv":[2.0,9.5,2.34375,9.6875],"tintindex":0,"rotation":0,"texture":"#3"},"north":{"uv":[9.25,8.25,9.59375,8.4375],"tintindex":0,"rotation":0,"texture":"#3"},"west":{"uv":[5.5,9.75,5.71875,9.9375],"tintindex":0,"rotation":0,"texture":"#3"},"up":{"uv":[9.34375,8.71875,9.0,8.5],"tintindex":0,"rotation":0,"texture":"#3"},"down":{"uv":[9.34375,8.75,9.0,8.96875],"tintindex":0,"rotation":0,"texture":"#3"}},"rotation":{"origin":[9.194117,23.737352,6.7984514],"angle":-22.5,"axis":"z"}},{"from":[8.402692,22.93717,7.2422285],"to":[9.309229,23.39044,7.7861476],"faces":{"east":{"uv":[6.25,9.75,6.46875,9.9375],"tintindex":0,"rotation":0,"texture":"#3"},"south":{"uv":[9.5,2.5,9.84375,2.6875],"tintindex":0,"rotation":0,"texture":"#3"},"north":{"uv":[2.5,9.5,2.84375,9.6875],"tintindex":0,"rotation":0,"texture":"#3"},"west":{"uv":[9.75,6.25,9.96875,6.4375],"tintindex":0,"rotation":0,"texture":"#3"},"up":{"uv":[0.59375,9.46875,0.25,9.25],"tintindex":0,"rotation":0,"texture":"#3"},"down":{"uv":[9.59375,0.5,9.25,0.71875],"tintindex":0,"rotation":0,"texture":"#3"}},"rotation":{"origin":[8.402692,23.843708,6.8891025],"angle":45.0,"axis":"z"}},{"from":[11.894025,14.504202,7.0190716],"to":[13.16205,15.138215,7.8876686],"faces":{"east":{"uv":[9.34375,0.25,9.0,0.5],"tintindex":0,"rotation":0,"texture":"#3"},"south":{"uv":[8.75,4.75,8.25,5.0],"tintindex":0,"rotation":0,"texture":"#3"},"north":{"uv":[8.75,3.5,8.25,3.75],"tintindex":0,"rotation":0,"texture":"#3"},"west":{"uv":[0.59375,9.0,0.25,9.25],"tintindex":0,"rotation":0,"texture":"#3"},"up":{"uv":[7.0,6.34375,7.5,6.0],"tintindex":0,"rotation":0,"texture":"#3"},"down":{"uv":[7.25,0.5,7.75,0.84375],"tintindex":0,"rotation":0,"texture":"#3"}},"rotation":{"origin":[10.189634,14.831943,6.2838645],"angle":-45.0,"axis":"z"}},{"from":[6.9717793,12.759248,7.0127316],"to":[7.922798,14.9782915,7.8940086],"faces":{"east":{"uv":[3.75,5.5,4.09375,6.375],"tintindex":0,"rotation":0,"texture":"#3"},"south":{"uv":[3.25,4.75,3.625,5.625],"tintindex":0,"rotation":0,"texture":"#3"},"north":{"uv":[2.75,4.75,3.125,5.625],"tintindex":0,"rotation":0,"texture":"#3"},"west":{"uv":[5.5,4.75,5.84375,5.625],"tintindex":0,"rotation":0,"texture":"#3"},"up":{"uv":[2.875,8.34375,2.5,8.0],"tintindex":0,"rotation":0,"texture":"#3"},"down":{"uv":[8.375,2.5,8.0,2.84375],"tintindex":0,"rotation":0,"texture":"#3"}},"rotation":{"origin":[8.297632,16.568224,7.3947306],"angle":-22.5,"axis":"z"}},{"from":[4.6680126,20.120121,7.1648946],"to":[6.06284,21.261343,7.8242674],"faces":{"east":{"uv":[1.5,7.75,1.84375,8.1875],"tintindex":0,"rotation":0,"texture":"#3"},"south":{"uv":[5.0,6.25,5.5625,6.6875],"tintindex":0,"rotation":0,"texture":"#3"},"north":{"uv":[5.75,6.25,6.3125,6.6875],"tintindex":0,"rotation":0,"texture":"#3"},"west":{"uv":[7.75,0.5,8.09375,0.9375],"tintindex":0,"rotation":0,"texture":"#3"},"up":{"uv":[7.5625,2.84375,7.0,2.5],"tintindex":0,"rotation":0,"texture":"#3"},"down":{"uv":[3.5625,7.0,3.0,7.34375],"tintindex":0,"rotation":0,"texture":"#3"}}},{"from":[8.4315815,-1.5754547,7.0172634],"to":[9.528442,-0.47859383,7.911002],"faces":{"east":{"uv":[8.25,0.75,8.53125,1.09375],"tintindex":0,"rotation":0,"texture":"#0"},"south":{"uv":[7.84375,5.25,7.5,5.59375],"tintindex":0,"rotation":0,"texture":"#0"},"north":{"uv":[7.5,5.25,7.84375,5.59375],"tintindex":0,"rotation":0,"texture":"#0"},"west":{"uv":[8.25,1.125,8.53125,1.46875],"tintindex":0,"rotation":0,"texture":"#0"},"up":{"uv":[8.59375,1.78125,8.25,1.5],"tintindex":0,"rotation":0,"texture":"#0"},"down":{"uv":[8.59375,1.875,8.25,2.15625],"tintindex":0,"rotation":0,"texture":"#0"}},"rotation":{"origin":[9.122198,-0.88483906,7.464133],"angle":45.0,"axis":"z"}},{"from":[13.273294,12.127042,7.3304353],"to":[13.65996,12.513707,7.5624332],"faces":{"east":{"uv":[0.09375,10.25,0.0,10.40625],"tintindex":0,"rotation":0,"texture":"#3"},"south":{"uv":[10.15625,7.25,10.0,7.40625],"tintindex":0,"rotation":0,"texture":"#3"},"north":{"uv":[7.40625,10.0,7.25,10.15625],"tintindex":0,"rotation":0,"texture":"#3"},"west":{"uv":[10.09375,10.0,10.0,10.15625],"tintindex":0,"rotation":0,"texture":"#3"},"up":{"uv":[0.25,10.34375,0.40625,10.25],"tintindex":0,"rotation":0,"texture":"#3"},"down":{"uv":[0.5,10.25,0.65625,10.34375],"tintindex":0,"rotation":0,"texture":"#3"}},"rotation":{"origin":[9.236752,15.101201,7.366688],"angle":-22.5,"axis":"z"}},{"from":[5.615069,13.239569,7.145874],"to":[6.5660872,13.556576,7.7798867],"faces":{"east":{"uv":[5.0,10.0,5.25,10.125],"tintindex":0,"rotation":0,"texture":"#3"},"south":{"uv":[9.75,0.75,10.125,0.875],"tintindex":0,"rotation":0,"texture":"#3"},"north":{"uv":[9.75,0.5,10.125,0.625],"tintindex":0,"rotation":0,"texture":"#3"},"west":{"uv":[10.0,5.0,10.25,5.125],"tintindex":0,"rotation":0,"texture":"#3"},"up":{"uv":[9.125,0.75,8.75,0.5],"tintindex":0,"rotation":0,"texture":"#3"},"down":{"uv":[9.125,0.75,8.75,1.0],"tintindex":0,"rotation":0,"texture":"#3"}}},{"from":[10.321598,12.759248,7.0127316],"to":[11.272617,14.9782915,7.8940086],"faces":{"east":{"uv":[5.84375,4.75,5.5,5.625],"tintindex":0,"rotation":0,"texture":"#3"},"south":{"uv":[3.625,4.75,3.25,5.625],"tintindex":0,"rotation":0,"texture":"#3"},"north":{"uv":[3.125,4.75,2.75,5.625],"tintindex":0,"rotation":0,"texture":"#3"},"west":{"uv":[4.09375,5.5,3.75,6.375],"tintindex":0,"rotation":0,"texture":"#3"},"up":{"uv":[2.5,8.34375,2.875,8.0],"tintindex":0,"rotation":0,"texture":"#3"},"down":{"uv":[8.0,2.5,8.375,2.84375],"tintindex":0,"rotation":0,"texture":"#3"}},"rotation":{"origin":[9.946764,16.568224,7.3947306],"angle":22.5,"axis":"z"}},{"from":[5.082346,14.504202,7.0190716],"to":[6.350371,15.138215,7.8876686],"faces":{"east":{"uv":[0.25,9.0,0.59375,9.25],"tintindex":0,"rotation":0,"texture":"#3"},"south":{"uv":[8.25,4.75,8.75,5.0],"tintindex":0,"rotation":0,"texture":"#3"},"north":{"uv":[8.25,3.5,8.75,3.75],"tintindex":0,"rotation":0,"texture":"#3"},"west":{"uv":[9.0,0.25,9.34375,0.5],"tintindex":0,"rotation":0,"texture":"#3"},"up":{"uv":[7.5,6.34375,7.0,6.0],"tintindex":0,"rotation":0,"texture":"#3"},"down":{"uv":[7.75,0.5,7.25,0.84375],"tintindex":0,"rotation":0,"texture":"#3"}},"rotation":{"origin":[8.054762,14.831943,6.2838645],"angle":45.0,"axis":"z"}},{"from":[2.8360271,21.591873,7.1648946],"to":[3.5207605,23.47489,7.8242674],"faces":{"east":{"uv":[6.5,3.0,6.8125,3.75],"tintindex":0,"rotation":0,"texture":"#3"},"south":{"uv":[2.5,6.75,2.78125,7.5],"tintindex":0,"rotation":0,"texture":"#3"},"north":{"uv":[4.25,6.75,4.53125,7.5],"tintindex":0,"rotation":0,"texture":"#3"},"west":{"uv":[3.25,6.25,3.5625,7.0],"tintindex":0,"rotation":0,"texture":"#3"},"up":{"uv":[9.03125,7.5625,8.75,7.25],"tintindex":0,"rotation":0,"texture":"#3"},"down":{"uv":[8.03125,8.75,7.75,9.0625],"tintindex":0,"rotation":0,"texture":"#3"}},"rotation":{"origin":[8.538355,20.11747,6.9303102],"angle":-45.0,"axis":"z"}},{"from":[10.429037,18.585905,7.2092752],"to":[11.380056,20.635231,7.7164855],"faces":{"east":{"uv":[7.6875,4.25,7.5,5.0625],"tintindex":0,"rotation":0,"texture":"#3"},"south":{"uv":[0.875,5.5,0.5,6.3125],"tintindex":0,"rotation":0,"texture":"#3"},"north":{"uv":[0.375,5.5,0.0,6.3125],"tintindex":0,"rotation":0,"texture":"#3"},"west":{"uv":[4.4375,7.5,4.25,8.3125],"tintindex":0,"rotation":0,"texture":"#3"},"up":{"uv":[9.25,4.9375,9.625,4.75],"tintindex":0,"rotation":0,"texture":"#3"},"down":{"uv":[5.0,9.25,5.375,9.4375],"tintindex":0,"rotation":0,"texture":"#3"}},"rotation":{"origin":[9.926304,16.360794,7.200038],"angle":-22.5,"axis":"z"}},{"from":[10.87996,26.039501,7.1585546],"to":[11.564693,26.546711,7.8306074],"faces":{"east":{"uv":[7.0625,9.5,6.75,9.6875],"tintindex":0,"rotation":0,"texture":"#3"},"south":{"uv":[9.78125,7.0,9.5,7.1875],"tintindex":0,"rotation":0,"texture":"#3"},"north":{"uv":[7.53125,9.5,7.25,9.6875],"tintindex":0,"rotation":0,"texture":"#3"},"west":{"uv":[9.8125,6.75,9.5,6.9375],"tintindex":0,"rotation":0,"texture":"#3"},"up":{"uv":[8.75,8.0625,9.03125,7.75],"tintindex":0,"rotation":0,"texture":"#3"},"down":{"uv":[8.25,8.75,8.53125,9.0625],"tintindex":0,"rotation":0,"texture":"#3"}}},{"from":[8.694896,23.009018,7.2422285],"to":[9.601433,23.462286,7.7861476],"faces":{"east":{"uv":[5.5,9.75,5.71875,9.9375],"tintindex":0,"rotation":0,"texture":"#3"},"south":{"uv":[9.25,8.25,9.59375,8.4375],"tintindex":0,"rotation":0,"texture":"#3"},"north":{"uv":[2.0,9.5,2.34375,9.6875],"tintindex":0,"rotation":0,"texture":"#3"},"west":{"uv":[5.25,9.75,5.46875,9.9375],"tintindex":0,"rotation":0,"texture":"#3"},"up":{"uv":[9.34375,8.71875,9.0,8.5],"tintindex":0,"rotation":0,"texture":"#3"},"down":{"uv":[9.34375,8.75,9.0,8.96875],"tintindex":0,"rotation":0,"texture":"#3"}},"rotation":{"origin":[9.601433,23.915554,7.6143303],"angle":-22.5,"axis":"z"}},{"from":[5.063611,10.796218,7.175768],"to":[5.8369412,11.376219,7.7171],"faces":{"east":{"uv":[7.5,6.25,7.71875,6.46875],"tintindex":0,"rotation":0,"texture":"#3"},"south":{"uv":[9.25,7.25,9.5625,7.46875],"tintindex":0,"rotation":0,"texture":"#3"},"north":{"uv":[7.25,9.25,7.5625,9.46875],"tintindex":0,"rotation":0,"texture":"#3"},"west":{"uv":[8.0,3.0,8.21875,3.21875],"tintindex":0,"rotation":0,"texture":"#3"},"up":{"uv":[9.5625,7.71875,9.25,7.5],"tintindex":0,"rotation":0,"texture":"#3"},"down":{"uv":[8.0625,9.25,7.75,9.46875],"tintindex":0,"rotation":0,"texture":"#3"}},"rotation":{"origin":[9.069986,15.516872,7.456147],"angle":22.5,"axis":"z"}},{"from":[8.951652,22.971674,7.2422285],"to":[9.858189,23.424942,7.7861476],"faces":{"east":{"uv":[5.25,9.75,5.46875,9.9375],"tintindex":0,"rotation":0,"texture":"#3"},"south":{"uv":[2.0,9.5,2.34375,9.6875],"tintindex":0,"rotation":0,"texture":"#3"},"north":{"uv":[9.25,8.25,9.59375,8.4375],"tintindex":0,"rotation":0,"texture":"#3"},"west":{"uv":[5.5,9.75,5.71875,9.9375],"tintindex":0,"rotation":0,"texture":"#3"},"up":{"uv":[9.34375,8.71875,9.0,8.5],"tintindex":0,"rotation":0,"texture":"#3"},"down":{"uv":[9.34375,8.75,9.0,8.96875],"tintindex":0,"rotation":0,"texture":"#3"}}},{"from":[8.910954,22.232403,7.2422285],"to":[9.364223,23.138933,7.7861476],"faces":{"east":{"uv":[1.25,9.25,1.46875,9.59375],"tintindex":0,"rotation":0,"texture":"#3"},"south":{"uv":[2.5,9.5,2.84375,9.6875],"tintindex":0,"rotation":0,"texture":"#3"},"north":{"uv":[9.5,2.5,9.84375,2.6875],"tintindex":0,"rotation":0,"texture":"#3"},"west":{"uv":[1.5,9.25,1.71875,9.59375],"tintindex":0,"rotation":0,"texture":"#3"},"up":{"uv":[6.6875,9.96875,6.5,9.75],"tintindex":0,"rotation":0,"texture":"#3"},"down":{"uv":[9.9375,6.5,9.75,6.71875],"tintindex":0,"rotation":0,"texture":"#3"}}},{"from":[7.428153,7.693186,6.9159803],"to":[7.8262734,8.369989,8.00672],"faces":{"east":{"uv":[7.125,8.75,7.3125,8.96875],"tintindex":0,"rotation":0,"texture":"#0"},"south":{"uv":[8.375,0.0,8.75,0.21875],"tintindex":0,"rotation":0,"texture":"#0"},"north":{"uv":[8.25,8.25,8.625,8.46875],"tintindex":0,"rotation":0,"texture":"#0"},"west":{"uv":[7.375,8.75,7.5625,8.96875],"tintindex":0,"rotation":0,"texture":"#0"},"up":{"uv":[5.625,8.5625,5.25,8.375],"tintindex":0,"rotation":0,"texture":"#0"},"down":{"uv":[8.75,5.25,8.375,5.4375],"tintindex":0,"rotation":0,"texture":"#0"}},"rotation":{"origin":[7.8262734,8.489426,7.92024],"angle":-45.0,"axis":"z"}},{"from":[8.910954,23.257677,7.2422285],"to":[9.364223,24.164213,7.7861476],"faces":{"east":{"uv":[1.25,9.25,1.46875,9.59375],"tintindex":0,"rotation":0,"texture":"#3"},"south":{"uv":[2.5,9.5,2.84375,9.6875],"tintindex":0,"rotation":0,"texture":"#3"},"north":{"uv":[9.5,2.5,9.84375,2.6875],"tintindex":0,"rotation":0,"texture":"#3"},"west":{"uv":[1.5,9.25,1.71875,9.59375],"tintindex":0,"rotation":0,"texture":"#3"},"up":{"uv":[6.6875,9.96875,6.5,9.75],"tintindex":0,"rotation":0,"texture":"#3"},"down":{"uv":[9.9375,6.5,9.75,6.71875],"tintindex":0,"rotation":0,"texture":"#3"}}},{"from":[11.242279,14.420062,7.1516438],"to":[12.193298,18.224136,7.785656],"faces":{"east":{"uv":[4.5,4.5,4.25,6.0],"tintindex":0,"rotation":0,"texture":"#3"},"south":{"uv":[4.375,0.0,4.0,1.5],"tintindex":0,"rotation":0,"texture":"#3"},"north":{"uv":[0.375,4.0,0.0,5.5],"tintindex":0,"rotation":0,"texture":"#3"},"west":{"uv":[4.75,1.5,4.5,3.0],"tintindex":0,"rotation":0,"texture":"#3"},"up":{"uv":[0.0,9.0,0.375,8.75],"tintindex":0,"rotation":0,"texture":"#3"},"down":{"uv":[0.5,8.75,0.875,9.0],"tintindex":0,"rotation":0,"texture":"#3"}}},{"from":[7.64966,7.7506886,6.5351667],"to":[9.324112,8.690726,8.394135],"faces":{"east":{"uv":[5.75,3.5,6.46875,3.875],"tintindex":0,"rotation":0,"texture":"#3"},"south":{"uv":[6.25,2.5,6.90625,2.875],"tintindex":0,"rotation":0,"texture":"#3"},"north":{"uv":[2.5,6.25,3.15625,6.625],"tintindex":0,"rotation":0,"texture":"#3"},"west":{"uv":[4.5,5.75,5.21875,6.125],"tintindex":0,"rotation":0,"texture":"#3"},"up":{"uv":[4.15625,4.71875,3.5,4.0],"tintindex":0,"rotation":0,"texture":"#3"},"down":{"uv":[4.90625,3.75,4.25,4.46875],"tintindex":0,"rotation":0,"texture":"#3"}},"rotation":{"origin":[8.251877,8.150205,6.967544],"angle":-45.0,"axis":"z"}},{"from":[5.4993105,7.2321043,7.190255],"to":[6.323527,8.232107,7.745815],"faces":{"east":{"uv":[8.75,3.0,8.96875,3.40625],"tintindex":0,"rotation":0,"texture":"#3"},"south":{"uv":[5.25,8.0,5.5625,8.40625],"tintindex":0,"rotation":0,"texture":"#3"},"north":{"uv":[4.75,8.0,5.0625,8.40625],"tintindex":0,"rotation":0,"texture":"#3"},"west":{"uv":[3.25,8.75,3.46875,9.15625],"tintindex":0,"rotation":0,"texture":"#3"},"up":{"uv":[9.5625,6.46875,9.25,6.25],"tintindex":0,"rotation":0,"texture":"#3"},"down":{"uv":[9.5625,6.5,9.25,6.71875],"tintindex":0,"rotation":0,"texture":"#3"}}},{"from":[14.248482,18.549095,7.1585546],"to":[15.503826,20.134125,7.8306074],"faces":{"east":{"uv":[5.75,0.5,5.25,1.125],"tintindex":0,"rotation":0,"texture":"#3"},"south":{"uv":[4.25,4.75,3.75,5.375],"tintindex":0,"rotation":0,"texture":"#3"},"north":{"uv":[5.75,1.25,5.25,1.875],"tintindex":0,"rotation":0,"texture":"#3"},"west":{"uv":[5.75,2.0,5.25,2.625],"tintindex":0,"rotation":0,"texture":"#3"},"up":{"uv":[6.25,2.0,6.75,1.5],"tintindex":0,"rotation":0,"texture":"#3"},"down":{"uv":[6.25,2.0,6.75,2.5],"tintindex":0,"rotation":0,"texture":"#3"}},"rotation":{"origin":[10.019859,19.803654,6.8478885],"angle":45.0,"axis":"z"}},{"from":[8.890137,7.7506886,6.5351667],"to":[10.564583,8.690726,8.394135],"faces":{"east":{"uv":[5.25,5.75,5.96875,6.125],"tintindex":0,"rotation":0,"texture":"#3"},"south":{"uv":[4.25,6.25,4.90625,6.625],"tintindex":0,"rotation":0,"texture":"#3"},"north":{"uv":[6.25,4.0,6.90625,4.375],"tintindex":0,"rotation":0,"texture":"#3"},"west":{"uv":[6.0,0.0,6.71875,0.375],"tintindex":0,"rotation":0,"texture":"#3"},"up":{"uv":[5.15625,0.71875,4.5,0.0],"tintindex":0,"rotation":0,"texture":"#3"},"down":{"uv":[5.15625,0.75,4.5,1.46875],"tintindex":0,"rotation":0,"texture":"#3"}},"rotation":{"origin":[9.962373,8.150205,7.300781],"angle":45.0,"axis":"z"}},{"from":[6.445961,10.6607485,7.2726765],"to":[7.0799737,12.068091,7.6530843],"faces":{"east":{"uv":[4.0,8.75,4.15625,9.3125],"tintindex":0,"rotation":0,"texture":"#3"},"south":{"uv":[7.75,2.5,8.0,3.0625],"tintindex":0,"rotation":0,"texture":"#3"},"north":{"uv":[4.5,7.5,4.75,8.0625],"tintindex":0,"rotation":0,"texture":"#3"},"west":{"uv":[7.0,8.75,7.15625,9.3125],"tintindex":0,"rotation":0,"texture":"#3"},"up":{"uv":[8.75,9.90625,8.5,9.75],"tintindex":0,"rotation":0,"texture":"#3"},"down":{"uv":[9.0,9.75,8.75,9.90625],"tintindex":0,"rotation":0,"texture":"#3"}}},{"from":[12.181557,20.120121,7.1648946],"to":[13.576384,21.261343,7.8242674],"faces":{"east":{"uv":[8.09375,0.5,7.75,0.9375],"tintindex":0,"rotation":0,"texture":"#3"},"south":{"uv":[5.5625,6.25,5.0,6.6875],"tintindex":0,"rotation":0,"texture":"#3"},"north":{"uv":[6.3125,6.25,5.75,6.6875],"tintindex":0,"rotation":0,"texture":"#3"},"west":{"uv":[1.84375,7.75,1.5,8.1875],"tintindex":0,"rotation":0,"texture":"#3"},"up":{"uv":[7.0,2.84375,7.5625,2.5],"tintindex":0,"rotation":0,"texture":"#3"},"down":{"uv":[3.0,7.0,3.5625,7.34375],"tintindex":0,"rotation":0,"texture":"#3"}}},{"from":[15.697197,10.958912,7.36911],"to":[16.277199,12.140577,7.5237775],"faces":{"east":{"uv":[2.5625,10.25,2.5,10.40625],"tintindex":0,"rotation":0,"texture":"#3"},"south":{"uv":[1.71875,10.0,1.5,10.15625],"tintindex":0,"rotation":0,"texture":"#3"},"north":{"uv":[10.21875,1.25,10.0,1.40625],"tintindex":0,"rotation":0,"texture":"#3"},"west":{"uv":[10.3125,2.25,10.25,2.40625],"tintindex":0,"rotation":0,"texture":"#3"},"up":{"uv":[10.25,0.8125,10.46875,0.75],"tintindex":0,"rotation":0,"texture":"#3"},"down":{"uv":[10.25,1.0,10.46875,1.0625],"tintindex":0,"rotation":0,"texture":"#3"}},"rotation":{"origin":[13.095073,16.158836,7.494816],"angle":-45.0,"axis":"z"}},{"from":[11.291143,8.47031,6.9605002],"to":[11.845667,8.987866,7.97333],"faces":{"east":{"uv":[9.1875,9.125,9.125,9.3125],"tintindex":0,"rotation":0,"texture":"#0"},"south":{"uv":[8.875,5.5,9.0625,5.6875],"tintindex":0,"rotation":0,"texture":"#0"},"north":{"uv":[9.0625,5.5,8.875,5.6875],"tintindex":0,"rotation":0,"texture":"#0"},"west":{"uv":[9.0625,9.125,9.0,9.3125],"tintindex":0,"rotation":0,"texture":"#0"},"up":{"uv":[9.25,0.0625,9.4375,0.0],"tintindex":0,"rotation":0,"texture":"#0"},"down":{"uv":[9.25,0.125,9.4375,0.1875],"tintindex":0,"rotation":0,"texture":"#0"}},"rotation":{"origin":[11.291143,9.061803,7.8930273],"angle":22.5,"axis":"z"}},{"from":[13.085033,-2.5560875,7.494581],"to":[15.745769,-0.38241386,7.494581],"faces":{"south":{"uv":[0.0,5.5,6.75,0.0],"tintindex":0,"rotation":0,"texture":"#4"},"north":{"uv":[6.75,5.5,0.0,0.0],"tintindex":0,"rotation":0,"texture":"#4"}},"rotation":{"origin":[4.628892,-9.120483,8.049564],"angle":22.5,"axis":"z"}},{"from":[8.715953,0.032034874,7.0578876],"to":[9.528442,5.199535,7.8703775],"faces":{"east":{"uv":[0.125,0.0,1.03125,2.1875],"tintindex":0,"rotation":0,"texture":"#5"},"south":{"uv":[6.0,0.0,7.03125,6.5],"tintindex":0,"rotation":0,"texture":"#5"},"north":{"uv":[6.03125,0.0,7.03125,6.5],"tintindex":0,"rotation":0,"texture":"#5"},"west":{"uv":[6.03125,0.03125,7.03125,6.53125],"tintindex":0,"rotation":0,"texture":"#5"},"up":{"uv":[4.03125,9.03125,3.0,8.0],"tintindex":0,"rotation":0,"texture":"#5"},"down":{"uv":[7.03125,8.0,6.0,9.03125],"tintindex":0,"rotation":0,"texture":"#5"}}},{"from":[11.164423,10.6607485,7.2726765],"to":[11.798435,12.068091,7.6530843],"faces":{"east":{"uv":[7.15625,8.75,7.0,9.3125],"tintindex":0,"rotation":0,"texture":"#3"},"south":{"uv":[8.0,2.5,7.75,3.0625],"tintindex":0,"rotation":0,"texture":"#3"},"north":{"uv":[4.75,7.5,4.5,8.0625],"tintindex":0,"rotation":0,"texture":"#3"},"west":{"uv":[4.15625,8.75,4.0,9.3125],"tintindex":0,"rotation":0,"texture":"#3"},"up":{"uv":[8.5,9.90625,8.75,9.75],"tintindex":0,"rotation":0,"texture":"#3"},"down":{"uv":[8.75,9.75,9.0,9.90625],"tintindex":0,"rotation":0,"texture":"#3"}}},{"from":[2.0470934,5.8709126,7.43118],"to":[4.707828,8.044586,7.43118],"faces":{"south":{"uv":[6.75,0.0,0.0,5.5],"tintindex":0,"rotation":0,"texture":"#4"},"north":{"uv":[0.0,0.0,6.75,5.5],"tintindex":0,"rotation":0,"texture":"#4"}},"rotation":{"origin":[13.16397,14.3433075,6.876197],"angle":22.5,"axis":"z"}},{"from":[11.839508,11.276913,7.464133],"to":[13.892199,12.881619,7.464133],"faces":{"south":{"uv":[4.0,0.71875,4.84375,0.0],"tintindex":0,"rotation":270,"texture":"#0"},"north":{"uv":[4.0,0.71875,4.84375,0.0],"tintindex":0,"rotation":90,"texture":"#0"}},"rotation":{"origin":[13.328543,11.523362,9.087845],"angle":45.0,"axis":"z"}},{"from":[7.4517155,7.72476,6.9096203],"to":[7.8941164,8.529125,8.01149],"faces":{"east":{"uv":[8.75,2.5,8.9375,2.75],"tintindex":0,"rotation":0,"texture":"#0"},"south":{"uv":[5.5,8.875,5.625,9.125],"tintindex":0,"rotation":0,"texture":"#0"},"north":{"uv":[6.125,7.25,6.25,7.5],"tintindex":0,"rotation":0,"texture":"#0"},"west":{"uv":[2.75,8.75,2.9375,9.0],"tintindex":0,"rotation":0,"texture":"#0"},"up":{"uv":[4.0,9.3125,3.875,9.125],"tintindex":0,"rotation":0,"texture":"#0"},"down":{"uv":[9.25,5.25,9.125,5.4375],"tintindex":0,"rotation":0,"texture":"#0"}},"rotation":{"origin":[7.8941164,8.529125,7.9241276],"angle":-45.0,"axis":"z"}},{"from":[11.92087,7.2321043,7.190255],"to":[12.745085,8.232107,7.745815],"faces":{"east":{"uv":[3.46875,8.75,3.25,9.15625],"tintindex":0,"rotation":0,"texture":"#3"},"south":{"uv":[5.5625,8.0,5.25,8.40625],"tintindex":0,"rotation":0,"texture":"#3"},"north":{"uv":[5.0625,8.0,4.75,8.40625],"tintindex":0,"rotation":0,"texture":"#3"},"west":{"uv":[8.96875,3.0,8.75,3.40625],"tintindex":0,"rotation":0,"texture":"#3"},"up":{"uv":[9.25,6.46875,9.5625,6.25],"tintindex":0,"rotation":0,"texture":"#3"},"down":{"uv":[9.25,6.5,9.5625,6.71875],"tintindex":0,"rotation":0,"texture":"#3"}}},{"from":[6.945861,9.97899,7.279017],"to":[7.3325453,11.408002,7.596023],"faces":{"east":{"uv":[5.25,10.0,5.375,10.25],"tintindex":0,"rotation":0,"texture":"#3"},"south":{"uv":[9.75,9.25,9.90625,9.5],"tintindex":0,"rotation":0,"texture":"#3"},"north":{"uv":[9.75,9.0,9.90625,9.25],"tintindex":0,"rotation":0,"texture":"#3"},"west":{"uv":[10.0,5.25,10.125,5.5],"tintindex":0,"rotation":0,"texture":"#3"},"up":{"uv":[8.90625,10.125,8.75,10.0],"tintindex":0,"rotation":0,"texture":"#3"},"down":{"uv":[10.15625,8.75,10.0,8.875],"tintindex":0,"rotation":0,"texture":"#3"}},"rotation":{"origin":[6.945861,10.77399,7.2409763],"angle":45.0,"axis":"z"}},{"from":[18.812408,9.600248,7.031752],"to":[19.636623,10.711362,7.920644],"faces":{"east":{"uv":[7.84375,5.75,7.5,6.1875],"tintindex":0,"rotation":0,"texture":"#3"},"south":{"uv":[8.0625,6.75,7.75,7.1875],"tintindex":0,"rotation":0,"texture":"#3"},"north":{"uv":[8.0625,6.25,7.75,6.6875],"tintindex":0,"rotation":0,"texture":"#3"},"west":{"uv":[7.84375,5.25,7.5,5.6875],"tintindex":0,"rotation":0,"texture":"#3"},"up":{"uv":[8.5,4.09375,8.8125,3.75],"tintindex":0,"rotation":0,"texture":"#3"},"down":{"uv":[4.75,8.5,5.0625,8.84375],"tintindex":0,"rotation":0,"texture":"#3"}},"rotation":{"origin":[12.920143,17.729925,7.375228],"angle":-45.0,"axis":"z"}},{"from":[7.969448,5.314412,6.418012],"to":[11.82323,12.299392,6.418012],"faces":{"south":{"uv":[7.6875,0.0,15.6875,14.5],"tintindex":0,"rotation":0,"texture":"#2"},"north":{"uv":[15.5625,0.0,7.5625,14.5],"tintindex":0,"rotation":0,"texture":"#2"}},"rotation":{"origin":[9.463477,7.3172903,4.9527645],"angle":-45.0,"axis":"z"}},{"from":[8.715953,-1.3085737,7.098512],"to":[9.040949,-0.9835777,7.829753],"faces":{"east":{"uv":[6.875,9.125,7.09375,9.21875],"tintindex":0,"rotation":0,"texture":"#0"},"south":{"uv":[9.25,1.25,9.34375,1.34375],"tintindex":0,"rotation":0,"texture":"#0"},"north":{"uv":[9.25,1.125,9.34375,1.21875],"tintindex":0,"rotation":0,"texture":"#0"},"west":{"uv":[9.125,6.875,9.34375,6.96875],"tintindex":0,"rotation":0,"texture":"#0"},"up":{"uv":[6.71875,9.34375,6.625,9.125],"tintindex":0,"rotation":0,"texture":"#0"},"down":{"uv":[9.21875,7.0,9.125,7.21875],"tintindex":0,"rotation":0,"texture":"#0"}},"rotation":{"origin":[9.122198,-0.9023285,7.464133],"angle":45.0,"axis":"z"}},{"from":[8.715953,-1.7785778,7.0578876],"to":[9.812815,-1.1692104,7.8703775],"faces":{"east":{"uv":[1.5,8.75,1.75,8.9375],"tintindex":0,"rotation":0,"texture":"#0"},"south":{"uv":[8.375,6.5,8.71875,6.6875],"tintindex":0,"rotation":0,"texture":"#0"},"north":{"uv":[8.375,6.25,8.71875,6.4375],"tintindex":0,"rotation":0,"texture":"#0"},"west":{"uv":[1.75,8.75,2.0,8.9375],"tintindex":0,"rotation":0,"texture":"#0"},"up":{"uv":[7.84375,8.5,7.5,8.25],"tintindex":0,"rotation":0,"texture":"#0"},"down":{"uv":[8.21875,8.25,7.875,8.5],"tintindex":0,"rotation":0,"texture":"#0"}},"rotation":{"origin":[9.122198,-1.0879612,7.464133],"angle":-45.0,"axis":"z"}},{"from":[2.0470934,5.8709126,7.43118],"to":[4.707828,8.044586,7.43118],"faces":{"south":{"uv":[6.75,0.0,0.0,5.5],"tintindex":0,"rotation":0,"texture":"#4"},"north":{"uv":[0.0,0.0,6.75,5.5],"tintindex":0,"rotation":0,"texture":"#4"}},"rotation":{"origin":[13.16397,14.3433075,6.876197],"angle":22.5,"axis":"z"}},{"from":[13.536568,5.8709126,7.43118],"to":[16.197304,8.044586,7.43118],"faces":{"south":{"uv":[0.0,0.0,6.75,5.5],"tintindex":0,"rotation":0,"texture":"#4"},"north":{"uv":[6.75,0.0,0.0,5.5],"tintindex":0,"rotation":0,"texture":"#4"}},"rotation":{"origin":[5.080426,14.3433075,6.876197],"angle":-22.5,"axis":"z"}},{"from":[14.723636,21.591873,7.1648946],"to":[15.408369,23.47489,7.8242674],"faces":{"east":{"uv":[3.5625,6.25,3.25,7.0],"tintindex":0,"rotation":0,"texture":"#3"},"south":{"uv":[2.78125,6.75,2.5,7.5],"tintindex":0,"rotation":0,"texture":"#3"},"north":{"uv":[4.53125,6.75,4.25,7.5],"tintindex":0,"rotation":0,"texture":"#3"},"west":{"uv":[6.8125,3.0,6.5,3.75],"tintindex":0,"rotation":0,"texture":"#3"},"up":{"uv":[8.75,7.5625,9.03125,7.25],"tintindex":0,"rotation":0,"texture":"#3"},"down":{"uv":[7.75,8.75,8.03125,9.0625],"tintindex":0,"rotation":0,"texture":"#3"}},"rotation":{"origin":[9.706041,20.11747,6.9303102],"angle":45.0,"axis":"z"}},{"from":[6.688452,23.693998,7.177575],"to":[7.9564767,24.83522,7.8115873],"faces":{"east":{"uv":[0.75,6.5,1.0,6.9375],"tintindex":0,"rotation":0,"texture":"#3"},"south":{"uv":[6.5,5.75,7.0,6.1875],"tintindex":0,"rotation":0,"texture":"#3"},"north":{"uv":[6.5,6.25,7.0,6.6875],"tintindex":0,"rotation":0,"texture":"#3"},"west":{"uv":[3.5,5.75,3.75,6.1875],"tintindex":0,"rotation":0,"texture":"#3"},"up":{"uv":[8.75,5.25,8.25,5.0],"tintindex":0,"rotation":0,"texture":"#3"},"down":{"uv":[8.75,6.25,8.25,6.5],"tintindex":0,"rotation":0,"texture":"#3"}},"rotation":{"origin":[8.455058,20.191853,6.9937115],"angle":45.0,"axis":"z"}},{"from":[8.59408,4.6863623,6.936014],"to":[9.650316,5.2957296,7.9922514],"faces":{"east":{"uv":[8.625,1.6875,8.9375,1.5],"tintindex":0,"rotation":0,"texture":"#0"},"south":{"uv":[8.625,1.9375,8.9375,1.75],"tintindex":0,"rotation":0,"texture":"#0"},"north":{"uv":[8.625,1.4375,8.9375,1.25],"tintindex":0,"rotation":0,"texture":"#0"},"west":{"uv":[8.625,2.1875,8.9375,2.0],"tintindex":0,"rotation":0,"texture":"#0"},"up":{"uv":[8.1875,0.6875,7.875,0.375],"tintindex":0,"rotation":0,"texture":"#0"},"down":{"uv":[6.0625,7.75,5.75,8.0625],"tintindex":0,"rotation":0,"texture":"#0"}}},{"from":[13.656149,21.630991,7.152214],"to":[15.025616,23.342825,7.849628],"faces":{"east":{"uv":[6.15625,1.5,5.75,2.1875],"tintindex":0,"rotation":0,"texture":"#3"},"south":{"uv":[5.03125,4.5,4.5,5.1875],"tintindex":0,"rotation":0,"texture":"#3"},"north":{"uv":[1.03125,4.75,0.5,5.4375],"tintindex":0,"rotation":0,"texture":"#3"},"west":{"uv":[6.15625,2.25,5.75,2.9375],"tintindex":0,"rotation":0,"texture":"#3"},"up":{"uv":[6.75,0.40625,7.28125,0.0],"tintindex":0,"rotation":0,"texture":"#3"},"down":{"uv":[6.75,1.5,7.28125,1.90625],"tintindex":0,"rotation":0,"texture":"#3"}},"rotation":{"origin":[9.706041,20.11747,6.9303102],"angle":22.5,"axis":"z"}},{"from":[11.556997,12.946693,7.177575],"to":[12.508016,13.2637,7.748186],"faces":{"east":{"uv":[10.21875,6.0,10.0,6.125],"tintindex":0,"rotation":0,"texture":"#3"},"south":{"uv":[1.625,9.75,1.25,9.875],"tintindex":0,"rotation":0,"texture":"#3"},"north":{"uv":[10.125,1.0,9.75,1.125],"tintindex":0,"rotation":0,"texture":"#3"},"west":{"uv":[6.21875,10.0,6.0,10.125],"tintindex":0,"rotation":0,"texture":"#3"},"up":{"uv":[9.0,1.21875,9.375,1.0],"tintindex":0,"rotation":0,"texture":"#3"},"down":{"uv":[1.25,9.0,1.625,9.21875],"tintindex":0,"rotation":0,"texture":"#3"}},"rotation":{"origin":[12.508016,12.946693,6.480161],"angle":-22.5,"axis":"z"}},{"from":[13.250286,23.18143,7.1712346],"to":[13.935019,24.66502,7.8179274],"faces":{"east":{"uv":[5.53125,7.25,5.25,7.84375],"tintindex":0,"rotation":0,"texture":"#3"},"south":{"uv":[5.03125,7.25,4.75,7.84375],"tintindex":0,"rotation":0,"texture":"#3"},"north":{"uv":[6.03125,7.25,5.75,7.84375],"tintindex":0,"rotation":0,"texture":"#3"},"west":{"uv":[6.53125,7.25,6.25,7.84375],"tintindex":0,"rotation":0,"texture":"#3"},"up":{"uv":[9.0,4.03125,9.28125,3.75],"tintindex":0,"rotation":0,"texture":"#3"},"down":{"uv":[4.25,9.0,4.53125,9.28125],"tintindex":0,"rotation":0,"texture":"#3"}},"rotation":{"origin":[9.706041,20.11747,6.9303102],"angle":22.5,"axis":"z"}},{"from":[5.7363806,12.946693,7.177575],"to":[6.6873994,13.2637,7.748186],"faces":{"east":{"uv":[6.0,10.0,6.21875,10.125],"tintindex":0,"rotation":0,"texture":"#3"},"south":{"uv":[1.25,9.75,1.625,9.875],"tintindex":0,"rotation":0,"texture":"#3"},"north":{"uv":[9.75,1.0,10.125,1.125],"tintindex":0,"rotation":0,"texture":"#3"},"west":{"uv":[10.0,6.0,10.21875,6.125],"tintindex":0,"rotation":0,"texture":"#3"},"up":{"uv":[9.375,1.21875,9.0,1.0],"tintindex":0,"rotation":0,"texture":"#3"},"down":{"uv":[1.625,9.0,1.25,9.21875],"tintindex":0,"rotation":0,"texture":"#3"}},"rotation":{"origin":[5.7363806,12.946693,6.480161],"angle":22.5,"axis":"z"}},{"from":[8.079737,5.579969,6.649916],"to":[10.194827,5.9471703,8.237154],"faces":{"east":{"uv":[6.5,8.5,7.125,8.65625],"tintindex":0,"rotation":0,"texture":"#3"},"south":{"uv":[8.0,0.25,8.84375,0.40625],"tintindex":0,"rotation":0,"texture":"#3"},"north":{"uv":[8.0,0.25,8.84375,0.40625],"tintindex":0,"rotation":0,"texture":"#3"},"west":{"uv":[8.25,8.5,8.875,8.65625],"tintindex":0,"rotation":0,"texture":"#3"},"up":{"uv":[1.34375,4.625,0.5,4.0],"tintindex":0,"rotation":0,"texture":"#3"},"down":{"uv":[2.34375,4.0,1.5,4.625],"tintindex":0,"rotation":0,"texture":"#3"}}},{"from":[8.416989,22.971674,7.2422285],"to":[9.323519,23.424942,7.7861476],"faces":{"east":{"uv":[5.5,9.75,5.71875,9.9375],"tintindex":0,"rotation":0,"texture":"#3"},"south":{"uv":[9.25,8.25,9.59375,8.4375],"tintindex":0,"rotation":0,"texture":"#3"},"north":{"uv":[2.0,9.5,2.34375,9.6875],"tintindex":0,"rotation":0,"texture":"#3"},"west":{"uv":[5.25,9.75,5.46875,9.9375],"tintindex":0,"rotation":0,"texture":"#3"},"up":{"uv":[9.34375,8.71875,9.0,8.5],"tintindex":0,"rotation":0,"texture":"#3"},"down":{"uv":[9.34375,8.75,9.0,8.96875],"tintindex":0,"rotation":0,"texture":"#3"}}},{"from":[10.287919,23.693998,7.177575],"to":[11.555944,24.83522,7.8115873],"faces":{"east":{"uv":[3.75,5.75,3.5,6.1875],"tintindex":0,"rotation":0,"texture":"#3"},"south":{"uv":[7.0,5.75,6.5,6.1875],"tintindex":0,"rotation":0,"texture":"#3"},"north":{"uv":[7.0,6.25,6.5,6.6875],"tintindex":0,"rotation":0,"texture":"#3"},"west":{"uv":[1.0,6.5,0.75,6.9375],"tintindex":0,"rotation":0,"texture":"#3"},"up":{"uv":[8.25,5.25,8.75,5.0],"tintindex":0,"rotation":0,"texture":"#3"},"down":{"uv":[8.25,6.25,8.75,6.5],"tintindex":0,"rotation":0,"texture":"#3"}},"rotation":{"origin":[9.789338,20.191853,6.9937115],"angle":-45.0,"axis":"z"}},{"from":[8.59408,-0.8786373,6.936014],"to":[9.650316,-0.08363819,7.9922514],"faces":{"east":{"uv":[8.625,1.6875,8.9375,1.5],"tintindex":0,"rotation":0,"texture":"#0"},"south":{"uv":[8.625,1.9375,8.9375,1.75],"tintindex":0,"rotation":0,"texture":"#0"},"north":{"uv":[8.625,1.4375,8.9375,1.25],"tintindex":0,"rotation":0,"texture":"#0"},"west":{"uv":[8.625,2.1875,8.9375,2.0],"tintindex":0,"rotation":0,"texture":"#0"},"up":{"uv":[8.1875,0.6875,7.875,0.375],"tintindex":0,"rotation":0,"texture":"#0"},"down":{"uv":[6.0625,7.75,5.75,8.0625],"tintindex":0,"rotation":0,"texture":"#0"}}},{"from":[9.364223,22.607903,7.2422285],"to":[9.817485,23.514433,7.7861476],"faces":{"east":{"uv":[9.0,9.0,9.21875,9.34375],"tintindex":0,"rotation":0,"texture":"#3"},"south":{"uv":[9.25,8.25,9.59375,8.4375],"tintindex":0,"rotation":0,"texture":"#3"},"north":{"uv":[2.0,9.5,2.34375,9.6875],"tintindex":0,"rotation":0,"texture":"#3"},"west":{"uv":[6.75,9.0,6.96875,9.34375],"tintindex":0,"rotation":0,"texture":"#3"},"up":{"uv":[5.9375,9.96875,5.75,9.75],"tintindex":0,"rotation":0,"texture":"#3"},"down":{"uv":[6.1875,9.75,6.0,9.96875],"tintindex":0,"rotation":0,"texture":"#3"}},"rotation":{"origin":[8.910954,23.514433,7.6143303],"angle":-45.0,"axis":"z"}},{"from":[13.085033,-2.5560875,7.494581],"to":[15.745769,-0.38241386,7.494581],"faces":{"south":{"uv":[0.0,5.5,6.75,0.0],"tintindex":0,"rotation":0,"texture":"#4"},"north":{"uv":[6.75,5.5,0.0,0.0],"tintindex":0,"rotation":0,"texture":"#4"}},"rotation":{"origin":[4.628892,-9.120483,8.049564],"angle":22.5,"axis":"z"}},{"from":[11.6783085,13.239569,7.145874],"to":[12.629328,13.556576,7.7798867],"faces":{"east":{"uv":[10.25,5.0,10.0,5.125],"tintindex":0,"rotation":0,"texture":"#3"},"south":{"uv":[10.125,0.75,9.75,0.875],"tintindex":0,"rotation":0,"texture":"#3"},"north":{"uv":[10.125,0.5,9.75,0.625],"tintindex":0,"rotation":0,"texture":"#3"},"west":{"uv":[5.25,10.0,5.0,10.125],"tintindex":0,"rotation":0,"texture":"#3"},"up":{"uv":[8.75,0.75,9.125,0.5],"tintindex":0,"rotation":0,"texture":"#3"},"down":{"uv":[8.75,0.75,9.125,1.0],"tintindex":0,"rotation":0,"texture":"#3"}}},{"from":[8.457686,22.607903,7.2422285],"to":[8.910954,23.514433,7.7861476],"faces":{"east":{"uv":[6.75,9.0,6.96875,9.34375],"tintindex":0,"rotation":0,"texture":"#3"},"south":{"uv":[2.0,9.5,2.34375,9.6875],"tintindex":0,"rotation":0,"texture":"#3"},"north":{"uv":[9.25,8.25,9.59375,8.4375],"tintindex":0,"rotation":0,"texture":"#3"},"west":{"uv":[9.0,9.0,9.21875,9.34375],"tintindex":0,"rotation":0,"texture":"#3"},"up":{"uv":[5.9375,9.96875,5.75,9.75],"tintindex":0,"rotation":0,"texture":"#3"},"down":{"uv":[6.1875,9.75,6.0,9.96875],"tintindex":0,"rotation":0,"texture":"#3"}},"rotation":{"origin":[9.364223,23.514433,6.7984514],"angle":45.0,"axis":"z"}},{"from":[8.715953,-1.6973286,6.976639],"to":[9.528442,-0.88483906,7.951627],"faces":{"east":{"uv":[8.375,2.75,8.6875,3.0],"tintindex":0,"rotation":0,"texture":"#0"},"south":{"uv":[8.625,6.75,8.375,7.0],"tintindex":0,"rotation":0,"texture":"#0"},"north":{"uv":[8.375,6.75,8.625,7.0],"tintindex":0,"rotation":0,"texture":"#0"},"west":{"uv":[8.375,3.0,8.6875,3.25],"tintindex":0,"rotation":0,"texture":"#0"},"up":{"uv":[6.5,6.8125,6.25,6.5],"tintindex":0,"rotation":0,"texture":"#0"},"down":{"uv":[8.625,3.25,8.375,3.5625],"tintindex":0,"rotation":0,"texture":"#0"}},"rotation":{"origin":[9.122198,-1.2910833,7.464133],"angle":45.0,"axis":"z"}},{"from":[8.59408,0.22641182,6.936014],"to":[9.650316,1.0214119,7.9922514],"faces":{"east":{"uv":[8.625,1.6875,8.9375,1.5],"tintindex":0,"rotation":0,"texture":"#0"},"south":{"uv":[8.625,1.9375,8.9375,1.75],"tintindex":0,"rotation":0,"texture":"#0"},"north":{"uv":[8.625,1.4375,8.9375,1.25],"tintindex":0,"rotation":0,"texture":"#0"},"west":{"uv":[8.625,2.1875,8.9375,2.0],"tintindex":0,"rotation":0,"texture":"#0"},"up":{"uv":[8.1875,0.6875,7.875,0.375],"tintindex":0,"rotation":0,"texture":"#0"},"down":{"uv":[6.0625,7.75,5.75,8.0625],"tintindex":0,"rotation":0,"texture":"#0"}}},{"from":[1.504508,21.055412,7.348858],"to":[5.147198,23.837912,7.348858],"faces":{"south":{"uv":[4.625,0.25,4.21875,0.59375],"tintindex":0,"rotation":270,"texture":"#0"},"north":{"uv":[4.21875,0.25,4.625,0.59375],"tintindex":0,"rotation":90,"texture":"#0"}}},{"from":[7.969448,5.314412,8.510254],"to":[11.82323,12.299392,8.510254],"faces":{"south":{"uv":[7.5625,0.0,15.5625,14.5],"tintindex":0,"rotation":0,"texture":"#2"},"north":{"uv":[15.6875,0.0,7.6875,14.5],"tintindex":0,"rotation":0,"texture":"#2"}},"rotation":{"origin":[9.463477,7.3172903,9.9755],"angle":-45.0,"axis":"z"}},{"from":[6.4211664,5.314412,6.418012],"to":[10.274948,12.299392,6.418012],"faces":{"south":{"uv":[15.6875,0.0,7.6875,14.5],"tintindex":0,"rotation":0,"texture":"#2"},"north":{"uv":[7.5625,0.0,15.5625,14.5],"tintindex":0,"rotation":0,"texture":"#2"}},"rotation":{"origin":[8.780918,7.3172903,4.9527645],"angle":45.0,"axis":"z"}},{"from":[9.452522,22.971674,7.2422285],"to":[9.858189,23.424942,7.7861476],"faces":{"east":{"uv":[5.25,9.75,5.46875,9.9375],"tintindex":0,"rotation":0,"texture":"#3"},"south":{"uv":[2.0,9.5,2.34375,9.6875],"tintindex":0,"rotation":0,"texture":"#3"},"north":{"uv":[9.25,8.25,9.59375,8.4375],"tintindex":0,"rotation":0,"texture":"#3"},"west":{"uv":[5.5,9.75,5.71875,9.9375],"tintindex":0,"rotation":0,"texture":"#3"},"up":{"uv":[9.34375,8.71875,9.0,8.5],"tintindex":0,"rotation":0,"texture":"#3"},"down":{"uv":[9.34375,8.75,9.0,8.96875],"tintindex":0,"rotation":0,"texture":"#3"}}},{"from":[2.74057,18.549095,7.1585546],"to":[3.995915,20.134125,7.8306074],"faces":{"east":{"uv":[5.25,2.0,5.75,2.625],"tintindex":0,"rotation":0,"texture":"#3"},"south":{"uv":[3.75,4.75,4.25,5.375],"tintindex":0,"rotation":0,"texture":"#3"},"north":{"uv":[5.25,1.25,5.75,1.875],"tintindex":0,"rotation":0,"texture":"#3"},"west":{"uv":[5.25,0.5,5.75,1.125],"tintindex":0,"rotation":0,"texture":"#3"},"up":{"uv":[6.75,2.0,6.25,1.5],"tintindex":0,"rotation":0,"texture":"#3"},"down":{"uv":[6.75,2.0,6.25,2.5],"tintindex":0,"rotation":0,"texture":"#3"}},"rotation":{"origin":[8.224537,19.803654,6.8478885],"angle":-45.0,"axis":"z"}},{"from":[3.7251534,12.928637,7.213891],"to":[4.498484,13.562649,7.677887],"faces":{"east":{"uv":[9.75,1.25,9.9375,1.5],"tintindex":0,"rotation":0,"texture":"#3"},"south":{"uv":[4.75,9.0,5.0625,9.25],"tintindex":0,"rotation":0,"texture":"#3"},"north":{"uv":[9.0,1.75,9.3125,2.0],"tintindex":0,"rotation":0,"texture":"#3"},"west":{"uv":[9.75,1.5,9.9375,1.75],"tintindex":0,"rotation":0,"texture":"#3"},"up":{"uv":[9.8125,6.1875,9.5,6.0],"tintindex":0,"rotation":0,"texture":"#3"},"down":{"uv":[6.5625,9.5,6.25,9.6875],"tintindex":0,"rotation":0,"texture":"#3"}},"rotation":{"origin":[9.069986,15.516872,7.456147],"angle":45.0,"axis":"z"}},{"from":[8.416989,22.971674,7.2422285],"to":[8.822649,23.424942,7.7861476],"faces":{"east":{"uv":[5.5,9.75,5.71875,9.9375],"tintindex":0,"rotation":0,"texture":"#3"},"south":{"uv":[9.25,8.25,9.59375,8.4375],"tintindex":0,"rotation":0,"texture":"#3"},"north":{"uv":[2.0,9.5,2.34375,9.6875],"tintindex":0,"rotation":0,"texture":"#3"},"west":{"uv":[5.25,9.75,5.46875,9.9375],"tintindex":0,"rotation":0,"texture":"#3"},"up":{"uv":[9.34375,8.71875,9.0,8.5],"tintindex":0,"rotation":0,"texture":"#3"},"down":{"uv":[9.34375,8.75,9.0,8.96875],"tintindex":0,"rotation":0,"texture":"#3"}}},{"from":[7.850198,4.5989122,7.1594486],"to":[8.804198,5.2082796,7.7688165],"faces":{"east":{"uv":[5.1875,8.875,5.0,9.0625],"tintindex":0,"rotation":0,"texture":"#0"},"south":{"uv":[0.5,8.75,0.25,8.9375],"tintindex":0,"rotation":0,"texture":"#0"},"north":{"uv":[9.0,0.0,8.75,0.1875],"tintindex":0,"rotation":0,"texture":"#0"},"west":{"uv":[4.9375,8.875,4.75,9.0625],"tintindex":0,"rotation":0,"texture":"#0"},"up":{"uv":[0.5,8.9375,0.75,8.75],"tintindex":0,"rotation":0,"texture":"#0"},"down":{"uv":[0.75,8.75,1.0,8.9375],"tintindex":0,"rotation":0,"texture":"#0"}}},{"from":[3.3617597,5.971863,7.43118],"to":[6.817495,8.9405365,7.43118],"faces":{"south":{"uv":[6.5625,1.96875,5.15625,2.9375],"tintindex":0,"rotation":0,"texture":"#0"},"north":{"uv":[5.15625,1.96875,6.5625,2.9375],"tintindex":0,"rotation":0,"texture":"#0"}}},{"from":[6.566914,8.479835,6.94778],"to":[7.1336255,9.23545,7.98287],"faces":{"east":{"uv":[5.5,9.125,5.59375,9.375],"tintindex":0,"rotation":0,"texture":"#0"},"south":{"uv":[8.9375,2.75,8.75,3.0],"tintindex":0,"rotation":0,"texture":"#0"},"north":{"uv":[8.75,2.75,8.9375,3.0],"tintindex":0,"rotation":0,"texture":"#0"},"west":{"uv":[9.125,5.5,9.21875,5.75],"tintindex":0,"rotation":0,"texture":"#0"},"up":{"uv":[9.3125,8.21875,9.125,8.125],"tintindex":0,"rotation":0,"texture":"#0"},"down":{"uv":[9.3125,8.5,9.125,8.59375],"tintindex":0,"rotation":0,"texture":"#0"}}},{"from":[4.9636397,21.030422,7.1585546],"to":[6.2189846,21.601034,7.8306074],"faces":{"east":{"uv":[5.0,9.5,5.28125,9.71875],"tintindex":0,"rotation":0,"texture":"#3"},"south":{"uv":[8.5,2.75,9.0,2.96875],"tintindex":0,"rotation":0,"texture":"#3"},"north":{"uv":[3.25,8.5,3.75,8.71875],"tintindex":0,"rotation":0,"texture":"#3"},"west":{"uv":[9.5,4.0,9.78125,4.21875],"tintindex":0,"rotation":0,"texture":"#3"},"up":{"uv":[8.25,3.53125,7.75,3.25],"tintindex":0,"rotation":0,"texture":"#3"},"down":{"uv":[4.25,7.75,3.75,8.03125],"tintindex":0,"rotation":0,"texture":"#3"}},"rotation":{"origin":[8.538355,20.11747,6.9429903],"angle":22.5,"axis":"z"}}],"display":{"gui":{"rotation":[30,225,0]}}}