{"textures":{"3":"modelengine:entity/main"},"elements":[{"from":[10.581125,-0.83428764,4.1576667],"to":[11.146262,0.37034416,4.7227936],"faces":{"east":{"uv":[10.75,8.5,10.90625,8.8125],"tintindex":0,"rotation":0,"texture":"#3"},"south":{"uv":[10.75,7.25,10.90625,7.5625],"tintindex":0,"rotation":0,"texture":"#3"},"north":{"uv":[8.5,10.75,8.65625,11.0625],"tintindex":0,"rotation":0,"texture":"#3"},"west":{"uv":[10.75,8.0,10.90625,8.3125],"tintindex":0,"rotation":0,"texture":"#3"},"up":{"uv":[2.90625,11.40625,2.75,11.25],"tintindex":0,"rotation":0,"texture":"#3"},"down":{"uv":[11.40625,2.75,11.25,2.90625],"tintindex":0,"rotation":0,"texture":"#3"}}},{"from":[18.457483,-1.3014069,4.5728116],"to":[22.4134,2.0893745,4.5728116],"faces":{"south":{"uv":[2.5,2.0,3.5625,2.90625],"tintindex":0,"rotation":0,"texture":"#3"},"north":{"uv":[0.0,3.0,1.0625,3.90625],"tintindex":0,"rotation":0,"texture":"#3"}},"rotation":{"origin":[13.606482,7.8409367,4.3334913],"angle":-45.0,"axis":"z"}},{"from":[9.601491,-3.298522,4.007695],"to":[10.731755,-1.2798777,4.9119105],"faces":{"east":{"uv":[3.5,9.25,3.75,9.78125],"tintindex":0,"rotation":0,"texture":"#3"},"south":{"uv":[0.0,8.75,0.3125,9.28125],"tintindex":0,"rotation":0,"texture":"#3"},"north":{"uv":[8.75,1.25,9.0625,1.78125],"tintindex":0,"rotation":0,"texture":"#3"},"west":{"uv":[9.25,3.0,9.5,3.53125],"tintindex":0,"rotation":0,"texture":"#3"},"up":{"uv":[10.5625,6.75,10.25,6.5],"tintindex":0,"rotation":0,"texture":"#3"},"down":{"uv":[7.0625,10.25,6.75,10.5],"tintindex":0,"rotation":0,"texture":"#3"}}},{"from":[13.86697,1.9482689,4.2902584],"to":[14.4320965,2.5134048,4.629337],"faces":{"east":{"uv":[5.25,11.25,5.34375,11.40625],"tintindex":0,"rotation":0,"texture":"#3"},"south":{"uv":[2.5,11.25,2.65625,11.40625],"tintindex":0,"rotation":0,"texture":"#3"},"north":{"uv":[11.25,2.5,11.40625,2.65625],"tintindex":0,"rotation":0,"texture":"#3"},"west":{"uv":[11.25,5.0,11.34375,5.15625],"tintindex":0,"rotation":0,"texture":"#3"},"up":{"uv":[11.40625,5.34375,11.25,5.25],"tintindex":0,"rotation":0,"texture":"#3"},"down":{"uv":[5.65625,11.25,5.5,11.34375],"tintindex":0,"rotation":0,"texture":"#3"}},"rotation":{"origin":[7.9673615,6.295147,4.5763535],"angle":-22.5,"axis":"z"}},{"from":[12.601499,0.0032100677,4.06421],"to":[13.731752,0.8509102,4.855396],"faces":{"east":{"uv":[4.5,7.75,4.71875,7.96875],"tintindex":0,"rotation":0,"texture":"#3"},"south":{"uv":[10.5,6.0,10.8125,6.21875],"tintindex":0,"rotation":0,"texture":"#3"},"north":{"uv":[6.25,10.5,6.5625,10.71875],"tintindex":0,"rotation":0,"texture":"#3"},"west":{"uv":[7.75,2.25,7.96875,2.46875],"tintindex":0,"rotation":0,"texture":"#3"},"up":{"uv":[7.0625,10.71875,6.75,10.5],"tintindex":0,"rotation":0,"texture":"#3"},"down":{"uv":[7.5625,10.5,7.25,10.71875],"tintindex":0,"rotation":0,"texture":"#3"}},"rotation":{"origin":[7.876252,6.902672,4.4456043],"angle":-22.5,"axis":"z"}},{"from":[14.557718,3.1198406,4.121517],"to":[15.687983,4.04648,4.7996736],"faces":{"east":{"uv":[8.5,1.25,8.6875,1.5],"tintindex":0,"rotation":0,"texture":"#3"},"south":{"uv":[6.25,10.25,6.5625,10.5],"tintindex":0,"rotation":0,"texture":"#3"},"north":{"uv":[10.25,6.25,10.5625,6.5],"tintindex":0,"rotation":0,"texture":"#3"},"west":{"uv":[8.25,5.5,8.4375,5.75],"tintindex":0,"rotation":0,"texture":"#3"},"up":{"uv":[11.0625,5.1875,10.75,5.0],"tintindex":0,"rotation":0,"texture":"#3"},"down":{"uv":[5.5625,10.75,5.25,10.9375],"tintindex":0,"rotation":0,"texture":"#3"}},"rotation":{"origin":[7.876252,6.902672,4.4456043],"angle":-45.0,"axis":"z"}},{"from":[17.609793,1.5242376,4.346763],"to":[18.457483,2.0893745,4.5728116],"faces":{"east":{"uv":[11.25,7.25,11.3125,7.40625],"tintindex":0,"rotation":0,"texture":"#3"},"south":{"uv":[7.75,11.0,7.96875,11.15625],"tintindex":0,"rotation":0,"texture":"#3"},"north":{"uv":[11.0,7.75,11.21875,7.90625],"tintindex":0,"rotation":0,"texture":"#3"},"west":{"uv":[7.25,11.25,7.3125,11.40625],"tintindex":0,"rotation":0,"texture":"#3"},"up":{"uv":[11.46875,5.8125,11.25,5.75],"tintindex":0,"rotation":0,"texture":"#3"},"down":{"uv":[6.21875,11.25,6.0,11.3125],"tintindex":0,"rotation":0,"texture":"#3"}},"rotation":{"origin":[13.606482,7.8409367,4.3890896],"angle":-45.0,"axis":"z"}},{"from":[10.415596,-0.029284477,4.241167],"to":[10.980754,0.89735603,4.7044873],"faces":{"east":{"uv":[0.75,11.25,0.875,11.5],"tintindex":0,"rotation":0,"texture":"#3"},"south":{"uv":[5.75,11.0,5.90625,11.25],"tintindex":0,"rotation":0,"texture":"#3"},"north":{"uv":[11.0,5.75,11.15625,6.0],"tintindex":0,"rotation":0,"texture":"#3"},"west":{"uv":[0.5,11.25,0.625,11.5],"tintindex":0,"rotation":0,"texture":"#3"},"up":{"uv":[11.40625,4.125,11.25,4.0],"tintindex":0,"rotation":0,"texture":"#3"},"down":{"uv":[4.40625,11.25,4.25,11.375],"tintindex":0,"rotation":0,"texture":"#3"}},"rotation":{"origin":[10.980754,-0.029284477,4.7600856],"angle":-45.0,"axis":"z"}},{"from":[11.146262,-0.19479275,4.2616563],"to":[12.276516,0.37034416,4.7137537],"faces":{"east":{"uv":[4.5,11.25,4.625,11.40625],"tintindex":0,"rotation":0,"texture":"#3"},"south":{"uv":[10.75,9.0,11.0625,9.15625],"tintindex":0,"rotation":0,"texture":"#3"},"north":{"uv":[10.75,9.25,11.0625,9.40625],"tintindex":0,"rotation":0,"texture":"#3"},"west":{"uv":[11.25,4.25,11.375,4.40625],"tintindex":0,"rotation":0,"texture":"#3"},"up":{"uv":[6.3125,11.125,6.0,11.0],"tintindex":0,"rotation":0,"texture":"#3"},"down":{"uv":[11.3125,6.0,11.0,6.125],"tintindex":0,"rotation":0,"texture":"#3"}}}],"display":{"gui":{"rotation":[30,225,0]}}}