{"textures":{"1":"modelengine:entity/gagang1","2":"modelengine:entity/main","3":"modelengine:entity/segitiga"},"elements":[{"from":[9.21869,-4.9901714,7.4821796],"to":[9.40877,-4.347101,7.74629],"faces":{"east":{"uv":[11.28125,4.5,11.3125,4.6875],"tintindex":0,"rotation":0,"texture":"#2"},"south":{"uv":[11.28125,4.5,11.3125,4.6875],"tintindex":0,"rotation":0,"texture":"#2"},"north":{"uv":[11.28125,4.5,11.3125,4.6875],"tintindex":0,"rotation":0,"texture":"#2"},"west":{"uv":[11.28125,4.5,11.3125,4.6875],"tintindex":0,"rotation":0,"texture":"#2"},"up":{"uv":[11.28125,4.5,11.3125,4.6875],"tintindex":0,"rotation":0,"texture":"#2"},"down":{"uv":[11.28125,4.5,11.3125,4.6875],"tintindex":0,"rotation":0,"texture":"#2"}}},{"from":[2.0812101,26.75353,7.5518703],"to":[5.3358,29.60459,7.5518703],"faces":{"east":{"uv":[0.0,1.2625,16.0,14.55],"tintindex":0,"rotation":90,"texture":"#3"},"south":{"uv":[0.0,1.2625,16.0,14.55],"tintindex":0,"rotation":90,"texture":"#3"},"north":{"uv":[0.0,1.2625,16.0,14.55],"tintindex":0,"rotation":270,"texture":"#3"},"west":{"uv":[0.0,1.2625,16.0,14.55],"tintindex":0,"rotation":90,"texture":"#3"},"up":{"uv":[0.0,1.2625,16.0,14.55],"tintindex":0,"rotation":90,"texture":"#3"},"down":{"uv":[0.0,1.2625,16.0,14.55],"tintindex":0,"rotation":90,"texture":"#3"}}},{"from":[9.95064,-3.6270008,6.63867],"to":[11.891069,-2.3491497,8.50152],"faces":{"east":{"uv":[8.5,4.5,8.90625,4.90625],"tintindex":0,"rotation":0,"texture":"#2"},"south":{"uv":[8.0,0.5,8.5,0.90625],"tintindex":0,"rotation":0,"texture":"#2"},"north":{"uv":[8.0,0.0,8.5,0.40625],"tintindex":0,"rotation":0,"texture":"#2"},"west":{"uv":[3.5,8.75,3.90625,9.15625],"tintindex":0,"rotation":0,"texture":"#2"},"up":{"uv":[1.28125,7.9375,0.78125,7.53125],"tintindex":0,"rotation":0,"texture":"#2"},"down":{"uv":[1.75,8.0,1.25,8.40625],"tintindex":0,"rotation":0,"texture":"#2"}}},{"from":[16.50621,26.87853,7.5518703],"to":[19.7608,29.72959,7.5518703],"faces":{"east":{"uv":[0.0,1.2625,16.0,14.55],"tintindex":0,"rotation":90,"texture":"#3"},"south":{"uv":[0.0,14.55,16.0,1.2625],"tintindex":0,"rotation":90,"texture":"#3"},"north":{"uv":[16.0,14.55,0.0,1.2625],"tintindex":0,"rotation":270,"texture":"#3"},"west":{"uv":[0.0,1.2625,16.0,14.55],"tintindex":0,"rotation":90,"texture":"#3"},"up":{"uv":[0.0,1.2625,16.0,14.55],"tintindex":0,"rotation":90,"texture":"#3"},"down":{"uv":[0.0,1.2625,16.0,14.55],"tintindex":0,"rotation":90,"texture":"#3"}}},{"from":[8.59762,1.8403893,7.2766104],"to":[10.07796,2.8756485,8.01678],"faces":{"east":{"uv":[9.25,10.5,9.46875,10.8125],"tintindex":0,"rotation":0,"texture":"#2"},"south":{"uv":[4.25,9.5,4.65625,9.8125],"tintindex":0,"rotation":0,"texture":"#2"},"north":{"uv":[3.75,9.5,4.15625,9.8125],"tintindex":0,"rotation":0,"texture":"#2"},"west":{"uv":[9.5,10.5,9.71875,10.8125],"tintindex":0,"rotation":0,"texture":"#2"},"up":{"uv":[10.40625,3.21875,10.0,3.0],"tintindex":0,"rotation":0,"texture":"#2"},"down":{"uv":[10.40625,3.25,10.0,3.46875],"tintindex":0,"rotation":0,"texture":"#2"}}},{"from":[9.54662,1.1588001,7.32841],"to":[9.8167,1.7739697,7.77252],"faces":{"east":{"uv":[11.28125,3.8125,11.3125,3.875],"tintindex":0,"rotation":0,"texture":"#2"},"south":{"uv":[11.28125,3.8125,11.3125,3.875],"tintindex":0,"rotation":0,"texture":"#2"},"north":{"uv":[11.28125,3.8125,11.3125,3.875],"tintindex":0,"rotation":0,"texture":"#2"},"west":{"uv":[11.28125,3.8125,11.3125,3.875],"tintindex":0,"rotation":0,"texture":"#2"},"up":{"uv":[11.28125,3.8125,11.3125,3.875],"tintindex":0,"rotation":0,"texture":"#2"},"down":{"uv":[11.28125,3.8125,11.3125,3.875],"tintindex":0,"rotation":0,"texture":"#2"}},"rotation":{"origin":[8.44339,-3.0353107,7.2541304],"angle":22.5,"axis":"z"}},{"from":[10.63362,-6.054281,7.23878],"to":[12.11396,-4.944031,7.9789495],"faces":{"east":{"uv":[4.75,10.5,4.96875,10.8125],"tintindex":0,"rotation":0,"texture":"#2"},"south":{"uv":[9.5,0.0,9.90625,0.3125],"tintindex":0,"rotation":0,"texture":"#2"},"north":{"uv":[0.40625,9.5,0.0,9.8125],"tintindex":0,"rotation":0,"texture":"#2"},"west":{"uv":[10.5,7.25,10.71875,7.5625],"tintindex":0,"rotation":0,"texture":"#2"},"up":{"uv":[10.15625,9.71875,9.75,9.5],"tintindex":0,"rotation":0,"texture":"#2"},"down":{"uv":[10.40625,1.0,10.0,1.21875],"tintindex":0,"rotation":0,"texture":"#2"}}},{"from":[9.21399,0.32162857,7.32841],"to":[10.32425,0.9868088,7.92056],"faces":{"east":{"uv":[9.21875,11.15625,9.0,11.0],"tintindex":0,"rotation":90,"texture":"#2"},"south":{"uv":[10.25,10.5,10.46875,10.8125],"tintindex":0,"rotation":90,"texture":"#2"},"north":{"uv":[9.75,10.5,9.96875,10.8125],"tintindex":0,"rotation":270,"texture":"#2"},"west":{"uv":[9.46875,11.0,9.25,11.15625],"tintindex":0,"rotation":90,"texture":"#2"},"up":{"uv":[10.75,10.0,10.90625,10.3125],"tintindex":0,"rotation":90,"texture":"#2"},"down":{"uv":[10.0,10.75,10.15625,11.0625],"tintindex":0,"rotation":90,"texture":"#2"}},"rotation":{"origin":[5.47208,-2.0513706,7.71692],"angle":22.5,"axis":"z"}},{"from":[12.0515995,2.5060997,7.32841],"to":[12.32168,3.1212692,7.77252],"faces":{"east":{"uv":[11.28125,3.8125,11.3125,3.875],"tintindex":0,"rotation":0,"texture":"#2"},"south":{"uv":[11.28125,3.8125,11.3125,3.875],"tintindex":0,"rotation":0,"texture":"#2"},"north":{"uv":[11.28125,3.8125,11.3125,3.875],"tintindex":0,"rotation":0,"texture":"#2"},"west":{"uv":[11.28125,3.8125,11.3125,3.875],"tintindex":0,"rotation":0,"texture":"#2"},"up":{"uv":[11.28125,3.8125,11.3125,3.875],"tintindex":0,"rotation":0,"texture":"#2"},"down":{"uv":[11.28125,3.8125,11.3125,3.875],"tintindex":0,"rotation":0,"texture":"#2"}},"rotation":{"origin":[9.94836,-2.413,7.2541304],"angle":-22.5,"axis":"z"}},{"from":[12.29369,-4.9901714,7.4821796],"to":[12.48377,-4.347101,7.74629],"faces":{"east":{"uv":[11.28125,4.5,11.3125,4.6875],"tintindex":0,"rotation":0,"texture":"#2"},"south":{"uv":[11.28125,4.5,11.3125,4.6875],"tintindex":0,"rotation":0,"texture":"#2"},"north":{"uv":[11.28125,4.5,11.3125,4.6875],"tintindex":0,"rotation":0,"texture":"#2"},"west":{"uv":[11.28125,4.5,11.3125,4.6875],"tintindex":0,"rotation":0,"texture":"#2"},"up":{"uv":[11.28125,4.5,11.3125,4.6875],"tintindex":0,"rotation":0,"texture":"#2"},"down":{"uv":[11.28125,4.5,11.3125,4.6875],"tintindex":0,"rotation":0,"texture":"#2"}}},{"from":[10.03674,-7.5753202,6.71581],"to":[11.812799,-6.2457314,8.40187],"faces":{"east":{"uv":[0.75,6.0625,1.03125,6.25],"tintindex":0,"rotation":0,"texture":"#2"},"south":{"uv":[0.75,6.0625,1.03125,6.25],"tintindex":0,"rotation":0,"texture":"#2"},"north":{"uv":[0.75,6.0625,1.03125,6.25],"tintindex":0,"rotation":0,"texture":"#2"},"west":{"uv":[0.75,6.0625,1.03125,6.25],"tintindex":0,"rotation":0,"texture":"#2"},"up":{"uv":[0.75,6.0625,1.03125,6.25],"tintindex":0,"rotation":0,"texture":"#2"},"down":{"uv":[0.75,6.0625,1.03125,6.25],"tintindex":0,"rotation":0,"texture":"#2"}}},{"from":[11.77262,1.8403893,7.2766104],"to":[13.25296,2.8756485,8.01678],"faces":{"east":{"uv":[9.5,10.5,9.71875,10.8125],"tintindex":0,"rotation":0,"texture":"#2"},"south":{"uv":[4.65625,9.5,4.25,9.8125],"tintindex":0,"rotation":0,"texture":"#2"},"north":{"uv":[4.15625,9.5,3.75,9.8125],"tintindex":0,"rotation":0,"texture":"#2"},"west":{"uv":[9.5,10.5,9.71875,10.8125],"tintindex":0,"rotation":0,"texture":"#2"},"up":{"uv":[10.0,3.21875,10.40625,3.0],"tintindex":0,"rotation":0,"texture":"#2"},"down":{"uv":[10.40625,3.25,10.0,3.46875],"tintindex":0,"rotation":0,"texture":"#2"}}},{"from":[10.20318,1.3478394,6.7417097],"to":[11.68353,2.0879993,7.9259796],"faces":{"east":{"uv":[10.5,1.25,10.84375,1.46875],"tintindex":0,"rotation":0,"texture":"#2"},"south":{"uv":[10.0,3.5,10.40625,3.71875],"tintindex":0,"rotation":0,"texture":"#2"},"north":{"uv":[3.5,10.0,3.90625,10.21875],"tintindex":0,"rotation":0,"texture":"#2"},"west":{"uv":[1.5,10.5,1.84375,10.71875],"tintindex":0,"rotation":0,"texture":"#2"},"up":{"uv":[9.65625,1.84375,9.25,1.5],"tintindex":0,"rotation":0,"texture":"#2"},"down":{"uv":[2.40625,9.25,2.0,9.59375],"tintindex":0,"rotation":0,"texture":"#2"}}},{"from":[12.40442,-2.7527714,7.2984104],"to":[14.25485,-2.39509,7.89056],"faces":{"east":{"uv":[8.0,11.0,8.15625,11.21875],"tintindex":0,"rotation":0,"texture":"#2"},"south":{"uv":[8.25,2.0,8.75,2.21875],"tintindex":0,"rotation":0,"texture":"#2"},"north":{"uv":[7.25234,4.99922,7.75391,5.21484],"tintindex":0,"rotation":0,"texture":"#2"},"west":{"uv":[11.0,8.0,11.15625,8.21875],"tintindex":0,"rotation":0,"texture":"#2"},"up":{"uv":[10.75,6.90625,10.25,6.75],"tintindex":0,"rotation":0,"texture":"#2"},"down":{"uv":[10.75,7.0,10.25,7.15625],"tintindex":0,"rotation":0,"texture":"#2"}},"rotation":{"origin":[8.14796,0.121479034,7.69464],"angle":-45.0,"axis":"z"}},{"from":[4.1834,-10.75032,6.66747],"to":[5.8944597,-8.995731,8.44353],"faces":{"east":{"uv":[2.0,6.5,6.0,10.0],"tintindex":0,"rotation":0,"texture":"#1"},"south":{"uv":[9.0,2.0,5.0,6.0],"tintindex":0,"rotation":0,"texture":"#1"},"north":{"uv":[5.0,2.0,9.0,6.0],"tintindex":0,"rotation":0,"texture":"#1"},"west":{"uv":[2.0,6.5,6.0,10.0],"tintindex":0,"rotation":0,"texture":"#1"},"up":{"uv":[2.0,6.5,6.0,10.0],"tintindex":0,"rotation":0,"texture":"#1"},"down":{"uv":[2.0,6.5,6.0,10.0],"tintindex":0,"rotation":0,"texture":"#1"}},"rotation":{"origin":[5.0364304,-1.5701008,16.01884],"angle":45.0,"axis":"z"}},{"from":[9.95064,-0.9720001,6.63867],"to":[11.891069,0.30584908,8.50152],"faces":{"east":{"uv":[8.5,4.5,8.90625,4.90625],"tintindex":0,"rotation":0,"texture":"#2"},"south":{"uv":[8.0,0.5,8.5,0.90625],"tintindex":0,"rotation":0,"texture":"#2"},"north":{"uv":[8.0,0.0,8.5,0.40625],"tintindex":0,"rotation":0,"texture":"#2"},"west":{"uv":[3.5,8.75,3.90625,9.15625],"tintindex":0,"rotation":0,"texture":"#2"},"up":{"uv":[1.28125,7.9375,0.78125,7.53125],"tintindex":0,"rotation":0,"texture":"#2"},"down":{"uv":[1.75,8.0,1.25,8.40625],"tintindex":0,"rotation":0,"texture":"#2"}}},{"from":[10.73899,4.5216293,7.32841],"to":[11.849251,5.1868095,7.92056],"faces":{"east":{"uv":[9.21875,11.15625,9.0,11.0],"tintindex":0,"rotation":90,"texture":"#2"},"south":{"uv":[10.25,10.5,10.46875,10.8125],"tintindex":0,"rotation":90,"texture":"#2"},"north":{"uv":[9.75,10.8125,9.96875,10.5],"tintindex":0,"rotation":270,"texture":"#2"},"west":{"uv":[9.46875,11.0,9.25,11.15625],"tintindex":0,"rotation":90,"texture":"#2"},"up":{"uv":[10.75,10.0,10.90625,10.3125],"tintindex":0,"rotation":90,"texture":"#2"},"down":{"uv":[10.0,10.75,10.15625,11.0625],"tintindex":0,"rotation":90,"texture":"#2"}},"rotation":{"origin":[5.47208,-2.0513706,7.71692],"angle":-22.5,"axis":"z"}},{"from":[10.2698,-4.9569798,6.7417097],"to":[11.60212,-4.216791,7.9259796],"faces":{"east":{"uv":[0.5,10.5,0.84375,10.71875],"tintindex":0,"rotation":0,"texture":"#2"},"south":{"uv":[10.25,0.75,10.625,0.96875],"tintindex":0,"rotation":0,"texture":"#2"},"north":{"uv":[10.25,0.5,10.625,0.71875],"tintindex":0,"rotation":0,"texture":"#2"},"west":{"uv":[10.5,1.0,10.84375,1.21875],"tintindex":0,"rotation":0,"texture":"#2"},"up":{"uv":[7.625,9.59375,7.25,9.25],"tintindex":0,"rotation":0,"texture":"#2"},"down":{"uv":[9.625,7.25,9.25,7.59375],"tintindex":0,"rotation":0,"texture":"#2"}}},{"from":[9.95064,1.6604996,6.63867],"to":[11.891069,2.9383488,8.50152],"faces":{"east":{"uv":[8.5,4.5,8.90625,4.90625],"tintindex":0,"rotation":0,"texture":"#2"},"south":{"uv":[8.0,0.5,8.5,0.90625],"tintindex":0,"rotation":0,"texture":"#2"},"north":{"uv":[8.0,0.0,8.5,0.40625],"tintindex":0,"rotation":0,"texture":"#2"},"west":{"uv":[3.5,8.75,3.90625,9.15625],"tintindex":0,"rotation":0,"texture":"#2"},"up":{"uv":[1.28125,7.9375,0.78125,7.53125],"tintindex":0,"rotation":0,"texture":"#2"},"down":{"uv":[1.75,8.0,1.25,8.40625],"tintindex":0,"rotation":0,"texture":"#2"}}},{"from":[9.63362,-6.054281,7.23878],"to":[11.11396,-4.944031,7.9789495],"faces":{"east":{"uv":[4.75,10.5,4.96875,10.8125],"tintindex":0,"rotation":0,"texture":"#2"},"south":{"uv":[9.5,0.0,9.90625,0.3125],"tintindex":0,"rotation":0,"texture":"#2"},"north":{"uv":[0.0,9.5,0.40625,9.8125],"tintindex":0,"rotation":0,"texture":"#2"},"west":{"uv":[10.5,7.25,10.71875,7.5625],"tintindex":0,"rotation":0,"texture":"#2"},"up":{"uv":[10.15625,9.71875,9.75,9.5],"tintindex":0,"rotation":0,"texture":"#2"},"down":{"uv":[10.40625,1.0,10.0,1.21875],"tintindex":0,"rotation":0,"texture":"#2"}}},{"from":[9.48674,-9.975321,7.5518703],"to":[12.3378,-6.72073,7.5518703],"faces":{"east":{"uv":[0.0,1.2625,16.0,14.55],"tintindex":0,"rotation":0,"texture":"#3"},"south":{"uv":[0.0,1.2625,16.0,14.55],"tintindex":0,"rotation":0,"texture":"#3"},"north":{"uv":[0.0,1.2625,16.0,14.55],"tintindex":0,"rotation":0,"texture":"#3"},"west":{"uv":[0.0,1.2625,16.0,14.55],"tintindex":0,"rotation":0,"texture":"#3"},"up":{"uv":[0.0,1.2625,16.0,14.55],"tintindex":0,"rotation":0,"texture":"#3"},"down":{"uv":[0.0,1.2625,16.0,14.55],"tintindex":0,"rotation":0,"texture":"#3"}}},{"from":[9.95064,-6.2370014,6.63867],"to":[11.891069,-4.9591503,8.50152],"faces":{"east":{"uv":[8.5,4.5,8.90625,4.90625],"tintindex":0,"rotation":0,"texture":"#2"},"south":{"uv":[8.0,0.5,8.5,0.90625],"tintindex":0,"rotation":0,"texture":"#2"},"north":{"uv":[8.0,0.0,8.5,0.40625],"tintindex":0,"rotation":0,"texture":"#2"},"west":{"uv":[3.5,8.75,3.90625,9.15625],"tintindex":0,"rotation":0,"texture":"#2"},"up":{"uv":[1.28125,7.9375,0.78125,7.53125],"tintindex":0,"rotation":0,"texture":"#2"},"down":{"uv":[1.75,8.0,1.25,8.40625],"tintindex":0,"rotation":0,"texture":"#2"}}},{"from":[10.62942,-10.002769,7.2984104],"to":[12.479851,-9.64509,7.89056],"faces":{"east":{"uv":[8.0,11.0,8.15625,11.21875],"tintindex":0,"rotation":0,"texture":"#2"},"south":{"uv":[8.25,2.0,8.75,2.21875],"tintindex":0,"rotation":0,"texture":"#2"},"north":{"uv":[7.78516,4.99922,7.25234,5.21484],"tintindex":0,"rotation":0,"texture":"#2"},"west":{"uv":[11.0,8.0,11.15625,8.21875],"tintindex":0,"rotation":0,"texture":"#2"},"up":{"uv":[10.75,6.90625,10.25,6.75],"tintindex":0,"rotation":0,"texture":"#2"},"down":{"uv":[10.75,7.0,10.25,7.15625],"tintindex":0,"rotation":0,"texture":"#2"}},"rotation":{"origin":[6.37296,-7.128521,7.69464],"angle":45.0,"axis":"z"}},{"from":[10.03674,-4.975321,6.71581],"to":[11.812799,4.2767696,8.40187],"faces":{"east":{"uv":[0.75,4.9375,1.03125,6.25],"tintindex":0,"rotation":0,"texture":"#2"},"south":{"uv":[0.75,4.9375,1.03125,6.25],"tintindex":0,"rotation":0,"texture":"#2"},"north":{"uv":[0.75,4.9375,1.03125,6.25],"tintindex":0,"rotation":0,"texture":"#2"},"west":{"uv":[0.75,4.9375,1.03125,6.25],"tintindex":0,"rotation":0,"texture":"#2"},"up":{"uv":[0.75,4.9375,1.03125,6.25],"tintindex":0,"rotation":0,"texture":"#2"},"down":{"uv":[0.75,4.9375,1.03125,6.25],"tintindex":0,"rotation":0,"texture":"#2"}}}],"display":{"gui":{"rotation":[30,225,0]}}}