{"textures":{"2":"modelengine:entity/main"},"elements":[{"from":[9.55545,-2.9736996,13.12247],"to":[10.65322,-1.0130882,14.00069],"faces":{"east":{"uv":[3.5,9.25,3.75,9.78125],"tintindex":0,"rotation":0,"texture":"#2"},"south":{"uv":[0.0,8.75,0.3125,9.28125],"tintindex":0,"rotation":0,"texture":"#2"},"north":{"uv":[8.75,1.25,9.0625,1.78125],"tintindex":0,"rotation":0,"texture":"#2"},"west":{"uv":[9.25,3.0,9.5,3.53125],"tintindex":0,"rotation":0,"texture":"#2"},"up":{"uv":[10.5625,6.75,10.25,6.5],"tintindex":0,"rotation":0,"texture":"#2"},"down":{"uv":[7.0625,10.25,6.75,10.5],"tintindex":0,"rotation":0,"texture":"#2"}}},{"from":[17.333519,1.7104111,13.45179],"to":[18.156841,2.2593002,13.67134],"faces":{"east":{"uv":[11.25,7.25,11.3125,7.40625],"tintindex":0,"rotation":0,"texture":"#2"},"south":{"uv":[7.75,11.0,7.96875,11.15625],"tintindex":0,"rotation":0,"texture":"#2"},"north":{"uv":[11.0,7.75,11.21875,7.90625],"tintindex":0,"rotation":0,"texture":"#2"},"west":{"uv":[7.25,11.25,7.3125,11.40625],"tintindex":0,"rotation":0,"texture":"#2"},"up":{"uv":[11.46875,5.8125,11.25,5.75],"tintindex":0,"rotation":0,"texture":"#2"},"down":{"uv":[6.21875,11.25,6.0,11.3125],"tintindex":0,"rotation":0,"texture":"#2"}},"rotation":{"origin":[13.4453,7.8455086,13.4929],"angle":-45.0,"axis":"z"}},{"from":[18.156841,-1.0340004,13.67134],"to":[21.999031,2.2593002,13.67134],"faces":{"south":{"uv":[2.5,2.0,3.5625,2.90625],"tintindex":0,"rotation":0,"texture":"#2"},"north":{"uv":[0.0,3.0,1.0625,3.90625],"tintindex":0,"rotation":0,"texture":"#2"}},"rotation":{"origin":[13.4453,7.8455086,13.4389],"angle":-45.0,"axis":"z"}},{"from":[10.50692,-0.5803108,13.26813],"to":[11.05581,0.58969116,13.81701],"faces":{"east":{"uv":[10.75,8.5,10.90625,8.8125],"tintindex":0,"rotation":0,"texture":"#2"},"south":{"uv":[10.75,7.25,10.90625,7.5625],"tintindex":0,"rotation":0,"texture":"#2"},"north":{"uv":[8.5,10.75,8.65625,11.0625],"tintindex":0,"rotation":0,"texture":"#2"},"west":{"uv":[10.75,8.0,10.90625,8.3125],"tintindex":0,"rotation":0,"texture":"#2"},"up":{"uv":[2.90625,11.40625,2.75,11.25],"tintindex":0,"rotation":0,"texture":"#2"},"down":{"uv":[11.40625,2.75,11.25,2.90625],"tintindex":0,"rotation":0,"texture":"#2"}}},{"from":[10.346149,0.20154953,13.349231],"to":[10.89506,1.101551,13.799231],"faces":{"east":{"uv":[0.75,11.25,0.875,11.5],"tintindex":0,"rotation":0,"texture":"#2"},"south":{"uv":[5.75,11.0,5.90625,11.25],"tintindex":0,"rotation":0,"texture":"#2"},"north":{"uv":[11.0,5.75,11.15625,6.0],"tintindex":0,"rotation":0,"texture":"#2"},"west":{"uv":[0.5,11.25,0.625,11.5],"tintindex":0,"rotation":0,"texture":"#2"},"up":{"uv":[11.40625,4.125,11.25,4.0],"tintindex":0,"rotation":0,"texture":"#2"},"down":{"uv":[4.40625,11.25,4.25,11.375],"tintindex":0,"rotation":0,"texture":"#2"}},"rotation":{"origin":[10.89506,0.20154953,13.85323],"angle":-45.0,"axis":"z"}},{"from":[12.46921,0.23310852,13.177361],"to":[13.56697,1.0564384,13.945801],"faces":{"east":{"uv":[4.5,7.75,4.71875,7.96875],"tintindex":0,"rotation":0,"texture":"#2"},"south":{"uv":[10.5,6.0,10.8125,6.21875],"tintindex":0,"rotation":0,"texture":"#2"},"north":{"uv":[6.25,10.5,6.5625,10.71875],"tintindex":0,"rotation":0,"texture":"#2"},"west":{"uv":[7.75,2.25,7.96875,2.46875],"tintindex":0,"rotation":0,"texture":"#2"},"up":{"uv":[7.0625,10.71875,6.75,10.5],"tintindex":0,"rotation":0,"texture":"#2"},"down":{"uv":[7.5625,10.5,7.25,10.71875],"tintindex":0,"rotation":0,"texture":"#2"}},"rotation":{"origin":[7.87981,6.9342194,13.547791],"angle":-22.5,"axis":"z"}},{"from":[13.6983,2.1222496,13.396911],"to":[14.24718,2.6711388,13.72624],"faces":{"east":{"uv":[5.25,11.25,5.34375,11.40625],"tintindex":0,"rotation":0,"texture":"#2"},"south":{"uv":[2.5,11.25,2.65625,11.40625],"tintindex":0,"rotation":0,"texture":"#2"},"north":{"uv":[11.25,2.5,11.40625,2.65625],"tintindex":0,"rotation":0,"texture":"#2"},"west":{"uv":[11.25,5.0,11.34375,5.15625],"tintindex":0,"rotation":0,"texture":"#2"},"up":{"uv":[11.40625,5.34375,11.25,5.25],"tintindex":0,"rotation":0,"texture":"#2"},"down":{"uv":[5.65625,11.25,5.5,11.34375],"tintindex":0,"rotation":0,"texture":"#2"}},"rotation":{"origin":[7.9683,6.344158,13.67478],"angle":-22.5,"axis":"z"}},{"from":[11.05581,0.040798187,13.36913],"to":[12.15357,0.58969116,13.80823],"faces":{"east":{"uv":[4.5,11.25,4.625,11.40625],"tintindex":0,"rotation":0,"texture":"#2"},"south":{"uv":[10.75,9.0,11.0625,9.15625],"tintindex":0,"rotation":0,"texture":"#2"},"north":{"uv":[10.75,9.25,11.0625,9.40625],"tintindex":0,"rotation":0,"texture":"#2"},"west":{"uv":[11.25,4.25,11.375,4.40625],"tintindex":0,"rotation":0,"texture":"#2"},"up":{"uv":[6.3125,11.125,6.0,11.0],"tintindex":0,"rotation":0,"texture":"#2"},"down":{"uv":[11.3125,6.0,11.0,6.125],"tintindex":0,"rotation":0,"texture":"#2"}}},{"from":[14.36919,3.2601395,13.233021],"to":[15.46696,4.160141,13.891681],"faces":{"east":{"uv":[8.5,1.25,8.6875,1.5],"tintindex":0,"rotation":0,"texture":"#2"},"south":{"uv":[6.25,10.25,6.5625,10.5],"tintindex":0,"rotation":0,"texture":"#2"},"north":{"uv":[10.25,6.25,10.5625,6.5],"tintindex":0,"rotation":0,"texture":"#2"},"west":{"uv":[8.25,5.5,8.4375,5.75],"tintindex":0,"rotation":0,"texture":"#2"},"up":{"uv":[11.0625,5.1875,10.75,5.0],"tintindex":0,"rotation":0,"texture":"#2"},"down":{"uv":[5.5625,10.75,5.25,10.9375],"tintindex":0,"rotation":0,"texture":"#2"}},"rotation":{"origin":[7.87981,6.9342194,13.547791],"angle":-45.0,"axis":"z"}}],"display":{"gui":{"rotation":[30,225,0]}}}