{"textures":{"2":"modelengine:entity/main","4":"modelengine:entity/blade"},"elements":[{"from":[17.219265,6.482771,10.946555],"to":[18.491865,7.175066,12.3963],"faces":{"east":{"uv":[5.5,1.25,6.3125,1.625],"tintindex":0,"rotation":0,"texture":"#2"},"south":{"uv":[2.25,6.25,2.96875,6.625],"tintindex":0,"rotation":0,"texture":"#2"},"north":{"uv":[0.0,6.25,0.71875,6.625],"tintindex":0,"rotation":0,"texture":"#2"},"west":{"uv":[5.5,1.75,6.3125,2.125],"tintindex":0,"rotation":0,"texture":"#2"},"up":{"uv":[0.71875,4.8125,0.0,4.0],"tintindex":0,"rotation":0,"texture":"#2"},"down":{"uv":[1.46875,4.0,0.75,4.8125],"tintindex":0,"rotation":0,"texture":"#2"}}},{"from":[17.699865,6.317981,10.99746],"to":[18.888336,6.9851913,12.316891],"faces":{"east":{"uv":[6.5,0.0,7.21875,0.375],"tintindex":0,"rotation":0,"texture":"#2"},"south":{"uv":[6.5,6.25,7.15625,6.625],"tintindex":0,"rotation":0,"texture":"#2"},"north":{"uv":[6.5,5.75,7.15625,6.125],"tintindex":0,"rotation":0,"texture":"#2"},"west":{"uv":[6.5,0.5,7.21875,0.875],"tintindex":0,"rotation":0,"texture":"#2"},"up":{"uv":[5.15625,5.21875,4.5,4.5],"tintindex":0,"rotation":0,"texture":"#2"},"down":{"uv":[5.40625,1.5,4.75,2.21875],"tintindex":0,"rotation":0,"texture":"#2"}},"rotation":{"origin":[18.4609,6.6015463,11.540871],"angle":45.0,"axis":"z"}},{"from":[16.735676,5.173436,10.956736],"to":[18.977081,6.674656,12.36478],"faces":{"east":{"uv":[3.25,3.0,4.03125,3.84375],"tintindex":0,"rotation":0,"texture":"#2"},"south":{"uv":[1.75,1.0,3.0,1.84375],"tintindex":0,"rotation":0,"texture":"#2"},"north":{"uv":[1.75,0.0,3.0,0.84375],"tintindex":0,"rotation":0,"texture":"#2"},"west":{"uv":[3.75,2.0,4.53125,2.84375],"tintindex":0,"rotation":0,"texture":"#2"},"up":{"uv":[1.25,2.78125,0.0,2.0],"tintindex":0,"rotation":0,"texture":"#2"},"down":{"uv":[2.5,2.0,1.25,2.78125],"tintindex":0,"rotation":0,"texture":"#2"}}},{"from":[14.07135,6.123701,11.54722],"to":[22.58659,20.2987,11.54722],"faces":{"south":{"uv":[5.4375,0.53125,9.24219,8.10938],"tintindex":0,"rotation":0,"texture":"#4"},"north":{"uv":[5.04688,0.53125,8.82031,8.10938],"tintindex":0,"rotation":0,"texture":"#4"}}},{"from":[16.99436,5.027486,10.956736],"to":[18.756205,5.173436,12.36478],"faces":{"east":{"uv":[10.5,1.5,11.28125,1.59375],"tintindex":0,"rotation":0,"texture":"#2"},"south":{"uv":[9.75,9.25,10.71875,9.34375],"tintindex":0,"rotation":0,"texture":"#2"},"north":{"uv":[9.0,9.75,9.96875,9.84375],"tintindex":0,"rotation":0,"texture":"#2"},"west":{"uv":[10.5,3.0,11.28125,3.09375],"tintindex":0,"rotation":0,"texture":"#2"},"up":{"uv":[2.21875,3.78125,1.25,3.0],"tintindex":0,"rotation":0,"texture":"#2"},"down":{"uv":[3.21875,3.0,2.25,3.78125],"tintindex":0,"rotation":0,"texture":"#2"}}},{"from":[17.12467,4.777281,11.078905],"to":[18.625889,5.0379114,12.205471],"faces":{"east":{"uv":[9.75,5.25,10.375,5.40625],"tintindex":0,"rotation":0,"texture":"#2"},"south":{"uv":[3.75,9.25,4.59375,9.40625],"tintindex":0,"rotation":0,"texture":"#2"},"north":{"uv":[9.0,6.0,9.84375,6.15625],"tintindex":0,"rotation":0,"texture":"#2"},"west":{"uv":[9.75,7.75,10.375,7.90625],"tintindex":0,"rotation":0,"texture":"#2"},"up":{"uv":[3.34375,4.625,2.5,4.0],"tintindex":0,"rotation":0,"texture":"#2"},"down":{"uv":[4.34375,4.0,3.5,4.625],"tintindex":0,"rotation":0,"texture":"#2"}}},{"from":[16.81942,6.317981,10.99746],"to":[18.007889,6.9851913,12.316891],"faces":{"east":{"uv":[6.25,2.25,6.96875,2.625],"tintindex":0,"rotation":0,"texture":"#2"},"south":{"uv":[6.5,4.75,7.15625,5.125],"tintindex":0,"rotation":0,"texture":"#2"},"north":{"uv":[6.5,4.25,7.15625,4.625],"tintindex":0,"rotation":0,"texture":"#2"},"west":{"uv":[6.25,5.25,6.96875,5.625],"tintindex":0,"rotation":0,"texture":"#2"},"up":{"uv":[4.90625,3.71875,4.25,3.0],"tintindex":0,"rotation":0,"texture":"#2"},"down":{"uv":[5.15625,3.75,4.5,4.46875],"tintindex":0,"rotation":0,"texture":"#2"}},"rotation":{"origin":[17.246855,6.6015463,11.30435],"angle":-45.0,"axis":"z"}},{"from":[17.12467,4.516651,11.160351],"to":[18.625889,4.777281,12.154],"faces":{"east":{"uv":[4.0,10.0,4.5625,10.15625],"tintindex":0,"rotation":0,"texture":"#2"},"south":{"uv":[9.25,4.0,10.09375,4.15625],"tintindex":0,"rotation":0,"texture":"#2"},"north":{"uv":[9.25,3.75,10.09375,3.90625],"tintindex":0,"rotation":0,"texture":"#2"},"west":{"uv":[10.0,4.25,10.5625,4.40625],"tintindex":0,"rotation":0,"texture":"#2"},"up":{"uv":[5.09375,0.5625,4.25,0.0],"tintindex":0,"rotation":0,"texture":"#2"},"down":{"uv":[5.09375,0.75,4.25,1.3125],"tintindex":0,"rotation":0,"texture":"#2"}}}],"display":{"gui":{"rotation":[30,225,0]}}}