{"textures":{"0":"diligence:diligence_texture/main","1":"diligence:diligence_texture/wings","2":"diligence:diligence_texture/electric_ring","3":"diligence:diligence_texture/electric_handle","6":"diligence:diligence_texture/handle"},"elements":[{"from":[3.72857,1.8499999,7.049855],"to":[3.72857,8.375,12.749855],"faces":{"east":{"uv":[8.0,0.0,0.0,11.0],"tintindex":0,"rotation":0,"texture":"#1"},"west":{"uv":[0.0,0.0,8.0,11.0],"tintindex":0,"rotation":0,"texture":"#1"}},"rotation":{"origin":[3.72857,4.7375,9.899855],"angle":-45.0,"axis":"y"}},{"from":[3.72857,-0.39999962,3.1569948],"to":[3.72857,7.625,8.856995],"faces":{"east":{"uv":[8.0,0.0,0.0,11.0],"tintindex":0,"rotation":0,"texture":"#1"},"west":{"uv":[8.0,0.0,0.0,11.0],"tintindex":0,"rotation":0,"texture":"#1"}},"rotation":{"origin":[3.72857,4.7375,5.256995],"angle":45.0,"axis":"y"}},{"from":[2.45357,-0.39999962,12.850145],"to":[8.15357,7.625,12.850145],"faces":{"south":{"uv":[8.0,0.0,0.0,11.0],"tintindex":0,"rotation":0,"texture":"#1"},"north":{"uv":[0.0,0.0,8.0,11.0],"tintindex":0,"rotation":0,"texture":"#1"}},"rotation":{"origin":[5.30357,4.7375,12.850145],"angle":45.0,"axis":"y"}},{"from":[8.0,-2.6499996,2.9],"to":[8.0,22.25,13.1],"faces":{"east":{"uv":[0.0,0.0,1.70313,4.0],"tintindex":0,"rotation":0,"texture":"#0"},"west":{"uv":[1.75,0.0,3.45313,4.0],"tintindex":0,"rotation":0,"texture":"#0"}}},{"from":[7.4,-1.5529451,9.034925],"to":[8.6,-0.27794456,10.234925],"faces":{"east":{"uv":[5.95313,8.25,5.75,8.46875],"tintindex":0,"rotation":0,"texture":"#0"},"south":{"uv":[6.95313,8.0,6.75,8.21875],"tintindex":0,"rotation":0,"texture":"#0"},"north":{"uv":[6.20313,8.25,6.0,8.46875],"tintindex":0,"rotation":0,"texture":"#0"},"west":{"uv":[6.45313,8.25,6.25,8.46875],"tintindex":0,"rotation":0,"texture":"#0"},"up":{"uv":[3.70313,8.375,3.5,8.57813],"tintindex":0,"rotation":0,"texture":"#0"},"down":{"uv":[3.95313,8.57813,3.75,8.375],"tintindex":0,"rotation":0,"texture":"#0"}},"rotation":{"origin":[7.25,-0.052945137,8.884925],"angle":45.0,"axis":"x"}},{"from":[7.4,-1.5529451,5.7650747],"to":[8.6,-0.27794456,6.965075],"faces":{"east":{"uv":[5.75,8.25,5.95313,8.46875],"tintindex":0,"rotation":0,"texture":"#0"},"south":{"uv":[6.0,8.25,6.20313,8.46875],"tintindex":0,"rotation":0,"texture":"#0"},"north":{"uv":[6.75,8.0,6.95313,8.21875],"tintindex":0,"rotation":0,"texture":"#0"},"west":{"uv":[6.25,8.25,6.45313,8.46875],"tintindex":0,"rotation":0,"texture":"#0"},"up":{"uv":[3.70313,8.57813,3.5,8.375],"tintindex":0,"rotation":0,"texture":"#0"},"down":{"uv":[3.95313,8.375,3.75,8.57813],"tintindex":0,"rotation":0,"texture":"#0"}},"rotation":{"origin":[7.25,-0.052945137,7.115075],"angle":-45.0,"axis":"x"}},{"from":[2.9,-1.75,8.0],"to":[13.1,22.25,8.0],"faces":{"south":{"uv":[3.5,4.0,5.20313,8.0],"tintindex":0,"rotation":0,"texture":"#0"},"north":{"uv":[1.75,4.0,3.45313,8.0],"tintindex":0,"rotation":0,"texture":"#0"}}},{"from":[11.553867,3.3500004,2.4069948],"to":[11.553867,10.625,8.106995],"faces":{"east":{"uv":[0.0,0.0,8.0,11.0],"tintindex":0,"rotation":0,"texture":"#1"},"west":{"uv":[8.0,0.0,0.0,11.0],"tintindex":0,"rotation":0,"texture":"#1"}},"rotation":{"origin":[11.553867,4.7375,5.256995],"angle":-45.0,"axis":"y"}},{"from":[12.066133,3.3500004,2.5498552],"to":[12.066133,11.375,8.249855],"faces":{"east":{"uv":[0.0,0.0,8.0,11.0],"tintindex":0,"rotation":0,"texture":"#1"},"west":{"uv":[8.0,0.0,0.0,11.0],"tintindex":0,"rotation":0,"texture":"#1"}}},{"from":[7.49375,-10.0,7.4],"to":[8.50625,-1.0,8.6],"faces":{"east":{"uv":[1.75,8.0,1.95313,9.5],"tintindex":0,"rotation":0,"texture":"#0"},"south":{"uv":[1.75,8.0,1.95313,9.5],"tintindex":0,"rotation":0,"texture":"#0"},"north":{"uv":[1.75,8.0,1.95313,9.5],"tintindex":0,"rotation":0,"texture":"#0"},"west":{"uv":[2.0,8.0,2.20313,9.5],"tintindex":0,"rotation":0,"texture":"#0"},"up":{"uv":[5.67188,8.57813,5.5,8.375],"tintindex":0,"rotation":0,"texture":"#0"},"down":{"uv":[8.54688,6.5,8.375,6.70313],"tintindex":0,"rotation":0,"texture":"#0"}}},{"from":[2.9,-13.75,8.0],"to":[13.1,-3.25,8.0],"faces":{"south":{"uv":[7.0,1.75,8.70313,3.5],"tintindex":0,"rotation":0,"texture":"#3"},"north":{"uv":[7.0,0.0,8.70313,1.75],"tintindex":0,"rotation":0,"texture":"#3"}}},{"from":[8.0,-2.6499996,2.9],"to":[8.0,22.25,13.1],"faces":{"east":{"uv":[0.0,0.0,1.70313,4.0],"tintindex":0,"rotation":0,"texture":"#0"},"west":{"uv":[1.75,0.0,3.45313,4.0],"tintindex":0,"rotation":0,"texture":"#0"}},"rotation":{"origin":[8.0,8.0,8.0],"angle":-45.0,"axis":"y"}},{"from":[3.1838675,2.6,4.049855],"to":[3.1838675,12.875,8.249855],"faces":{"east":{"uv":[0.0,0.0,8.0,11.0],"tintindex":0,"rotation":0,"texture":"#1"},"west":{"uv":[8.0,0.0,0.0,11.0],"tintindex":0,"rotation":0,"texture":"#1"}}},{"from":[3.20357,-0.39999962,13.600145],"to":[8.15357,9.125,13.600145],"faces":{"south":{"uv":[8.0,0.0,0.0,11.0],"tintindex":0,"rotation":0,"texture":"#1"},"north":{"uv":[0.0,0.0,8.0,11.0],"tintindex":0,"rotation":0,"texture":"#1"}}},{"from":[2.45357,0.3499999,4.087355],"to":[8.15357,9.125,4.087355],"faces":{"south":{"uv":[8.0,0.0,0.0,11.0],"tintindex":0,"rotation":0,"texture":"#1"},"north":{"uv":[0.0,0.0,8.0,11.0],"tintindex":0,"rotation":0,"texture":"#1"}},"rotation":{"origin":[5.30357,4.7375,4.087355],"angle":-45.0,"axis":"y"}},{"from":[8.0,-2.6499996,2.9],"to":[8.0,22.25,13.1],"faces":{"east":{"uv":[1.70313,0.0,0.0,4.0],"tintindex":0,"rotation":0,"texture":"#0"},"west":{"uv":[3.45313,0.0,1.75,4.0],"tintindex":0,"rotation":0,"texture":"#0"}},"rotation":{"origin":[8.0,8.0,8.0],"angle":45.0,"axis":"y"}},{"from":[12.066133,1.8499999,6.4301453],"to":[12.066133,11.375,12.130145],"faces":{"east":{"uv":[8.0,0.0,0.0,11.0],"tintindex":0,"rotation":0,"texture":"#1"},"west":{"uv":[0.0,0.0,8.0,11.0],"tintindex":0,"rotation":0,"texture":"#1"}}},{"from":[7.8338675,-0.39999962,3.1498551],"to":[12.783867,9.875,3.1498551],"faces":{"south":{"uv":[0.0,0.0,8.0,11.0],"tintindex":0,"rotation":0,"texture":"#1"},"north":{"uv":[8.0,0.0,0.0,11.0],"tintindex":0,"rotation":0,"texture":"#1"}}},{"from":[7.25075,-0.02425003,7.02575],"to":[8.74925,0.5742502,8.97425],"faces":{"east":{"uv":[8.375,7.75,8.70313,7.84375],"tintindex":0,"rotation":0,"texture":"#0"},"south":{"uv":[8.375,7.875,8.70313,7.96875],"tintindex":0,"rotation":0,"texture":"#0"},"north":{"uv":[8.375,7.75,8.70313,7.84375],"tintindex":0,"rotation":0,"texture":"#0"},"west":{"uv":[8.375,7.875,8.70313,7.96875],"tintindex":0,"rotation":0,"texture":"#0"},"up":{"uv":[4.5,8.32813,4.25,8.0],"tintindex":0,"rotation":0,"texture":"#0"},"down":{"uv":[4.75,8.0,4.5,8.32813],"tintindex":0,"rotation":0,"texture":"#0"}}},{"from":[7.02575,0.42574978,6.72575],"to":[8.97425,0.9492502,9.27425],"faces":{"east":{"uv":[8.375,6.25,8.79688,6.34375],"tintindex":0,"rotation":0,"texture":"#0"},"south":{"uv":[8.375,6.375,8.79688,6.46875],"tintindex":0,"rotation":0,"texture":"#0"},"north":{"uv":[8.375,6.375,8.79688,6.46875],"tintindex":0,"rotation":0,"texture":"#0"},"west":{"uv":[8.375,6.375,8.79688,6.46875],"tintindex":0,"rotation":0,"texture":"#0"},"up":{"uv":[3.07813,8.42188,2.75,8.0],"tintindex":0,"rotation":0,"texture":"#0"},"down":{"uv":[3.45313,8.0,3.125,8.42188],"tintindex":0,"rotation":0,"texture":"#0"}}},{"from":[3.2007499,1.0257502,3.91325],"to":[12.79925,1.02425,12.08675],"faces":{"up":{"uv":[8.59375,4.85938,7.0,3.5],"tintindex":0,"rotation":0,"texture":"#2"},"down":{"uv":[8.59375,4.85938,7.0,3.5],"tintindex":0,"rotation":0,"texture":"#2"}}},{"from":[5.4507504,-0.32425022,6.16325],"to":[10.54925,-0.32575035,9.83675],"faces":{"up":{"uv":[8.59375,4.85938,7.0,3.5],"tintindex":0,"rotation":0,"texture":"#2"},"down":{"uv":[8.59375,4.85938,7.0,3.5],"tintindex":0,"rotation":0,"texture":"#2"}}},{"from":[7.625,-9.152229,2.524436],"to":[7.625,3.37677,11.500436],"faces":{"east":{"uv":[9.73438,0.0,7.5,3.09375],"tintindex":0,"rotation":0,"texture":"#6"},"west":{"uv":[7.5,0.0,9.73438,3.09375],"tintindex":0,"rotation":0,"texture":"#6"}},"rotation":{"origin":[7.625,-3.9317904,7.914576],"angle":-22.5,"axis":"x"}},{"from":[3.1838675,2.6,7.1801453],"to":[3.1838675,11.375,12.880145],"faces":{"east":{"uv":[8.0,0.0,0.0,11.0],"tintindex":0,"rotation":0,"texture":"#1"},"west":{"uv":[0.0,0.0,8.0,11.0],"tintindex":0,"rotation":0,"texture":"#1"}}},{"from":[7.84643,-0.39999962,4.087355],"to":[12.796431,9.875,4.087355],"faces":{"south":{"uv":[0.0,0.0,8.0,11.0],"tintindex":0,"rotation":0,"texture":"#1"},"north":{"uv":[8.0,0.0,0.0,11.0],"tintindex":0,"rotation":0,"texture":"#1"}},"rotation":{"origin":[9.94643,4.7375,4.087355],"angle":45.0,"axis":"y"}},{"from":[7.0838675,0.3499999,13.600145],"to":[12.033867,9.125,13.600145],"faces":{"south":{"uv":[0.0,0.0,8.0,11.0],"tintindex":0,"rotation":0,"texture":"#1"},"north":{"uv":[8.0,0.0,0.0,11.0],"tintindex":0,"rotation":0,"texture":"#1"}}},{"from":[7.3625,-10.4125,7.5875],"to":[8.6375,-9.56875,8.43125],"faces":{"east":{"uv":[2.75,8.5,2.89063,8.64063],"tintindex":0,"rotation":0,"texture":"#0"},"south":{"uv":[8.59375,7.64063,8.375,7.5],"tintindex":0,"rotation":0,"texture":"#0"},"north":{"uv":[8.375,6.75,8.59375,6.89063],"tintindex":0,"rotation":0,"texture":"#0"},"west":{"uv":[3.0,8.5,3.14063,8.64063],"tintindex":0,"rotation":0,"texture":"#0"},"up":{"uv":[8.375,6.75,8.59375,6.89063],"tintindex":0,"rotation":0,"texture":"#0"},"down":{"uv":[8.59375,7.5,8.375,7.64063],"tintindex":0,"rotation":0,"texture":"#0"}},"rotation":{"origin":[8.0,-9.981251,8.0],"angle":45.0,"axis":"x"}},{"from":[7.43825,-1.7492504,7.17575],"to":[8.56175,0.49924994,8.82425],"faces":{"east":{"uv":[3.5,8.0,3.78125,8.375],"tintindex":0,"rotation":0,"texture":"#0"},"south":{"uv":[3.5,8.0,3.78125,8.375],"tintindex":0,"rotation":0,"texture":"#0"},"north":{"uv":[3.5,8.0,3.78125,8.375],"tintindex":0,"rotation":0,"texture":"#0"},"west":{"uv":[3.875,8.0,4.15625,8.375],"tintindex":0,"rotation":0,"texture":"#0"},"up":{"uv":[5.45313,8.28125,5.25,8.0],"tintindex":0,"rotation":0,"texture":"#0"},"down":{"uv":[5.70313,8.0,5.5,8.28125],"tintindex":0,"rotation":0,"texture":"#0"}}},{"from":[2.45357,0.3499999,3.1498551],"to":[8.15357,9.125,3.1498551],"faces":{"south":{"uv":[8.0,0.0,0.0,11.0],"tintindex":0,"rotation":0,"texture":"#1"},"north":{"uv":[0.0,0.0,8.0,11.0],"tintindex":0,"rotation":0,"texture":"#1"}}},{"from":[7.09643,1.0999999,12.850145],"to":[12.046431,8.375,12.850145],"faces":{"south":{"uv":[0.0,0.0,8.0,11.0],"tintindex":0,"rotation":0,"texture":"#1"},"north":{"uv":[8.0,0.0,0.0,11.0],"tintindex":0,"rotation":0,"texture":"#1"}},"rotation":{"origin":[9.94643,4.7375,12.850145],"angle":-45.0,"axis":"y"}},{"from":[8.0,-13.75,2.9],"to":[8.0,-3.25,13.1],"faces":{"east":{"uv":[7.0,0.0,8.70313,1.75],"tintindex":0,"rotation":0,"texture":"#3"},"west":{"uv":[7.0,1.75,8.70313,3.5],"tintindex":0,"rotation":0,"texture":"#3"}}},{"from":[8.0,-2.6499996,2.9],"to":[8.0,22.25,13.1],"faces":{"east":{"uv":[0.0,0.0,1.70313,4.0],"tintindex":0,"rotation":0,"texture":"#0"},"west":{"uv":[1.75,0.0,3.45313,4.0],"tintindex":0,"rotation":0,"texture":"#0"}},"rotation":{"origin":[8.0,8.0,8.0],"angle":22.5,"axis":"y"}},{"from":[11.553867,1.0999999,7.049855],"to":[11.553867,9.125,12.749855],"faces":{"east":{"uv":[8.0,0.0,0.0,11.0],"tintindex":0,"rotation":0,"texture":"#1"},"west":{"uv":[0.0,0.0,8.0,11.0],"tintindex":0,"rotation":0,"texture":"#1"}},"rotation":{"origin":[11.553867,4.7375,9.899855],"angle":45.0,"axis":"y"}},{"from":[3.9507504,0.31325006,4.66325],"to":[12.04925,0.31174994,11.33675],"faces":{"up":{"uv":[8.59375,4.85938,7.0,3.5],"tintindex":0,"rotation":0,"texture":"#2"},"down":{"uv":[8.59375,4.85938,7.0,3.5],"tintindex":0,"rotation":0,"texture":"#2"}}},{"from":[7.39925,-2.5194998,7.58675],"to":[8.60075,-1.3179998,8.78825],"faces":{"east":{"uv":[4.25,8.375,4.45313,8.57813],"tintindex":0,"rotation":0,"texture":"#0"},"south":{"uv":[4.5,8.375,4.70313,8.57813],"tintindex":0,"rotation":0,"texture":"#0"},"north":{"uv":[4.0,8.375,4.20313,8.57813],"tintindex":0,"rotation":0,"texture":"#0"},"west":{"uv":[4.75,8.375,4.95313,8.57813],"tintindex":0,"rotation":0,"texture":"#0"},"up":{"uv":[5.20313,8.57813,5.0,8.375],"tintindex":0,"rotation":0,"texture":"#0"},"down":{"uv":[5.45313,8.375,5.25,8.57813],"tintindex":0,"rotation":0,"texture":"#0"}},"rotation":{"origin":[8.0,-1.7312498,8.0],"angle":45.0,"axis":"x"}},{"from":[2.9,-2.6499996,8.0],"to":[13.1,22.25,8.0],"faces":{"south":{"uv":[0.0,0.0,1.70313,4.0],"tintindex":0,"rotation":0,"texture":"#0"},"north":{"uv":[1.75,0.0,3.45313,4.0],"tintindex":0,"rotation":0,"texture":"#0"}}}],"display":{"gui":{"rotation":[30,225,0]}}}