{"textures":{"0":"modelengine:entity/texture","2":"michael:michael_texture/animat1","4":"michael:michael_texture/gloves"},"elements":[{"from":[9.237437,6.275,6.0],"to":[9.937438,7.5,7.625],"faces":{"east":{"uv":[8.40625,5.75,7.0,6.0],"tintindex":0,"rotation":0,"texture":"#4"},"south":{"uv":[8.40625,5.75,7.0,6.0],"tintindex":0,"rotation":0,"texture":"#4"},"north":{"uv":[8.40625,5.75,7.0,6.0],"tintindex":0,"rotation":0,"texture":"#4"},"west":{"uv":[8.40625,5.75,7.0,6.0],"tintindex":0,"rotation":0,"texture":"#4"},"up":{"uv":[7.0,6.0,8.40625,5.75],"tintindex":0,"rotation":0,"texture":"#4"},"down":{"uv":[7.0,6.0,8.40625,5.75],"tintindex":0,"rotation":0,"texture":"#4"}},"rotation":{"origin":[10.112437,6.625,0.75],"angle":45.0,"axis":"z"}},{"from":[9.330587,5.4518876,6.125],"to":[10.030588,6.6768875,7.5],"faces":{"east":{"uv":[9.78125,3.25,9.5,3.5],"tintindex":0,"rotation":0,"texture":"#4"},"south":{"uv":[3.78125,9.5,3.5,9.75],"tintindex":0,"rotation":0,"texture":"#4"},"north":{"uv":[3.78125,9.5,3.5,9.75],"tintindex":0,"rotation":0,"texture":"#4"},"west":{"uv":[3.78125,9.5,3.5,9.75],"tintindex":0,"rotation":0,"texture":"#4"},"up":{"uv":[2.39063,10.0,2.25,10.28125],"tintindex":0,"rotation":0,"texture":"#4"},"down":{"uv":[3.14063,10.28125,3.0,10.0],"tintindex":0,"rotation":0,"texture":"#4"}},"rotation":{"origin":[9.680588,6.0643873,6.8125],"angle":22.5,"axis":"z"}},{"from":[8.875,6.625,4.5],"to":[15.25,9.25,11.5],"faces":{"east":{"uv":[1.40625,5.5,0.0,6.42188],"tintindex":0,"rotation":0,"texture":"#4"},"south":{"uv":[3.0,5.5,4.28125,6.42188],"tintindex":0,"rotation":0,"texture":"#4"},"north":{"uv":[4.28125,5.5,3.0,6.42188],"tintindex":0,"rotation":0,"texture":"#4"},"west":{"uv":[6.90625,0.0,5.5,0.92188],"tintindex":0,"rotation":0,"texture":"#4"},"up":{"uv":[5.28125,0.0,4.0,1.40625],"tintindex":0,"rotation":0,"texture":"#4"},"down":{"uv":[2.78125,5.40625,1.5,4.0],"tintindex":0,"rotation":0,"texture":"#4"}}},{"from":[8.548651,10.961013,7.29135],"to":[11.58095,12.715813,8.1011505],"faces":{"east":{"uv":[3.1875,9.5,3.0,9.89063],"tintindex":0,"rotation":0,"texture":"#4"},"south":{"uv":[8.53125,6.0,6.75,6.39063],"tintindex":0,"rotation":0,"texture":"#4"},"north":{"uv":[8.53125,6.5,6.75,6.89063],"tintindex":0,"rotation":0,"texture":"#4"},"west":{"uv":[3.4375,9.5,3.25,9.89063],"tintindex":0,"rotation":0,"texture":"#4"},"up":{"uv":[9.28125,3.5,7.5,3.6875],"tintindex":0,"rotation":0,"texture":"#4"},"down":{"uv":[9.28125,3.9375,7.5,3.75],"tintindex":0,"rotation":0,"texture":"#4"}},"rotation":{"origin":[19.0448,11.635913,7.8987503],"angle":22.5,"axis":"x"}},{"from":[12.9937,5.7613,4.5025],"to":[14.3387,7.5063,5.8725],"faces":{"east":{"uv":[8.40625,5.75,7.0,6.0],"tintindex":0,"rotation":0,"texture":"#4"},"south":{"uv":[8.40625,5.75,7.0,6.0],"tintindex":0,"rotation":0,"texture":"#4"},"north":{"uv":[8.40625,5.75,7.0,6.0],"tintindex":0,"rotation":0,"texture":"#4"},"west":{"uv":[8.40625,5.75,7.0,6.0],"tintindex":0,"rotation":0,"texture":"#4"},"up":{"uv":[7.0,6.0,8.40625,5.75],"tintindex":0,"rotation":0,"texture":"#4"},"down":{"uv":[7.0,6.0,8.40625,5.75],"tintindex":0,"rotation":0,"texture":"#4"}}},{"from":[11.0,9.0,4.5],"to":[13.125,11.625,6.0],"faces":{"east":{"uv":[2.42188,7.5,2.0,8.03125],"tintindex":0,"rotation":0,"texture":"#4"},"south":{"uv":[5.42188,7.25,5.0,7.78125],"tintindex":0,"rotation":0,"texture":"#4"},"north":{"uv":[2.42188,7.5,2.0,8.03125],"tintindex":0,"rotation":0,"texture":"#4"},"west":{"uv":[2.42188,7.5,2.0,8.03125],"tintindex":0,"rotation":0,"texture":"#4"},"up":{"uv":[7.92188,8.5,7.5,8.79688],"tintindex":0,"rotation":0,"texture":"#4"},"down":{"uv":[8.92188,7.79688,8.5,7.5],"tintindex":0,"rotation":0,"texture":"#4"}},"rotation":{"origin":[12.0625,10.5625,3.375],"angle":-45.0,"axis":"x"}},{"from":[9.237437,6.275,7.90625],"to":[9.937438,7.5,9.53125],"faces":{"east":{"uv":[8.40625,5.75,7.0,6.0],"tintindex":0,"rotation":0,"texture":"#4"},"south":{"uv":[8.40625,5.75,7.0,6.0],"tintindex":0,"rotation":0,"texture":"#4"},"north":{"uv":[8.40625,5.75,7.0,6.0],"tintindex":0,"rotation":0,"texture":"#4"},"west":{"uv":[8.40625,5.75,7.0,6.0],"tintindex":0,"rotation":0,"texture":"#4"},"up":{"uv":[7.0,6.0,8.40625,5.75],"tintindex":0,"rotation":0,"texture":"#4"},"down":{"uv":[7.0,6.0,8.40625,5.75],"tintindex":0,"rotation":0,"texture":"#4"}},"rotation":{"origin":[10.112437,6.625,2.53125],"angle":45.0,"axis":"z"}},{"from":[12.54405,10.961013,7.89885],"to":[15.57635,12.715813,8.708651],"faces":{"east":{"uv":[3.4375,9.5,3.25,9.89063],"tintindex":0,"rotation":0,"texture":"#4"},"south":{"uv":[8.53125,6.5,6.75,6.89063],"tintindex":0,"rotation":0,"texture":"#4"},"north":{"uv":[8.53125,6.0,6.75,6.39063],"tintindex":0,"rotation":0,"texture":"#4"},"west":{"uv":[3.1875,9.5,3.0,9.89063],"tintindex":0,"rotation":0,"texture":"#4"},"up":{"uv":[7.5,3.6875,9.28125,3.5],"tintindex":0,"rotation":0,"texture":"#4"},"down":{"uv":[7.5,3.75,9.28125,3.9375],"tintindex":0,"rotation":0,"texture":"#4"}},"rotation":{"origin":[5.0802,11.635913,8.10125],"angle":-22.5,"axis":"x"}},{"from":[9.5915,5.36445,7.999875],"to":[10.941751,6.1897,9.375125],"faces":{"east":{"uv":[2.28125,9.75,2.0,9.92188],"tintindex":0,"rotation":0,"texture":"#4"},"south":{"uv":[9.25,7.0,9.51563,7.28125],"tintindex":0,"rotation":0,"texture":"#4"},"north":{"uv":[9.25,7.0,9.51563,7.28125],"tintindex":0,"rotation":0,"texture":"#4"},"west":{"uv":[10.03125,2.0,9.75,2.17188],"tintindex":0,"rotation":0,"texture":"#4"},"up":{"uv":[9.51563,6.5,9.25,6.78125],"tintindex":0,"rotation":0,"texture":"#4"},"down":{"uv":[9.51563,7.28125,9.25,7.0],"tintindex":0,"rotation":0,"texture":"#4"}}},{"from":[8.643326,15.75,6.674575],"to":[10.018325,18.75,9.674575],"faces":{"east":{"uv":[7.59375,4.75,7.0,5.34375],"tintindex":0,"rotation":0,"texture":"#4"},"south":{"uv":[0.78125,8.25,0.5,8.84375],"tintindex":0,"rotation":0,"texture":"#4"},"north":{"uv":[1.28125,8.25,1.0,8.84375],"tintindex":0,"rotation":0,"texture":"#4"},"west":{"uv":[6.34375,7.0,5.75,7.59375],"tintindex":0,"rotation":0,"texture":"#4"},"up":{"uv":[1.78125,8.25,1.5,8.84375],"tintindex":0,"rotation":0,"texture":"#4"},"down":{"uv":[8.53125,2.09375,8.25,1.5],"tintindex":0,"rotation":0,"texture":"#4"}},"rotation":{"origin":[6.393326,16.9375,8.612075],"angle":-45.0,"axis":"x"}},{"from":[9.7386875,5.75125,4.5012503],"to":[11.117437,6.44875,5.8737497],"faces":{"east":{"uv":[8.40625,5.75,7.0,6.0],"tintindex":0,"rotation":0,"texture":"#4"},"south":{"uv":[8.40625,5.75,7.0,6.0],"tintindex":0,"rotation":0,"texture":"#4"},"north":{"uv":[8.40625,5.75,7.0,6.0],"tintindex":0,"rotation":0,"texture":"#4"},"west":{"uv":[8.40625,5.75,7.0,6.0],"tintindex":0,"rotation":0,"texture":"#4"},"up":{"uv":[7.0,6.0,8.40625,5.75],"tintindex":0,"rotation":0,"texture":"#4"},"down":{"uv":[7.0,6.0,8.40625,5.75],"tintindex":0,"rotation":0,"texture":"#4"}}},{"from":[10.387176,5.499725,8.0],"to":[11.212175,6.849725,9.375],"faces":{"east":{"uv":[9.53125,7.5,9.25,7.76563],"tintindex":0,"rotation":0,"texture":"#4"},"south":{"uv":[9.53125,7.5,9.25,7.76563],"tintindex":0,"rotation":0,"texture":"#4"},"north":{"uv":[9.53125,7.5,9.25,7.76563],"tintindex":0,"rotation":0,"texture":"#4"},"west":{"uv":[9.53125,8.0,9.25,8.26563],"tintindex":0,"rotation":0,"texture":"#4"},"up":{"uv":[9.92188,2.25,9.75,2.53125],"tintindex":0,"rotation":0,"texture":"#4"},"down":{"uv":[2.67188,10.03125,2.5,9.75],"tintindex":0,"rotation":0,"texture":"#4"}},"rotation":{"origin":[10.737175,6.112225,8.6875],"angle":-22.5,"axis":"z"}},{"from":[12.75,10.625,8.0],"to":[12.75,23.125,16.125],"faces":{"east":{"uv":[2.0,12.0,0.0,0.0],"tintindex":0,"rotation":0,"texture":"#2"},"west":{"uv":[0.0,12.0,2.0,0.0],"tintindex":0,"rotation":0,"texture":"#2"}}},{"from":[9.239938,6.2775,4.5025],"to":[9.9349375,7.4975,11.497499],"faces":{"east":{"uv":[8.40625,5.5,7.0,5.75],"tintindex":0,"rotation":0,"texture":"#4"},"south":{"uv":[7.39063,10.0,7.25,10.25],"tintindex":0,"rotation":0,"texture":"#4"},"north":{"uv":[10.14063,7.25,10.0,7.5],"tintindex":0,"rotation":0,"texture":"#4"},"west":{"uv":[8.40625,5.75,7.0,6.0],"tintindex":0,"rotation":0,"texture":"#4"},"up":{"uv":[5.64063,7.25,5.5,8.65625],"tintindex":0,"rotation":0,"texture":"#4"},"down":{"uv":[3.64063,9.15625,3.5,7.75],"tintindex":0,"rotation":0,"texture":"#4"}},"rotation":{"origin":[10.112437,6.625,6.0],"angle":45.0,"axis":"z"}},{"from":[14.106675,15.75,6.674575],"to":[15.481675,18.75,9.674575],"faces":{"east":{"uv":[5.75,7.0,6.34375,7.59375],"tintindex":0,"rotation":0,"texture":"#4"},"south":{"uv":[0.5,8.25,0.78125,8.84375],"tintindex":0,"rotation":0,"texture":"#4"},"north":{"uv":[1.0,8.25,1.28125,8.84375],"tintindex":0,"rotation":0,"texture":"#4"},"west":{"uv":[7.0,4.75,7.59375,5.34375],"tintindex":0,"rotation":0,"texture":"#4"},"up":{"uv":[1.5,8.25,1.78125,8.84375],"tintindex":0,"rotation":0,"texture":"#4"},"down":{"uv":[8.25,2.09375,8.53125,1.5],"tintindex":0,"rotation":0,"texture":"#4"}},"rotation":{"origin":[17.731674,16.9375,8.612075],"angle":-45.0,"axis":"x"}},{"from":[12.5453005,10.962262,7.0425997],"to":[15.5751,12.714562,7.8499002],"faces":{"east":{"uv":[3.25,9.5,3.4375,9.89063],"tintindex":0,"rotation":0,"texture":"#4"},"south":{"uv":[6.75,6.0,8.53125,6.39063],"tintindex":0,"rotation":0,"texture":"#4"},"north":{"uv":[6.75,6.5,8.53125,6.89063],"tintindex":0,"rotation":0,"texture":"#4"},"west":{"uv":[3.0,9.5,3.1875,9.89063],"tintindex":0,"rotation":0,"texture":"#4"},"up":{"uv":[7.5,3.5,9.28125,3.6875],"tintindex":0,"rotation":0,"texture":"#4"},"down":{"uv":[7.5,3.9375,9.28125,3.75],"tintindex":0,"rotation":0,"texture":"#4"}},"rotation":{"origin":[5.0802,11.635913,7.6487503],"angle":22.5,"axis":"x"}},{"from":[9.737437,5.75,6.0],"to":[11.118688,6.45,7.625],"faces":{"east":{"uv":[8.40625,5.75,7.0,6.0],"tintindex":0,"rotation":0,"texture":"#4"},"south":{"uv":[8.40625,5.75,7.0,6.0],"tintindex":0,"rotation":0,"texture":"#4"},"north":{"uv":[8.40625,5.75,7.0,6.0],"tintindex":0,"rotation":0,"texture":"#4"},"west":{"uv":[8.40625,5.75,7.0,6.0],"tintindex":0,"rotation":0,"texture":"#4"},"up":{"uv":[7.0,6.0,8.40625,5.75],"tintindex":0,"rotation":0,"texture":"#4"},"down":{"uv":[7.0,6.0,8.40625,5.75],"tintindex":0,"rotation":0,"texture":"#4"}}},{"from":[9.2386875,6.27625,4.5012503],"to":[9.936188,7.49875,5.8737497],"faces":{"east":{"uv":[8.40625,5.75,7.0,6.0],"tintindex":0,"rotation":0,"texture":"#4"},"south":{"uv":[8.40625,5.75,7.0,6.0],"tintindex":0,"rotation":0,"texture":"#4"},"north":{"uv":[8.40625,5.75,7.0,6.0],"tintindex":0,"rotation":0,"texture":"#4"},"west":{"uv":[8.40625,5.75,7.0,6.0],"tintindex":0,"rotation":0,"texture":"#4"},"up":{"uv":[7.0,6.0,8.40625,5.75],"tintindex":0,"rotation":0,"texture":"#4"},"down":{"uv":[7.0,6.0,8.40625,5.75],"tintindex":0,"rotation":0,"texture":"#4"}},"rotation":{"origin":[10.112437,6.625,-1.0],"angle":45.0,"axis":"z"}},{"from":[12.830587,5.4518876,4.625],"to":[13.530588,6.6768875,5.75],"faces":{"east":{"uv":[9.78125,3.25,9.5,3.5],"tintindex":0,"rotation":0,"texture":"#4"},"south":{"uv":[3.78125,9.5,3.5,9.75],"tintindex":0,"rotation":0,"texture":"#4"},"north":{"uv":[3.78125,9.5,3.5,9.75],"tintindex":0,"rotation":0,"texture":"#4"},"west":{"uv":[3.78125,9.5,3.5,9.75],"tintindex":0,"rotation":0,"texture":"#4"},"up":{"uv":[2.39063,10.0,2.25,10.28125],"tintindex":0,"rotation":0,"texture":"#4"},"down":{"uv":[3.14063,10.28125,3.0,10.0],"tintindex":0,"rotation":0,"texture":"#4"}},"rotation":{"origin":[13.180588,6.0643873,5.1875],"angle":22.5,"axis":"z"}},{"from":[12.5102005,12.634025,7.5769],"to":[15.6102,13.174025,8.1168995],"faces":{"east":{"uv":[3.875,10.25,3.75,10.375],"tintindex":0,"rotation":0,"texture":"#4"},"south":{"uv":[9.29688,4.25,7.5,4.375],"tintindex":0,"rotation":0,"texture":"#4"},"north":{"uv":[9.29688,4.0,7.5,4.125],"tintindex":0,"rotation":0,"texture":"#4"},"west":{"uv":[3.625,10.25,3.5,10.375],"tintindex":0,"rotation":0,"texture":"#4"},"up":{"uv":[7.5,4.625,9.29688,4.5],"tintindex":0,"rotation":0,"texture":"#4"},"down":{"uv":[6.5,7.5,8.29688,7.625],"tintindex":0,"rotation":0,"texture":"#4"}},"rotation":{"origin":[5.0802,12.937775,7.9144],"angle":-45.0,"axis":"x"}},{"from":[10.387176,5.499725,4.625],"to":[11.212175,6.849725,5.75],"faces":{"east":{"uv":[9.53125,7.5,9.25,7.76563],"tintindex":0,"rotation":0,"texture":"#4"},"south":{"uv":[9.53125,7.5,9.25,7.76563],"tintindex":0,"rotation":0,"texture":"#4"},"north":{"uv":[9.53125,7.5,9.25,7.76563],"tintindex":0,"rotation":0,"texture":"#4"},"west":{"uv":[9.53125,8.0,9.25,8.26563],"tintindex":0,"rotation":0,"texture":"#4"},"up":{"uv":[9.92188,2.25,9.75,2.53125],"tintindex":0,"rotation":0,"texture":"#4"},"down":{"uv":[2.67188,10.03125,2.5,9.75],"tintindex":0,"rotation":0,"texture":"#4"}},"rotation":{"origin":[10.737175,6.112225,5.1875],"angle":-22.5,"axis":"z"}},{"from":[9.75,10.625,-1.375],"to":[9.75,25.625,8.0],"faces":{"east":{"uv":[0.0,12.0,2.0,0.0],"tintindex":0,"rotation":0,"texture":"#2"},"west":{"uv":[2.0,12.0,0.0,0.0],"tintindex":0,"rotation":0,"texture":"#2"}}},{"from":[12.75,11.25,8.0],"to":[12.75,21.25,16.125],"faces":{"east":{"uv":[3.875,0.0,2.0,2.5],"tintindex":0,"rotation":0,"texture":"#4"},"west":{"uv":[1.875,0.0,0.0,2.5],"tintindex":0,"rotation":0,"texture":"#4"}}},{"from":[9.25,7.375,4.875],"to":[14.875,12.0,11.125],"faces":{"east":{"uv":[5.75,5.5,4.5,6.42188],"tintindex":0,"rotation":0,"texture":"#4"},"south":{"uv":[6.875,4.0,5.75,4.92188],"tintindex":0,"rotation":0,"texture":"#4"},"north":{"uv":[6.875,5.0,5.75,5.92188],"tintindex":0,"rotation":0,"texture":"#4"},"west":{"uv":[7.0,3.0,5.75,3.92188],"tintindex":0,"rotation":0,"texture":"#4"},"up":{"uv":[5.625,3.0,4.5,4.25],"tintindex":0,"rotation":0,"texture":"#4"},"down":{"uv":[5.625,5.5,4.5,4.25],"tintindex":0,"rotation":0,"texture":"#4"}}},{"from":[9.5915,5.36445,9.937375],"to":[10.941751,6.1897,11.312625],"faces":{"east":{"uv":[2.28125,9.75,2.0,9.92188],"tintindex":0,"rotation":0,"texture":"#4"},"south":{"uv":[9.25,7.0,9.51563,7.28125],"tintindex":0,"rotation":0,"texture":"#4"},"north":{"uv":[9.25,7.0,9.51563,7.28125],"tintindex":0,"rotation":0,"texture":"#4"},"west":{"uv":[10.03125,2.0,9.75,2.17188],"tintindex":0,"rotation":0,"texture":"#4"},"up":{"uv":[9.51563,6.5,9.25,6.78125],"tintindex":0,"rotation":0,"texture":"#4"},"down":{"uv":[9.51563,7.28125,9.25,7.0],"tintindex":0,"rotation":0,"texture":"#4"}}},{"from":[9.8687,6.0113,4.5025],"to":[11.2137,7.7563,11.497499],"faces":{"east":{"uv":[8.40625,5.75,7.0,6.0],"tintindex":0,"rotation":0,"texture":"#4"},"south":{"uv":[8.40625,5.75,7.0,6.0],"tintindex":0,"rotation":0,"texture":"#4"},"north":{"uv":[8.40625,5.75,7.0,6.0],"tintindex":0,"rotation":0,"texture":"#4"},"west":{"uv":[8.40625,5.75,7.0,6.0],"tintindex":0,"rotation":0,"texture":"#4"},"up":{"uv":[7.0,6.0,8.40625,5.75],"tintindex":0,"rotation":0,"texture":"#4"},"down":{"uv":[7.0,6.0,8.40625,5.75],"tintindex":0,"rotation":0,"texture":"#4"}}},{"from":[8.514801,10.6175,7.37855],"to":[11.6148,12.1025,8.86355],"faces":{"east":{"uv":[9.07813,2.0,8.75,2.32813],"tintindex":0,"rotation":0,"texture":"#4"},"south":{"uv":[8.79688,0.0,7.0,0.32813],"tintindex":0,"rotation":0,"texture":"#4"},"north":{"uv":[8.79688,0.5,7.0,0.82813],"tintindex":0,"rotation":0,"texture":"#4"},"west":{"uv":[2.82813,8.75,2.5,9.07813],"tintindex":0,"rotation":0,"texture":"#4"},"up":{"uv":[2.79688,7.0,1.0,7.32813],"tintindex":0,"rotation":0,"texture":"#4"},"down":{"uv":[8.79688,1.32813,7.0,1.0],"tintindex":0,"rotation":0,"texture":"#4"}},"rotation":{"origin":[19.0448,11.2925,7.9860497],"angle":45.0,"axis":"x"}},{"from":[9.330587,5.4518876,4.625],"to":[10.030588,6.6768875,5.75],"faces":{"east":{"uv":[9.78125,3.25,9.5,3.5],"tintindex":0,"rotation":0,"texture":"#4"},"south":{"uv":[3.78125,9.5,3.5,9.75],"tintindex":0,"rotation":0,"texture":"#4"},"north":{"uv":[3.78125,9.5,3.5,9.75],"tintindex":0,"rotation":0,"texture":"#4"},"west":{"uv":[3.78125,9.5,3.5,9.75],"tintindex":0,"rotation":0,"texture":"#4"},"up":{"uv":[2.39063,10.0,2.25,10.28125],"tintindex":0,"rotation":0,"texture":"#4"},"down":{"uv":[3.14063,10.28125,3.0,10.0],"tintindex":0,"rotation":0,"texture":"#4"}},"rotation":{"origin":[9.680588,6.0643873,5.1875],"angle":22.5,"axis":"z"}},{"from":[8.5499,10.962262,8.1501],"to":[11.5797,12.714562,8.957399],"faces":{"east":{"uv":[3.0,9.5,3.1875,9.89063],"tintindex":0,"rotation":0,"texture":"#4"},"south":{"uv":[6.75,6.5,8.53125,6.89063],"tintindex":0,"rotation":0,"texture":"#4"},"north":{"uv":[6.75,6.0,8.53125,6.39063],"tintindex":0,"rotation":0,"texture":"#4"},"west":{"uv":[3.25,9.5,3.4375,9.89063],"tintindex":0,"rotation":0,"texture":"#4"},"up":{"uv":[9.28125,3.6875,7.5,3.5],"tintindex":0,"rotation":0,"texture":"#4"},"down":{"uv":[9.28125,3.75,7.5,3.9375],"tintindex":0,"rotation":0,"texture":"#4"}},"rotation":{"origin":[19.0448,11.635913,8.35125],"angle":-22.5,"axis":"x"}},{"from":[9.330587,5.4518876,9.9375],"to":[10.030588,6.6768875,11.3125],"faces":{"east":{"uv":[9.78125,3.25,9.5,3.5],"tintindex":0,"rotation":0,"texture":"#4"},"south":{"uv":[3.78125,9.5,3.5,9.75],"tintindex":0,"rotation":0,"texture":"#4"},"north":{"uv":[3.78125,9.5,3.5,9.75],"tintindex":0,"rotation":0,"texture":"#4"},"west":{"uv":[3.78125,9.5,3.5,9.75],"tintindex":0,"rotation":0,"texture":"#4"},"up":{"uv":[2.39063,10.0,2.25,10.28125],"tintindex":0,"rotation":0,"texture":"#4"},"down":{"uv":[3.14063,10.28125,3.0,10.0],"tintindex":0,"rotation":0,"texture":"#4"}},"rotation":{"origin":[9.680588,6.0643873,10.625],"angle":22.5,"axis":"z"}},{"from":[10.387176,5.499725,6.125],"to":[11.212175,6.849725,7.5],"faces":{"east":{"uv":[9.53125,7.5,9.25,7.76563],"tintindex":0,"rotation":0,"texture":"#4"},"south":{"uv":[9.53125,7.5,9.25,7.76563],"tintindex":0,"rotation":0,"texture":"#4"},"north":{"uv":[9.53125,7.5,9.25,7.76563],"tintindex":0,"rotation":0,"texture":"#4"},"west":{"uv":[9.53125,8.0,9.25,8.26563],"tintindex":0,"rotation":0,"texture":"#4"},"up":{"uv":[9.92188,2.25,9.75,2.53125],"tintindex":0,"rotation":0,"texture":"#4"},"down":{"uv":[2.67188,10.03125,2.5,9.75],"tintindex":0,"rotation":0,"texture":"#4"}},"rotation":{"origin":[10.737175,6.112225,6.8125],"angle":-22.5,"axis":"z"}},{"from":[9.75,9.375,8.0],"to":[9.75,24.375,17.375],"faces":{"east":{"uv":[3.875,0.0,2.0,2.5],"tintindex":0,"rotation":0,"texture":"#4"},"west":{"uv":[1.875,0.0,0.0,2.5],"tintindex":0,"rotation":0,"texture":"#4"}}},{"from":[13.887176,5.499725,4.625],"to":[14.712175,6.849725,5.75],"faces":{"east":{"uv":[9.53125,7.5,9.25,7.76563],"tintindex":0,"rotation":0,"texture":"#4"},"south":{"uv":[9.53125,7.5,9.25,7.76563],"tintindex":0,"rotation":0,"texture":"#4"},"north":{"uv":[9.53125,7.5,9.25,7.76563],"tintindex":0,"rotation":0,"texture":"#4"},"west":{"uv":[9.53125,8.0,9.25,8.26563],"tintindex":0,"rotation":0,"texture":"#4"},"up":{"uv":[9.92188,2.25,9.75,2.53125],"tintindex":0,"rotation":0,"texture":"#4"},"down":{"uv":[2.67188,10.03125,2.5,9.75],"tintindex":0,"rotation":0,"texture":"#4"}},"rotation":{"origin":[14.237175,6.112225,5.1875],"angle":-22.5,"axis":"z"}},{"from":[14.188812,6.27625,4.5012503],"to":[14.8863125,7.49875,5.8737497],"faces":{"east":{"uv":[8.40625,5.75,7.0,6.0],"tintindex":0,"rotation":0,"texture":"#4"},"south":{"uv":[8.40625,5.75,7.0,6.0],"tintindex":0,"rotation":0,"texture":"#4"},"north":{"uv":[8.40625,5.75,7.0,6.0],"tintindex":0,"rotation":0,"texture":"#4"},"west":{"uv":[8.40625,5.75,7.0,6.0],"tintindex":0,"rotation":0,"texture":"#4"},"up":{"uv":[7.0,6.0,8.40625,5.75],"tintindex":0,"rotation":0,"texture":"#4"},"down":{"uv":[7.0,6.0,8.40625,5.75],"tintindex":0,"rotation":0,"texture":"#4"}},"rotation":{"origin":[14.012563,6.625,-1.0],"angle":-45.0,"axis":"z"}},{"from":[9.0,10.25,4.625],"to":[15.125,16.625,11.375],"faces":{"east":{"uv":[1.40625,2.5,0.0,3.82813],"tintindex":0,"rotation":0,"texture":"#4"},"south":{"uv":[4.28125,4.0,3.0,5.32813],"tintindex":0,"rotation":0,"texture":"#4"},"north":{"uv":[5.78125,1.5,4.5,2.82813],"tintindex":0,"rotation":0,"texture":"#4"},"west":{"uv":[2.90625,2.5,1.5,3.82813],"tintindex":0,"rotation":0,"texture":"#4"},"up":{"uv":[4.28125,2.5,3.0,3.90625],"tintindex":0,"rotation":0,"texture":"#4"},"down":{"uv":[1.28125,5.40625,0.0,4.0],"tintindex":0,"rotation":0,"texture":"#4"}}},{"from":[10.937563,6.275,6.0],"to":[11.637563,7.5,7.625],"faces":{"east":{"uv":[8.40625,5.75,7.0,6.0],"tintindex":0,"rotation":0,"texture":"#4"},"south":{"uv":[8.40625,5.75,7.0,6.0],"tintindex":0,"rotation":0,"texture":"#4"},"north":{"uv":[8.40625,5.75,7.0,6.0],"tintindex":0,"rotation":0,"texture":"#4"},"west":{"uv":[8.40625,5.75,7.0,6.0],"tintindex":0,"rotation":0,"texture":"#4"},"up":{"uv":[7.0,6.0,8.40625,5.75],"tintindex":0,"rotation":0,"texture":"#4"},"down":{"uv":[7.0,6.0,8.40625,5.75],"tintindex":0,"rotation":0,"texture":"#4"}},"rotation":{"origin":[10.762563,6.625,0.75],"angle":-45.0,"axis":"z"}},{"from":[8.514801,12.634025,7.8831],"to":[11.6148,13.174025,8.4230995],"faces":{"east":{"uv":[3.625,10.25,3.5,10.375],"tintindex":0,"rotation":0,"texture":"#4"},"south":{"uv":[9.29688,4.0,7.5,4.125],"tintindex":0,"rotation":0,"texture":"#4"},"north":{"uv":[9.29688,4.25,7.5,4.375],"tintindex":0,"rotation":0,"texture":"#4"},"west":{"uv":[3.875,10.25,3.75,10.375],"tintindex":0,"rotation":0,"texture":"#4"},"up":{"uv":[9.29688,4.5,7.5,4.625],"tintindex":0,"rotation":0,"texture":"#4"},"down":{"uv":[8.29688,7.625,6.5,7.5],"tintindex":0,"rotation":0,"texture":"#4"}},"rotation":{"origin":[19.0448,12.937775,8.0856],"angle":45.0,"axis":"x"}},{"from":[9.5915,5.36445,4.624875],"to":[10.941751,6.1897,5.750125],"faces":{"east":{"uv":[2.28125,9.75,2.0,9.92188],"tintindex":0,"rotation":0,"texture":"#4"},"south":{"uv":[9.25,7.0,9.51563,7.28125],"tintindex":0,"rotation":0,"texture":"#4"},"north":{"uv":[9.25,7.0,9.51563,7.28125],"tintindex":0,"rotation":0,"texture":"#4"},"west":{"uv":[10.03125,2.0,9.75,2.17188],"tintindex":0,"rotation":0,"texture":"#4"},"up":{"uv":[9.51563,6.5,9.25,6.78125],"tintindex":0,"rotation":0,"texture":"#4"},"down":{"uv":[9.51563,7.28125,9.25,7.0],"tintindex":0,"rotation":0,"texture":"#4"}}},{"from":[13.0915,5.36445,4.624875],"to":[14.441751,6.1897,5.750125],"faces":{"east":{"uv":[2.28125,9.75,2.0,9.92188],"tintindex":0,"rotation":0,"texture":"#4"},"south":{"uv":[9.25,7.0,9.51563,7.28125],"tintindex":0,"rotation":0,"texture":"#4"},"north":{"uv":[9.25,7.0,9.51563,7.28125],"tintindex":0,"rotation":0,"texture":"#4"},"west":{"uv":[10.03125,2.0,9.75,2.17188],"tintindex":0,"rotation":0,"texture":"#4"},"up":{"uv":[9.51563,6.5,9.25,6.78125],"tintindex":0,"rotation":0,"texture":"#4"},"down":{"uv":[9.51563,7.28125,9.25,7.0],"tintindex":0,"rotation":0,"texture":"#4"}}},{"from":[14.356675,14.0,5.612075],"to":[15.106675,18.875,10.424575],"faces":{"east":{"uv":[6.71875,6.0,5.75,6.96875],"tintindex":0,"rotation":0,"texture":"#4"},"south":{"uv":[3.40625,8.5,3.25,9.46875],"tintindex":0,"rotation":0,"texture":"#4"},"north":{"uv":[8.65625,4.75,8.5,5.71875],"tintindex":0,"rotation":0,"texture":"#4"},"west":{"uv":[0.96875,6.5,0.0,7.46875],"tintindex":0,"rotation":0,"texture":"#4"},"up":{"uv":[6.65625,8.5,6.5,9.46875],"tintindex":0,"rotation":0,"texture":"#4"},"down":{"uv":[6.90625,9.46875,6.75,8.5],"tintindex":0,"rotation":0,"texture":"#4"}},"rotation":{"origin":[12.106675,16.5625,8.237075],"angle":45.0,"axis":"x"}},{"from":[8.35,6.625,6.25],"to":[8.35,9.125,9.75],"faces":{"east":{"uv":[8.0,0.0,16.0,10.0],"tintindex":0,"rotation":0,"texture":"#0"},"west":{"uv":[16.0,0.0,8.0,10.0],"tintindex":0,"rotation":0,"texture":"#0"}}},{"from":[10.938812,6.27625,9.81375],"to":[11.6363125,7.49875,11.49875],"faces":{"east":{"uv":[8.40625,5.75,7.0,6.0],"tintindex":0,"rotation":0,"texture":"#4"},"south":{"uv":[8.40625,5.75,7.0,6.0],"tintindex":0,"rotation":0,"texture":"#4"},"north":{"uv":[8.40625,5.75,7.0,6.0],"tintindex":0,"rotation":0,"texture":"#4"},"west":{"uv":[8.40625,5.75,7.0,6.0],"tintindex":0,"rotation":0,"texture":"#4"},"up":{"uv":[7.0,6.0,8.40625,5.75],"tintindex":0,"rotation":0,"texture":"#4"},"down":{"uv":[7.0,6.0,8.40625,5.75],"tintindex":0,"rotation":0,"texture":"#4"}},"rotation":{"origin":[10.762563,6.625,4.5625],"angle":-45.0,"axis":"z"}},{"from":[10.938812,6.27625,4.5012503],"to":[11.6363125,7.49875,5.8737497],"faces":{"east":{"uv":[8.40625,5.75,7.0,6.0],"tintindex":0,"rotation":0,"texture":"#4"},"south":{"uv":[8.40625,5.75,7.0,6.0],"tintindex":0,"rotation":0,"texture":"#4"},"north":{"uv":[8.40625,5.75,7.0,6.0],"tintindex":0,"rotation":0,"texture":"#4"},"west":{"uv":[8.40625,5.75,7.0,6.0],"tintindex":0,"rotation":0,"texture":"#4"},"up":{"uv":[7.0,6.0,8.40625,5.75],"tintindex":0,"rotation":0,"texture":"#4"},"down":{"uv":[7.0,6.0,8.40625,5.75],"tintindex":0,"rotation":0,"texture":"#4"}},"rotation":{"origin":[10.762563,6.625,-1.0],"angle":-45.0,"axis":"z"}},{"from":[9.21155,8.019612,6.25],"to":[9.83655,8.894612,9.75],"faces":{"east":{"uv":[8.45313,4.75,7.75,5.03125],"tintindex":0,"rotation":0,"texture":"#4"},"south":{"uv":[2.125,10.25,2.0,10.53125],"tintindex":0,"rotation":0,"texture":"#4"},"north":{"uv":[2.625,10.25,2.5,10.53125],"tintindex":0,"rotation":0,"texture":"#4"},"west":{"uv":[6.45313,7.75,5.75,8.03125],"tintindex":0,"rotation":0,"texture":"#4"},"up":{"uv":[8.125,9.0,8.0,9.70313],"tintindex":0,"rotation":0,"texture":"#4"},"down":{"uv":[8.375,9.70313,8.25,9.0],"tintindex":0,"rotation":0,"texture":"#4"}},"rotation":{"origin":[9.52405,9.332112,8.0],"angle":-45.0,"axis":"z"}},{"from":[12.75,10.625,-0.125],"to":[12.75,23.125,8.0],"faces":{"east":{"uv":[0.0,12.0,2.0,0.0],"tintindex":0,"rotation":0,"texture":"#2"},"west":{"uv":[2.0,12.0,0.0,0.0],"tintindex":0,"rotation":0,"texture":"#2"}}},{"from":[12.75,11.25,-0.125],"to":[12.75,21.25,8.0],"faces":{"east":{"uv":[1.875,0.0,0.0,2.5],"tintindex":0,"rotation":0,"texture":"#4"},"west":{"uv":[3.875,0.0,2.0,2.5],"tintindex":0,"rotation":0,"texture":"#4"}}},{"from":[9.21155,6.9803877,6.25],"to":[9.83655,7.7303877,9.75],"faces":{"east":{"uv":[8.45313,5.25,7.75,5.40625],"tintindex":0,"rotation":0,"texture":"#4"},"south":{"uv":[10.375,3.0,10.25,3.15625],"tintindex":0,"rotation":0,"texture":"#4"},"north":{"uv":[10.375,3.25,10.25,3.40625],"tintindex":0,"rotation":0,"texture":"#4"},"west":{"uv":[9.20313,5.75,8.5,5.90625],"tintindex":0,"rotation":0,"texture":"#4"},"up":{"uv":[9.125,7.0,9.0,7.70313],"tintindex":0,"rotation":0,"texture":"#4"},"down":{"uv":[7.625,9.70313,7.5,9.0],"tintindex":0,"rotation":0,"texture":"#4"}},"rotation":{"origin":[9.52405,6.4178877,8.0],"angle":45.0,"axis":"z"}},{"from":[9.75,10.625,8.0],"to":[9.75,25.625,17.375],"faces":{"east":{"uv":[2.0,12.0,0.0,0.0],"tintindex":0,"rotation":0,"texture":"#2"},"west":{"uv":[0.0,12.0,2.0,0.0],"tintindex":0,"rotation":0,"texture":"#2"}}},{"from":[9.737437,5.75,7.90625],"to":[11.118688,6.45,9.53125],"faces":{"east":{"uv":[8.40625,5.75,7.0,6.0],"tintindex":0,"rotation":0,"texture":"#4"},"south":{"uv":[8.40625,5.75,7.0,6.0],"tintindex":0,"rotation":0,"texture":"#4"},"north":{"uv":[8.40625,5.75,7.0,6.0],"tintindex":0,"rotation":0,"texture":"#4"},"west":{"uv":[8.40625,5.75,7.0,6.0],"tintindex":0,"rotation":0,"texture":"#4"},"up":{"uv":[7.0,6.0,8.40625,5.75],"tintindex":0,"rotation":0,"texture":"#4"},"down":{"uv":[7.0,6.0,8.40625,5.75],"tintindex":0,"rotation":0,"texture":"#4"}}},{"from":[10.937563,6.275,7.90625],"to":[11.637563,7.5,9.53125],"faces":{"east":{"uv":[8.40625,5.75,7.0,6.0],"tintindex":0,"rotation":0,"texture":"#4"},"south":{"uv":[8.40625,5.75,7.0,6.0],"tintindex":0,"rotation":0,"texture":"#4"},"north":{"uv":[8.40625,5.75,7.0,6.0],"tintindex":0,"rotation":0,"texture":"#4"},"west":{"uv":[8.40625,5.75,7.0,6.0],"tintindex":0,"rotation":0,"texture":"#4"},"up":{"uv":[7.0,6.0,8.40625,5.75],"tintindex":0,"rotation":0,"texture":"#4"},"down":{"uv":[7.0,6.0,8.40625,5.75],"tintindex":0,"rotation":0,"texture":"#4"}},"rotation":{"origin":[10.762563,6.625,2.53125],"angle":-45.0,"axis":"z"}},{"from":[9.2386875,6.27625,9.81375],"to":[9.936188,7.49875,11.49875],"faces":{"east":{"uv":[8.40625,5.75,7.0,6.0],"tintindex":0,"rotation":0,"texture":"#4"},"south":{"uv":[8.40625,5.75,7.0,6.0],"tintindex":0,"rotation":0,"texture":"#4"},"north":{"uv":[8.40625,5.75,7.0,6.0],"tintindex":0,"rotation":0,"texture":"#4"},"west":{"uv":[8.40625,5.75,7.0,6.0],"tintindex":0,"rotation":0,"texture":"#4"},"up":{"uv":[7.0,6.0,8.40625,5.75],"tintindex":0,"rotation":0,"texture":"#4"},"down":{"uv":[7.0,6.0,8.40625,5.75],"tintindex":0,"rotation":0,"texture":"#4"}},"rotation":{"origin":[10.112437,6.625,4.5625],"angle":45.0,"axis":"z"}},{"from":[9.75,10.625,-1.375],"to":[9.75,25.625,8.0],"faces":{"east":{"uv":[1.875,0.0,0.0,2.5],"tintindex":0,"rotation":0,"texture":"#4"},"west":{"uv":[3.875,0.0,2.0,2.5],"tintindex":0,"rotation":0,"texture":"#4"}}},{"from":[11.0,9.0,10.0],"to":[13.125,11.625,11.5],"faces":{"east":{"uv":[2.0,7.5,2.42188,8.03125],"tintindex":0,"rotation":0,"texture":"#4"},"south":{"uv":[2.0,7.5,2.42188,8.03125],"tintindex":0,"rotation":0,"texture":"#4"},"north":{"uv":[5.0,7.25,5.42188,7.78125],"tintindex":0,"rotation":0,"texture":"#4"},"west":{"uv":[2.0,7.5,2.42188,8.03125],"tintindex":0,"rotation":0,"texture":"#4"},"up":{"uv":[7.92188,8.79688,7.5,8.5],"tintindex":0,"rotation":0,"texture":"#4"},"down":{"uv":[8.92188,7.5,8.5,7.79688],"tintindex":0,"rotation":0,"texture":"#4"}},"rotation":{"origin":[12.0625,10.5625,12.625],"angle":45.0,"axis":"x"}},{"from":[8.375,7.125,6.25],"to":[9.0,7.875,9.75],"faces":{"east":{"uv":[4.20313,7.0,3.5,7.53125],"tintindex":0,"rotation":0,"texture":"#4"},"south":{"uv":[5.875,9.5,5.75,10.03125],"tintindex":0,"rotation":0,"texture":"#4"},"north":{"uv":[6.125,9.5,6.0,10.03125],"tintindex":0,"rotation":0,"texture":"#4"},"west":{"uv":[4.95313,7.25,4.25,7.53125],"tintindex":0,"rotation":0,"texture":"#4"},"up":{"uv":[7.875,9.0,7.75,9.70313],"tintindex":0,"rotation":0,"texture":"#4"},"down":{"uv":[9.125,8.45313,9.0,7.75],"tintindex":0,"rotation":0,"texture":"#4"}}},{"from":[8.375,7.875,6.25],"to":[9.0,8.625,9.75],"faces":{"east":{"uv":[4.20313,7.53125,3.5,7.0],"tintindex":0,"rotation":0,"texture":"#4"},"south":{"uv":[5.875,10.03125,5.75,9.5],"tintindex":0,"rotation":0,"texture":"#4"},"north":{"uv":[6.125,10.03125,6.0,9.5],"tintindex":0,"rotation":0,"texture":"#4"},"west":{"uv":[4.95313,7.53125,4.25,7.25],"tintindex":0,"rotation":0,"texture":"#4"},"up":{"uv":[9.125,7.75,9.0,8.45313],"tintindex":0,"rotation":0,"texture":"#4"},"down":{"uv":[7.875,9.70313,7.75,9.0],"tintindex":0,"rotation":0,"texture":"#4"}}},{"from":[9.018325,14.0,5.612075],"to":[9.768325,18.875,10.424575],"faces":{"east":{"uv":[6.96875,1.0,6.0,1.96875],"tintindex":0,"rotation":0,"texture":"#4"},"south":{"uv":[5.40625,8.0,5.25,8.96875],"tintindex":0,"rotation":0,"texture":"#4"},"north":{"uv":[6.40625,8.25,6.25,9.21875],"tintindex":0,"rotation":0,"texture":"#4"},"west":{"uv":[6.96875,2.0,6.0,2.96875],"tintindex":0,"rotation":0,"texture":"#4"},"up":{"uv":[8.65625,2.25,8.5,3.21875],"tintindex":0,"rotation":0,"texture":"#4"},"down":{"uv":[3.15625,9.46875,3.0,8.5],"tintindex":0,"rotation":0,"texture":"#4"}},"rotation":{"origin":[12.018325,16.5625,8.237075],"angle":45.0,"axis":"x"}},{"from":[11.0338125,6.5275,4.5025],"to":[11.728813,7.7475,11.497499],"faces":{"east":{"uv":[8.40625,5.75,7.0,6.0],"tintindex":0,"rotation":0,"texture":"#4"},"south":{"uv":[8.40625,5.75,7.0,6.0],"tintindex":0,"rotation":0,"texture":"#4"},"north":{"uv":[8.40625,5.75,7.0,6.0],"tintindex":0,"rotation":0,"texture":"#4"},"west":{"uv":[8.40625,5.75,7.0,6.0],"tintindex":0,"rotation":0,"texture":"#4"},"up":{"uv":[7.0,6.0,8.40625,5.75],"tintindex":0,"rotation":0,"texture":"#4"},"down":{"uv":[7.0,6.0,8.40625,5.75],"tintindex":0,"rotation":0,"texture":"#4"}},"rotation":{"origin":[10.856313,6.875,6.0],"angle":-45.0,"axis":"z"}},{"from":[9.7386875,5.75125,9.81375],"to":[11.117437,6.44875,11.49875],"faces":{"east":{"uv":[8.40625,5.75,7.0,6.0],"tintindex":0,"rotation":0,"texture":"#4"},"south":{"uv":[8.40625,5.75,7.0,6.0],"tintindex":0,"rotation":0,"texture":"#4"},"north":{"uv":[8.40625,5.75,7.0,6.0],"tintindex":0,"rotation":0,"texture":"#4"},"west":{"uv":[8.40625,5.75,7.0,6.0],"tintindex":0,"rotation":0,"texture":"#4"},"up":{"uv":[7.0,6.0,8.40625,5.75],"tintindex":0,"rotation":0,"texture":"#4"},"down":{"uv":[7.0,6.0,8.40625,5.75],"tintindex":0,"rotation":0,"texture":"#4"}}},{"from":[12.5102005,10.6175,7.13645],"to":[15.6102,12.1025,8.62145],"faces":{"east":{"uv":[2.82813,8.75,2.5,9.07813],"tintindex":0,"rotation":0,"texture":"#4"},"south":{"uv":[8.79688,0.5,7.0,0.82813],"tintindex":0,"rotation":0,"texture":"#4"},"north":{"uv":[8.79688,0.0,7.0,0.32813],"tintindex":0,"rotation":0,"texture":"#4"},"west":{"uv":[9.07813,2.0,8.75,2.32813],"tintindex":0,"rotation":0,"texture":"#4"},"up":{"uv":[1.0,7.32813,2.79688,7.0],"tintindex":0,"rotation":0,"texture":"#4"},"down":{"uv":[7.0,1.0,8.79688,1.32813],"tintindex":0,"rotation":0,"texture":"#4"}},"rotation":{"origin":[5.0802,11.2925,8.01395],"angle":-45.0,"axis":"x"}},{"from":[9.5915,5.36445,6.124875],"to":[10.941751,6.1897,7.500125],"faces":{"east":{"uv":[2.28125,9.75,2.0,9.92188],"tintindex":0,"rotation":0,"texture":"#4"},"south":{"uv":[9.25,7.0,9.51563,7.28125],"tintindex":0,"rotation":0,"texture":"#4"},"north":{"uv":[9.25,7.0,9.51563,7.28125],"tintindex":0,"rotation":0,"texture":"#4"},"west":{"uv":[10.03125,2.0,9.75,2.17188],"tintindex":0,"rotation":0,"texture":"#4"},"up":{"uv":[9.51563,6.5,9.25,6.78125],"tintindex":0,"rotation":0,"texture":"#4"},"down":{"uv":[9.51563,7.28125,9.25,7.0],"tintindex":0,"rotation":0,"texture":"#4"}}},{"from":[12.4886875,6.27625,4.5012503],"to":[13.186188,7.49875,5.8737497],"faces":{"east":{"uv":[8.40625,5.75,7.0,6.0],"tintindex":0,"rotation":0,"texture":"#4"},"south":{"uv":[8.40625,5.75,7.0,6.0],"tintindex":0,"rotation":0,"texture":"#4"},"north":{"uv":[8.40625,5.75,7.0,6.0],"tintindex":0,"rotation":0,"texture":"#4"},"west":{"uv":[8.40625,5.75,7.0,6.0],"tintindex":0,"rotation":0,"texture":"#4"},"up":{"uv":[7.0,6.0,8.40625,5.75],"tintindex":0,"rotation":0,"texture":"#4"},"down":{"uv":[7.0,6.0,8.40625,5.75],"tintindex":0,"rotation":0,"texture":"#4"}},"rotation":{"origin":[13.362437,6.625,-1.0],"angle":45.0,"axis":"z"}},{"from":[9.330587,5.4518876,8.0],"to":[10.030588,6.6768875,9.375],"faces":{"east":{"uv":[9.78125,3.25,9.5,3.5],"tintindex":0,"rotation":0,"texture":"#4"},"south":{"uv":[3.78125,9.5,3.5,9.75],"tintindex":0,"rotation":0,"texture":"#4"},"north":{"uv":[3.78125,9.5,3.5,9.75],"tintindex":0,"rotation":0,"texture":"#4"},"west":{"uv":[3.78125,9.5,3.5,9.75],"tintindex":0,"rotation":0,"texture":"#4"},"up":{"uv":[2.39063,10.0,2.25,10.28125],"tintindex":0,"rotation":0,"texture":"#4"},"down":{"uv":[3.14063,10.28125,3.0,10.0],"tintindex":0,"rotation":0,"texture":"#4"}},"rotation":{"origin":[9.680588,6.0643873,8.6875],"angle":22.5,"axis":"z"}},{"from":[10.387176,5.499725,9.9375],"to":[11.212175,6.849725,11.3125],"faces":{"east":{"uv":[9.53125,7.5,9.25,7.76563],"tintindex":0,"rotation":0,"texture":"#4"},"south":{"uv":[9.53125,7.5,9.25,7.76563],"tintindex":0,"rotation":0,"texture":"#4"},"north":{"uv":[9.53125,7.5,9.25,7.76563],"tintindex":0,"rotation":0,"texture":"#4"},"west":{"uv":[9.53125,8.0,9.25,8.26563],"tintindex":0,"rotation":0,"texture":"#4"},"up":{"uv":[9.92188,2.25,9.75,2.53125],"tintindex":0,"rotation":0,"texture":"#4"},"down":{"uv":[2.67188,10.03125,2.5,9.75],"tintindex":0,"rotation":0,"texture":"#4"}},"rotation":{"origin":[10.737175,6.112225,10.625],"angle":-22.5,"axis":"z"}}],"display":{"gui":{"rotation":[30,225,0]}}}