{"textures":{"0":"modelengine:entity/texture","2":"michael:michael_texture/animat1","4":"michael:michael_texture/gloves"},"elements":[{"from":[4.7862997,6.0113,4.5025],"to":[6.1313,7.7563,11.497499],"faces":{"east":{"uv":[7.0,5.75,8.40625,6.0],"tintindex":0,"rotation":0,"texture":"#4"},"south":{"uv":[7.0,5.75,8.40625,6.0],"tintindex":0,"rotation":0,"texture":"#4"},"north":{"uv":[7.0,5.75,8.40625,6.0],"tintindex":0,"rotation":0,"texture":"#4"},"west":{"uv":[7.0,5.75,8.40625,6.0],"tintindex":0,"rotation":0,"texture":"#4"},"up":{"uv":[8.40625,6.0,7.0,5.75],"tintindex":0,"rotation":0,"texture":"#4"},"down":{"uv":[8.40625,6.0,7.0,5.75],"tintindex":0,"rotation":0,"texture":"#4"}}},{"from":[5.0582495,5.36445,7.999875],"to":[6.4084997,6.1897,9.375125],"faces":{"east":{"uv":[9.75,2.0,10.03125,2.17188],"tintindex":0,"rotation":0,"texture":"#4"},"south":{"uv":[9.51563,7.0,9.25,7.28125],"tintindex":0,"rotation":0,"texture":"#4"},"north":{"uv":[9.51563,7.0,9.25,7.28125],"tintindex":0,"rotation":0,"texture":"#4"},"west":{"uv":[2.0,9.75,2.28125,9.92188],"tintindex":0,"rotation":0,"texture":"#4"},"up":{"uv":[9.25,6.5,9.51563,6.78125],"tintindex":0,"rotation":0,"texture":"#4"},"down":{"uv":[9.25,7.28125,9.51563,7.0],"tintindex":0,"rotation":0,"texture":"#4"}}},{"from":[5.0582495,5.36445,6.124875],"to":[6.4084997,6.1897,7.500125],"faces":{"east":{"uv":[9.75,2.0,10.03125,2.17188],"tintindex":0,"rotation":0,"texture":"#4"},"south":{"uv":[9.51563,7.0,9.25,7.28125],"tintindex":0,"rotation":0,"texture":"#4"},"north":{"uv":[9.51563,7.0,9.25,7.28125],"tintindex":0,"rotation":0,"texture":"#4"},"west":{"uv":[2.0,9.75,2.28125,9.92188],"tintindex":0,"rotation":0,"texture":"#4"},"up":{"uv":[9.25,6.5,9.51563,6.78125],"tintindex":0,"rotation":0,"texture":"#4"},"down":{"uv":[9.25,7.28125,9.51563,7.0],"tintindex":0,"rotation":0,"texture":"#4"}}},{"from":[3.25,11.25,-0.125],"to":[3.25,21.25,8.0],"faces":{"east":{"uv":[2.0,0.0,3.875,2.5],"tintindex":0,"rotation":0,"texture":"#4"},"west":{"uv":[0.0,0.0,1.875,2.5],"tintindex":0,"rotation":0,"texture":"#4"}}},{"from":[1.2878246,5.499725,4.625],"to":[2.1128244,6.849725,5.75],"faces":{"east":{"uv":[9.25,8.0,9.53125,8.26563],"tintindex":0,"rotation":0,"texture":"#4"},"south":{"uv":[9.25,7.5,9.53125,7.76563],"tintindex":0,"rotation":0,"texture":"#4"},"north":{"uv":[9.25,7.5,9.53125,7.76563],"tintindex":0,"rotation":0,"texture":"#4"},"west":{"uv":[9.25,7.5,9.53125,7.76563],"tintindex":0,"rotation":0,"texture":"#4"},"up":{"uv":[9.75,2.25,9.92188,2.53125],"tintindex":0,"rotation":0,"texture":"#4"},"down":{"uv":[2.5,10.03125,2.67188,9.75],"tintindex":0,"rotation":0,"texture":"#4"}},"rotation":{"origin":[1.762825,6.112225,5.1875],"angle":22.5,"axis":"z"}},{"from":[7.0,7.875,6.25],"to":[7.625,8.625,9.75],"faces":{"east":{"uv":[4.25,7.53125,4.95313,7.25],"tintindex":0,"rotation":0,"texture":"#4"},"south":{"uv":[5.75,10.03125,5.875,9.5],"tintindex":0,"rotation":0,"texture":"#4"},"north":{"uv":[6.0,10.03125,6.125,9.5],"tintindex":0,"rotation":0,"texture":"#4"},"west":{"uv":[3.5,7.53125,4.20313,7.0],"tintindex":0,"rotation":0,"texture":"#4"},"up":{"uv":[9.0,7.75,9.125,8.45313],"tintindex":0,"rotation":0,"texture":"#4"},"down":{"uv":[7.75,9.70313,7.875,9.0],"tintindex":0,"rotation":0,"texture":"#4"}}},{"from":[6.1634502,6.9803877,6.25],"to":[6.7884502,7.7303877,9.75],"faces":{"east":{"uv":[8.5,5.75,9.20313,5.90625],"tintindex":0,"rotation":0,"texture":"#4"},"south":{"uv":[10.25,3.0,10.375,3.15625],"tintindex":0,"rotation":0,"texture":"#4"},"north":{"uv":[10.25,3.25,10.375,3.40625],"tintindex":0,"rotation":0,"texture":"#4"},"west":{"uv":[7.75,5.25,8.45313,5.40625],"tintindex":0,"rotation":0,"texture":"#4"},"up":{"uv":[9.0,7.0,9.125,7.70313],"tintindex":0,"rotation":0,"texture":"#4"},"down":{"uv":[7.5,9.70313,7.625,9.0],"tintindex":0,"rotation":0,"texture":"#4"}},"rotation":{"origin":[6.4759502,6.4178877,8.0],"angle":-45.0,"axis":"z"}},{"from":[5.969412,5.4518876,9.9375],"to":[6.6694126,6.6768875,11.3125],"faces":{"east":{"uv":[3.5,9.5,3.78125,9.75],"tintindex":0,"rotation":0,"texture":"#4"},"south":{"uv":[3.5,9.5,3.78125,9.75],"tintindex":0,"rotation":0,"texture":"#4"},"north":{"uv":[3.5,9.5,3.78125,9.75],"tintindex":0,"rotation":0,"texture":"#4"},"west":{"uv":[9.5,3.25,9.78125,3.5],"tintindex":0,"rotation":0,"texture":"#4"},"up":{"uv":[2.25,10.0,2.39063,10.28125],"tintindex":0,"rotation":0,"texture":"#4"},"down":{"uv":[3.0,10.28125,3.14063,10.0],"tintindex":0,"rotation":0,"texture":"#4"}},"rotation":{"origin":[6.319412,6.0643873,10.625],"angle":-22.5,"axis":"z"}},{"from":[4.3851995,10.6175,7.37855],"to":[7.485199,12.1025,8.86355],"faces":{"east":{"uv":[2.5,8.75,2.82813,9.07813],"tintindex":0,"rotation":0,"texture":"#4"},"south":{"uv":[7.0,0.0,8.79688,0.32813],"tintindex":0,"rotation":0,"texture":"#4"},"north":{"uv":[7.0,0.5,8.79688,0.82813],"tintindex":0,"rotation":0,"texture":"#4"},"west":{"uv":[8.75,2.0,9.07813,2.32813],"tintindex":0,"rotation":0,"texture":"#4"},"up":{"uv":[1.0,7.0,2.79688,7.32813],"tintindex":0,"rotation":0,"texture":"#4"},"down":{"uv":[7.0,1.32813,8.79688,1.0],"tintindex":0,"rotation":0,"texture":"#4"}},"rotation":{"origin":[-3.0447998,11.2925,7.9860497],"angle":45.0,"axis":"x"}},{"from":[6.231675,14.0,5.612075],"to":[6.981675,18.875,10.424575],"faces":{"east":{"uv":[6.0,2.0,6.96875,2.96875],"tintindex":0,"rotation":0,"texture":"#4"},"south":{"uv":[5.25,8.0,5.40625,8.96875],"tintindex":0,"rotation":0,"texture":"#4"},"north":{"uv":[6.25,8.25,6.40625,9.21875],"tintindex":0,"rotation":0,"texture":"#4"},"west":{"uv":[6.0,1.0,6.96875,1.96875],"tintindex":0,"rotation":0,"texture":"#4"},"up":{"uv":[8.5,2.25,8.65625,3.21875],"tintindex":0,"rotation":0,"texture":"#4"},"down":{"uv":[3.0,9.46875,3.15625,8.5],"tintindex":0,"rotation":0,"texture":"#4"}},"rotation":{"origin":[3.9816751,16.5625,8.237075],"angle":45.0,"axis":"x"}},{"from":[5.969412,5.4518876,4.625],"to":[6.6694126,6.6768875,5.75],"faces":{"east":{"uv":[3.5,9.5,3.78125,9.75],"tintindex":0,"rotation":0,"texture":"#4"},"south":{"uv":[3.5,9.5,3.78125,9.75],"tintindex":0,"rotation":0,"texture":"#4"},"north":{"uv":[3.5,9.5,3.78125,9.75],"tintindex":0,"rotation":0,"texture":"#4"},"west":{"uv":[9.5,3.25,9.78125,3.5],"tintindex":0,"rotation":0,"texture":"#4"},"up":{"uv":[2.25,10.0,2.39063,10.28125],"tintindex":0,"rotation":0,"texture":"#4"},"down":{"uv":[3.0,10.28125,3.14063,10.0],"tintindex":0,"rotation":0,"texture":"#4"}},"rotation":{"origin":[6.319412,6.0643873,5.1875],"angle":-22.5,"axis":"z"}},{"from":[4.7878246,5.499725,8.0],"to":[5.6128244,6.849725,9.375],"faces":{"east":{"uv":[9.25,8.0,9.53125,8.26563],"tintindex":0,"rotation":0,"texture":"#4"},"south":{"uv":[9.25,7.5,9.53125,7.76563],"tintindex":0,"rotation":0,"texture":"#4"},"north":{"uv":[9.25,7.5,9.53125,7.76563],"tintindex":0,"rotation":0,"texture":"#4"},"west":{"uv":[9.25,7.5,9.53125,7.76563],"tintindex":0,"rotation":0,"texture":"#4"},"up":{"uv":[9.75,2.25,9.92188,2.53125],"tintindex":0,"rotation":0,"texture":"#4"},"down":{"uv":[2.5,10.03125,2.67188,9.75],"tintindex":0,"rotation":0,"texture":"#4"}},"rotation":{"origin":[5.262825,6.112225,8.6875],"angle":22.5,"axis":"z"}},{"from":[1.125,7.375,4.875],"to":[6.75,12.0,11.125],"faces":{"east":{"uv":[5.75,3.0,7.0,3.92188],"tintindex":0,"rotation":0,"texture":"#4"},"south":{"uv":[5.75,4.0,6.875,4.92188],"tintindex":0,"rotation":0,"texture":"#4"},"north":{"uv":[5.75,5.0,6.875,5.92188],"tintindex":0,"rotation":0,"texture":"#4"},"west":{"uv":[4.5,5.5,5.75,6.42188],"tintindex":0,"rotation":0,"texture":"#4"},"up":{"uv":[4.5,3.0,5.625,4.25],"tintindex":0,"rotation":0,"texture":"#4"},"down":{"uv":[4.5,5.5,5.625,4.25],"tintindex":0,"rotation":0,"texture":"#4"}}},{"from":[6.25,9.375,8.0],"to":[6.25,24.375,17.375],"faces":{"east":{"uv":[0.0,0.0,1.875,2.5],"tintindex":0,"rotation":0,"texture":"#4"},"west":{"uv":[2.0,0.0,3.875,2.5],"tintindex":0,"rotation":0,"texture":"#4"}}},{"from":[0.89332485,14.0,5.612075],"to":[1.6433249,18.875,10.424575],"faces":{"east":{"uv":[0.0,6.5,0.96875,7.46875],"tintindex":0,"rotation":0,"texture":"#4"},"south":{"uv":[3.25,8.5,3.40625,9.46875],"tintindex":0,"rotation":0,"texture":"#4"},"north":{"uv":[8.5,4.75,8.65625,5.71875],"tintindex":0,"rotation":0,"texture":"#4"},"west":{"uv":[5.75,6.0,6.71875,6.96875],"tintindex":0,"rotation":0,"texture":"#4"},"up":{"uv":[6.5,8.5,6.65625,9.46875],"tintindex":0,"rotation":0,"texture":"#4"},"down":{"uv":[6.75,9.46875,6.90625,8.5],"tintindex":0,"rotation":0,"texture":"#4"}},"rotation":{"origin":[3.8933249,16.5625,8.237075],"angle":45.0,"axis":"x"}},{"from":[6.1634502,8.019612,6.25],"to":[6.7884502,8.894612,9.75],"faces":{"east":{"uv":[5.75,7.75,6.45313,8.03125],"tintindex":0,"rotation":0,"texture":"#4"},"south":{"uv":[2.0,10.25,2.125,10.53125],"tintindex":0,"rotation":0,"texture":"#4"},"north":{"uv":[2.5,10.25,2.625,10.53125],"tintindex":0,"rotation":0,"texture":"#4"},"west":{"uv":[7.75,4.75,8.45313,5.03125],"tintindex":0,"rotation":0,"texture":"#4"},"up":{"uv":[8.0,9.0,8.125,9.70313],"tintindex":0,"rotation":0,"texture":"#4"},"down":{"uv":[8.25,9.70313,8.375,9.0],"tintindex":0,"rotation":0,"texture":"#4"}},"rotation":{"origin":[6.4759502,9.332112,8.0],"angle":45.0,"axis":"z"}},{"from":[2.8138123,6.27625,4.5012503],"to":[3.5113125,7.49875,5.8737497],"faces":{"east":{"uv":[7.0,5.75,8.40625,6.0],"tintindex":0,"rotation":0,"texture":"#4"},"south":{"uv":[7.0,5.75,8.40625,6.0],"tintindex":0,"rotation":0,"texture":"#4"},"north":{"uv":[7.0,5.75,8.40625,6.0],"tintindex":0,"rotation":0,"texture":"#4"},"west":{"uv":[7.0,5.75,8.40625,6.0],"tintindex":0,"rotation":0,"texture":"#4"},"up":{"uv":[8.40625,6.0,7.0,5.75],"tintindex":0,"rotation":0,"texture":"#4"},"down":{"uv":[8.40625,6.0,7.0,5.75],"tintindex":0,"rotation":0,"texture":"#4"}},"rotation":{"origin":[2.6375628,6.625,-1.0],"angle":-45.0,"axis":"z"}},{"from":[4.7878246,5.499725,9.9375],"to":[5.6128244,6.849725,11.3125],"faces":{"east":{"uv":[9.25,8.0,9.53125,8.26563],"tintindex":0,"rotation":0,"texture":"#4"},"south":{"uv":[9.25,7.5,9.53125,7.76563],"tintindex":0,"rotation":0,"texture":"#4"},"north":{"uv":[9.25,7.5,9.53125,7.76563],"tintindex":0,"rotation":0,"texture":"#4"},"west":{"uv":[9.25,7.5,9.53125,7.76563],"tintindex":0,"rotation":0,"texture":"#4"},"up":{"uv":[9.75,2.25,9.92188,2.53125],"tintindex":0,"rotation":0,"texture":"#4"},"down":{"uv":[2.5,10.03125,2.67188,9.75],"tintindex":0,"rotation":0,"texture":"#4"}},"rotation":{"origin":[5.262825,6.112225,10.625],"angle":22.5,"axis":"z"}},{"from":[6.062562,6.275,6.0],"to":[6.7625628,7.5,7.625],"faces":{"east":{"uv":[7.0,5.75,8.40625,6.0],"tintindex":0,"rotation":0,"texture":"#4"},"south":{"uv":[7.0,5.75,8.40625,6.0],"tintindex":0,"rotation":0,"texture":"#4"},"north":{"uv":[7.0,5.75,8.40625,6.0],"tintindex":0,"rotation":0,"texture":"#4"},"west":{"uv":[7.0,5.75,8.40625,6.0],"tintindex":0,"rotation":0,"texture":"#4"},"up":{"uv":[8.40625,6.0,7.0,5.75],"tintindex":0,"rotation":0,"texture":"#4"},"down":{"uv":[8.40625,6.0,7.0,5.75],"tintindex":0,"rotation":0,"texture":"#4"}},"rotation":{"origin":[5.8875628,6.625,0.75],"angle":-45.0,"axis":"z"}},{"from":[5.0582495,5.36445,4.624875],"to":[6.4084997,6.1897,5.750125],"faces":{"east":{"uv":[9.75,2.0,10.03125,2.17188],"tintindex":0,"rotation":0,"texture":"#4"},"south":{"uv":[9.51563,7.0,9.25,7.28125],"tintindex":0,"rotation":0,"texture":"#4"},"north":{"uv":[9.51563,7.0,9.25,7.28125],"tintindex":0,"rotation":0,"texture":"#4"},"west":{"uv":[2.0,9.75,2.28125,9.92188],"tintindex":0,"rotation":0,"texture":"#4"},"up":{"uv":[9.25,6.5,9.51563,6.78125],"tintindex":0,"rotation":0,"texture":"#4"},"down":{"uv":[9.25,7.28125,9.51563,7.0],"tintindex":0,"rotation":0,"texture":"#4"}}},{"from":[7.0,7.125,6.25],"to":[7.625,7.875,9.75],"faces":{"east":{"uv":[4.25,7.25,4.95313,7.53125],"tintindex":0,"rotation":0,"texture":"#4"},"south":{"uv":[5.75,9.5,5.875,10.03125],"tintindex":0,"rotation":0,"texture":"#4"},"north":{"uv":[6.0,9.5,6.125,10.03125],"tintindex":0,"rotation":0,"texture":"#4"},"west":{"uv":[3.5,7.0,4.20313,7.53125],"tintindex":0,"rotation":0,"texture":"#4"},"up":{"uv":[7.75,9.0,7.875,9.70313],"tintindex":0,"rotation":0,"texture":"#4"},"down":{"uv":[9.0,8.45313,9.125,7.75],"tintindex":0,"rotation":0,"texture":"#4"}}},{"from":[4.8813124,5.75,6.0],"to":[6.2625628,6.45,7.625],"faces":{"east":{"uv":[7.0,5.75,8.40625,6.0],"tintindex":0,"rotation":0,"texture":"#4"},"south":{"uv":[7.0,5.75,8.40625,6.0],"tintindex":0,"rotation":0,"texture":"#4"},"north":{"uv":[7.0,5.75,8.40625,6.0],"tintindex":0,"rotation":0,"texture":"#4"},"west":{"uv":[7.0,5.75,8.40625,6.0],"tintindex":0,"rotation":0,"texture":"#4"},"up":{"uv":[8.40625,6.0,7.0,5.75],"tintindex":0,"rotation":0,"texture":"#4"},"down":{"uv":[8.40625,6.0,7.0,5.75],"tintindex":0,"rotation":0,"texture":"#4"}}},{"from":[4.3624372,6.275,7.90625],"to":[5.062437,7.5,9.53125],"faces":{"east":{"uv":[7.0,5.75,8.40625,6.0],"tintindex":0,"rotation":0,"texture":"#4"},"south":{"uv":[7.0,5.75,8.40625,6.0],"tintindex":0,"rotation":0,"texture":"#4"},"north":{"uv":[7.0,5.75,8.40625,6.0],"tintindex":0,"rotation":0,"texture":"#4"},"west":{"uv":[7.0,5.75,8.40625,6.0],"tintindex":0,"rotation":0,"texture":"#4"},"up":{"uv":[8.40625,6.0,7.0,5.75],"tintindex":0,"rotation":0,"texture":"#4"},"down":{"uv":[8.40625,6.0,7.0,5.75],"tintindex":0,"rotation":0,"texture":"#4"}},"rotation":{"origin":[5.2374372,6.625,2.53125],"angle":45.0,"axis":"z"}},{"from":[4.7878246,5.499725,6.125],"to":[5.6128244,6.849725,7.5],"faces":{"east":{"uv":[9.25,8.0,9.53125,8.26563],"tintindex":0,"rotation":0,"texture":"#4"},"south":{"uv":[9.25,7.5,9.53125,7.76563],"tintindex":0,"rotation":0,"texture":"#4"},"north":{"uv":[9.25,7.5,9.53125,7.76563],"tintindex":0,"rotation":0,"texture":"#4"},"west":{"uv":[9.25,7.5,9.53125,7.76563],"tintindex":0,"rotation":0,"texture":"#4"},"up":{"uv":[9.75,2.25,9.92188,2.53125],"tintindex":0,"rotation":0,"texture":"#4"},"down":{"uv":[2.5,10.03125,2.67188,9.75],"tintindex":0,"rotation":0,"texture":"#4"}},"rotation":{"origin":[5.262825,6.112225,6.8125],"angle":22.5,"axis":"z"}},{"from":[4.41905,10.961013,7.29135],"to":[7.4513493,12.715813,8.1011505],"faces":{"east":{"uv":[3.25,9.5,3.4375,9.89063],"tintindex":0,"rotation":0,"texture":"#4"},"south":{"uv":[6.75,6.0,8.53125,6.39063],"tintindex":0,"rotation":0,"texture":"#4"},"north":{"uv":[6.75,6.5,8.53125,6.89063],"tintindex":0,"rotation":0,"texture":"#4"},"west":{"uv":[3.0,9.5,3.1875,9.89063],"tintindex":0,"rotation":0,"texture":"#4"},"up":{"uv":[7.5,3.5,9.28125,3.6875],"tintindex":0,"rotation":0,"texture":"#4"},"down":{"uv":[7.5,3.9375,9.28125,3.75],"tintindex":0,"rotation":0,"texture":"#4"}},"rotation":{"origin":[-3.0447998,11.635913,7.8987503],"angle":22.5,"axis":"x"}},{"from":[7.6499996,6.625,6.25],"to":[7.6499996,9.125,9.75],"faces":{"east":{"uv":[8.0,0.0,16.0,10.0],"tintindex":0,"rotation":0,"texture":"#0"},"west":{"uv":[16.0,0.0,8.0,10.0],"tintindex":0,"rotation":0,"texture":"#0"}}},{"from":[1.6612997,5.7613,4.5025],"to":[3.0063,7.5063,5.8725],"faces":{"east":{"uv":[7.0,5.75,8.40625,6.0],"tintindex":0,"rotation":0,"texture":"#4"},"south":{"uv":[7.0,5.75,8.40625,6.0],"tintindex":0,"rotation":0,"texture":"#4"},"north":{"uv":[7.0,5.75,8.40625,6.0],"tintindex":0,"rotation":0,"texture":"#4"},"west":{"uv":[7.0,5.75,8.40625,6.0],"tintindex":0,"rotation":0,"texture":"#4"},"up":{"uv":[8.40625,6.0,7.0,5.75],"tintindex":0,"rotation":0,"texture":"#4"},"down":{"uv":[8.40625,6.0,7.0,5.75],"tintindex":0,"rotation":0,"texture":"#4"}}},{"from":[5.0582495,5.36445,9.937375],"to":[6.4084997,6.1897,11.312625],"faces":{"east":{"uv":[9.75,2.0,10.03125,2.17188],"tintindex":0,"rotation":0,"texture":"#4"},"south":{"uv":[9.51563,7.0,9.25,7.28125],"tintindex":0,"rotation":0,"texture":"#4"},"north":{"uv":[9.51563,7.0,9.25,7.28125],"tintindex":0,"rotation":0,"texture":"#4"},"west":{"uv":[2.0,9.75,2.28125,9.92188],"tintindex":0,"rotation":0,"texture":"#4"},"up":{"uv":[9.25,6.5,9.51563,6.78125],"tintindex":0,"rotation":0,"texture":"#4"},"down":{"uv":[9.25,7.28125,9.51563,7.0],"tintindex":0,"rotation":0,"texture":"#4"}}},{"from":[4.8813124,5.75,7.90625],"to":[6.2625628,6.45,9.53125],"faces":{"east":{"uv":[7.0,5.75,8.40625,6.0],"tintindex":0,"rotation":0,"texture":"#4"},"south":{"uv":[7.0,5.75,8.40625,6.0],"tintindex":0,"rotation":0,"texture":"#4"},"north":{"uv":[7.0,5.75,8.40625,6.0],"tintindex":0,"rotation":0,"texture":"#4"},"west":{"uv":[7.0,5.75,8.40625,6.0],"tintindex":0,"rotation":0,"texture":"#4"},"up":{"uv":[8.40625,6.0,7.0,5.75],"tintindex":0,"rotation":0,"texture":"#4"},"down":{"uv":[8.40625,6.0,7.0,5.75],"tintindex":0,"rotation":0,"texture":"#4"}}},{"from":[0.4236498,10.961013,7.89885],"to":[3.4559498,12.715813,8.708651],"faces":{"east":{"uv":[3.0,9.5,3.1875,9.89063],"tintindex":0,"rotation":0,"texture":"#4"},"south":{"uv":[6.75,6.5,8.53125,6.89063],"tintindex":0,"rotation":0,"texture":"#4"},"north":{"uv":[6.75,6.0,8.53125,6.39063],"tintindex":0,"rotation":0,"texture":"#4"},"west":{"uv":[3.25,9.5,3.4375,9.89063],"tintindex":0,"rotation":0,"texture":"#4"},"up":{"uv":[9.28125,3.6875,7.5,3.5],"tintindex":0,"rotation":0,"texture":"#4"},"down":{"uv":[9.28125,3.75,7.5,3.9375],"tintindex":0,"rotation":0,"texture":"#4"}},"rotation":{"origin":[10.9198,11.635913,8.10125],"angle":-22.5,"axis":"x"}},{"from":[6.0650625,6.2775,4.5025],"to":[6.760062,7.4975,11.497499],"faces":{"east":{"uv":[7.0,5.75,8.40625,6.0],"tintindex":0,"rotation":0,"texture":"#4"},"south":{"uv":[7.25,10.0,7.39063,10.25],"tintindex":0,"rotation":0,"texture":"#4"},"north":{"uv":[10.0,7.25,10.14063,7.5],"tintindex":0,"rotation":0,"texture":"#4"},"west":{"uv":[7.0,5.5,8.40625,5.75],"tintindex":0,"rotation":0,"texture":"#4"},"up":{"uv":[5.5,7.25,5.64063,8.65625],"tintindex":0,"rotation":0,"texture":"#4"},"down":{"uv":[3.5,9.15625,3.64063,7.75],"tintindex":0,"rotation":0,"texture":"#4"}},"rotation":{"origin":[5.8875628,6.625,6.0],"angle":-45.0,"axis":"z"}},{"from":[6.062562,6.275,7.90625],"to":[6.7625628,7.5,9.53125],"faces":{"east":{"uv":[7.0,5.75,8.40625,6.0],"tintindex":0,"rotation":0,"texture":"#4"},"south":{"uv":[7.0,5.75,8.40625,6.0],"tintindex":0,"rotation":0,"texture":"#4"},"north":{"uv":[7.0,5.75,8.40625,6.0],"tintindex":0,"rotation":0,"texture":"#4"},"west":{"uv":[7.0,5.75,8.40625,6.0],"tintindex":0,"rotation":0,"texture":"#4"},"up":{"uv":[8.40625,6.0,7.0,5.75],"tintindex":0,"rotation":0,"texture":"#4"},"down":{"uv":[8.40625,6.0,7.0,5.75],"tintindex":0,"rotation":0,"texture":"#4"}},"rotation":{"origin":[5.8875628,6.625,2.53125],"angle":-45.0,"axis":"z"}},{"from":[4.271187,6.5275,4.5025],"to":[4.9661875,7.7475,11.497499],"faces":{"east":{"uv":[7.0,5.75,8.40625,6.0],"tintindex":0,"rotation":0,"texture":"#4"},"south":{"uv":[7.0,5.75,8.40625,6.0],"tintindex":0,"rotation":0,"texture":"#4"},"north":{"uv":[7.0,5.75,8.40625,6.0],"tintindex":0,"rotation":0,"texture":"#4"},"west":{"uv":[7.0,5.75,8.40625,6.0],"tintindex":0,"rotation":0,"texture":"#4"},"up":{"uv":[8.40625,6.0,7.0,5.75],"tintindex":0,"rotation":0,"texture":"#4"},"down":{"uv":[8.40625,6.0,7.0,5.75],"tintindex":0,"rotation":0,"texture":"#4"}},"rotation":{"origin":[5.1436872,6.875,6.0],"angle":45.0,"axis":"z"}},{"from":[4.7878246,5.499725,4.625],"to":[5.6128244,6.849725,5.75],"faces":{"east":{"uv":[9.25,8.0,9.53125,8.26563],"tintindex":0,"rotation":0,"texture":"#4"},"south":{"uv":[9.25,7.5,9.53125,7.76563],"tintindex":0,"rotation":0,"texture":"#4"},"north":{"uv":[9.25,7.5,9.53125,7.76563],"tintindex":0,"rotation":0,"texture":"#4"},"west":{"uv":[9.25,7.5,9.53125,7.76563],"tintindex":0,"rotation":0,"texture":"#4"},"up":{"uv":[9.75,2.25,9.92188,2.53125],"tintindex":0,"rotation":0,"texture":"#4"},"down":{"uv":[2.5,10.03125,2.67188,9.75],"tintindex":0,"rotation":0,"texture":"#4"}},"rotation":{"origin":[5.262825,6.112225,5.1875],"angle":22.5,"axis":"z"}},{"from":[5.969412,5.4518876,6.125],"to":[6.6694126,6.6768875,7.5],"faces":{"east":{"uv":[3.5,9.5,3.78125,9.75],"tintindex":0,"rotation":0,"texture":"#4"},"south":{"uv":[3.5,9.5,3.78125,9.75],"tintindex":0,"rotation":0,"texture":"#4"},"north":{"uv":[3.5,9.5,3.78125,9.75],"tintindex":0,"rotation":0,"texture":"#4"},"west":{"uv":[9.5,3.25,9.78125,3.5],"tintindex":0,"rotation":0,"texture":"#4"},"up":{"uv":[2.25,10.0,2.39063,10.28125],"tintindex":0,"rotation":0,"texture":"#4"},"down":{"uv":[3.0,10.28125,3.14063,10.0],"tintindex":0,"rotation":0,"texture":"#4"}},"rotation":{"origin":[6.319412,6.0643873,6.8125],"angle":-22.5,"axis":"z"}},{"from":[3.25,10.625,-0.125],"to":[3.25,23.125,8.0],"faces":{"east":{"uv":[0.0,12.0,2.0,0.0],"tintindex":0,"rotation":0,"texture":"#2"},"west":{"uv":[2.0,12.0,0.0,0.0],"tintindex":0,"rotation":0,"texture":"#2"}}},{"from":[4.8825626,5.75125,4.5012503],"to":[6.2613125,6.44875,5.8737497],"faces":{"east":{"uv":[7.0,5.75,8.40625,6.0],"tintindex":0,"rotation":0,"texture":"#4"},"south":{"uv":[7.0,5.75,8.40625,6.0],"tintindex":0,"rotation":0,"texture":"#4"},"north":{"uv":[7.0,5.75,8.40625,6.0],"tintindex":0,"rotation":0,"texture":"#4"},"west":{"uv":[7.0,5.75,8.40625,6.0],"tintindex":0,"rotation":0,"texture":"#4"},"up":{"uv":[8.40625,6.0,7.0,5.75],"tintindex":0,"rotation":0,"texture":"#4"},"down":{"uv":[8.40625,6.0,7.0,5.75],"tintindex":0,"rotation":0,"texture":"#4"}}},{"from":[2.4694118,5.4518876,4.625],"to":[3.1694126,6.6768875,5.75],"faces":{"east":{"uv":[3.5,9.5,3.78125,9.75],"tintindex":0,"rotation":0,"texture":"#4"},"south":{"uv":[3.5,9.5,3.78125,9.75],"tintindex":0,"rotation":0,"texture":"#4"},"north":{"uv":[3.5,9.5,3.78125,9.75],"tintindex":0,"rotation":0,"texture":"#4"},"west":{"uv":[9.5,3.25,9.78125,3.5],"tintindex":0,"rotation":0,"texture":"#4"},"up":{"uv":[2.25,10.0,2.39063,10.28125],"tintindex":0,"rotation":0,"texture":"#4"},"down":{"uv":[3.0,10.28125,3.14063,10.0],"tintindex":0,"rotation":0,"texture":"#4"}},"rotation":{"origin":[2.8194122,6.0643873,5.1875],"angle":-22.5,"axis":"z"}},{"from":[1.5582495,5.36445,4.624875],"to":[2.9084997,6.1897,5.750125],"faces":{"east":{"uv":[9.75,2.0,10.03125,2.17188],"tintindex":0,"rotation":0,"texture":"#4"},"south":{"uv":[9.51563,7.0,9.25,7.28125],"tintindex":0,"rotation":0,"texture":"#4"},"north":{"uv":[9.51563,7.0,9.25,7.28125],"tintindex":0,"rotation":0,"texture":"#4"},"west":{"uv":[2.0,9.75,2.28125,9.92188],"tintindex":0,"rotation":0,"texture":"#4"},"up":{"uv":[9.25,6.5,9.51563,6.78125],"tintindex":0,"rotation":0,"texture":"#4"},"down":{"uv":[9.25,7.28125,9.51563,7.0],"tintindex":0,"rotation":0,"texture":"#4"}}},{"from":[0.75,6.625,4.5],"to":[7.125,9.25,11.5],"faces":{"east":{"uv":[5.5,0.0,6.90625,0.92188],"tintindex":0,"rotation":0,"texture":"#4"},"south":{"uv":[4.28125,5.5,3.0,6.42188],"tintindex":0,"rotation":0,"texture":"#4"},"north":{"uv":[3.0,5.5,4.28125,6.42188],"tintindex":0,"rotation":0,"texture":"#4"},"west":{"uv":[0.0,5.5,1.40625,6.42188],"tintindex":0,"rotation":0,"texture":"#4"},"up":{"uv":[4.0,0.0,5.28125,1.40625],"tintindex":0,"rotation":0,"texture":"#4"},"down":{"uv":[1.5,5.40625,2.78125,4.0],"tintindex":0,"rotation":0,"texture":"#4"}}},{"from":[4.3851995,12.634025,7.8831],"to":[7.485199,13.174025,8.4230995],"faces":{"east":{"uv":[3.75,10.25,3.875,10.375],"tintindex":0,"rotation":0,"texture":"#4"},"south":{"uv":[7.5,4.0,9.29688,4.125],"tintindex":0,"rotation":0,"texture":"#4"},"north":{"uv":[7.5,4.25,9.29688,4.375],"tintindex":0,"rotation":0,"texture":"#4"},"west":{"uv":[3.5,10.25,3.625,10.375],"tintindex":0,"rotation":0,"texture":"#4"},"up":{"uv":[7.5,4.5,9.29688,4.625],"tintindex":0,"rotation":0,"texture":"#4"},"down":{"uv":[6.5,7.625,8.29688,7.5],"tintindex":0,"rotation":0,"texture":"#4"}},"rotation":{"origin":[-3.0447998,12.937775,8.0856],"angle":45.0,"axis":"x"}},{"from":[4.4202995,10.962262,8.1501],"to":[7.4501,12.714562,8.957399],"faces":{"east":{"uv":[3.4375,9.5,3.25,9.89063],"tintindex":0,"rotation":0,"texture":"#4"},"south":{"uv":[8.53125,6.5,6.75,6.89063],"tintindex":0,"rotation":0,"texture":"#4"},"north":{"uv":[8.53125,6.0,6.75,6.39063],"tintindex":0,"rotation":0,"texture":"#4"},"west":{"uv":[3.1875,9.5,3.0,9.89063],"tintindex":0,"rotation":0,"texture":"#4"},"up":{"uv":[7.5,3.6875,9.28125,3.5],"tintindex":0,"rotation":0,"texture":"#4"},"down":{"uv":[7.5,3.75,9.28125,3.9375],"tintindex":0,"rotation":0,"texture":"#4"}},"rotation":{"origin":[-3.0447998,11.635913,8.35125],"angle":-22.5,"axis":"x"}},{"from":[5.981675,15.75,6.674575],"to":[7.356674,18.75,9.674575],"faces":{"east":{"uv":[5.75,7.0,6.34375,7.59375],"tintindex":0,"rotation":0,"texture":"#4"},"south":{"uv":[0.5,8.25,0.78125,8.84375],"tintindex":0,"rotation":0,"texture":"#4"},"north":{"uv":[1.0,8.25,1.28125,8.84375],"tintindex":0,"rotation":0,"texture":"#4"},"west":{"uv":[7.0,4.75,7.59375,5.34375],"tintindex":0,"rotation":0,"texture":"#4"},"up":{"uv":[1.5,8.25,1.78125,8.84375],"tintindex":0,"rotation":0,"texture":"#4"},"down":{"uv":[8.25,2.09375,8.53125,1.5],"tintindex":0,"rotation":0,"texture":"#4"}},"rotation":{"origin":[9.606674,16.9375,8.612075],"angle":-45.0,"axis":"x"}},{"from":[0.875,10.25,4.625],"to":[7.0,16.625,11.375],"faces":{"east":{"uv":[1.5,2.5,2.90625,3.82813],"tintindex":0,"rotation":0,"texture":"#4"},"south":{"uv":[3.0,4.0,4.28125,5.32813],"tintindex":0,"rotation":0,"texture":"#4"},"north":{"uv":[4.5,1.5,5.78125,2.82813],"tintindex":0,"rotation":0,"texture":"#4"},"west":{"uv":[0.0,2.5,1.40625,3.82813],"tintindex":0,"rotation":0,"texture":"#4"},"up":{"uv":[3.0,2.5,4.28125,3.90625],"tintindex":0,"rotation":0,"texture":"#4"},"down":{"uv":[0.0,5.40625,1.28125,4.0],"tintindex":0,"rotation":0,"texture":"#4"}}},{"from":[4.3624372,6.275,6.0],"to":[5.062437,7.5,7.625],"faces":{"east":{"uv":[7.0,5.75,8.40625,6.0],"tintindex":0,"rotation":0,"texture":"#4"},"south":{"uv":[7.0,5.75,8.40625,6.0],"tintindex":0,"rotation":0,"texture":"#4"},"north":{"uv":[7.0,5.75,8.40625,6.0],"tintindex":0,"rotation":0,"texture":"#4"},"west":{"uv":[7.0,5.75,8.40625,6.0],"tintindex":0,"rotation":0,"texture":"#4"},"up":{"uv":[8.40625,6.0,7.0,5.75],"tintindex":0,"rotation":0,"texture":"#4"},"down":{"uv":[8.40625,6.0,7.0,5.75],"tintindex":0,"rotation":0,"texture":"#4"}},"rotation":{"origin":[5.2374372,6.625,0.75],"angle":45.0,"axis":"z"}},{"from":[6.25,10.625,-1.375],"to":[6.25,25.625,8.0],"faces":{"east":{"uv":[2.0,0.0,3.875,2.5],"tintindex":0,"rotation":0,"texture":"#4"},"west":{"uv":[0.0,0.0,1.875,2.5],"tintindex":0,"rotation":0,"texture":"#4"}}},{"from":[2.875,9.0,4.5],"to":[5.0,11.625,6.0],"faces":{"east":{"uv":[2.0,7.5,2.42188,8.03125],"tintindex":0,"rotation":0,"texture":"#4"},"south":{"uv":[5.0,7.25,5.42188,7.78125],"tintindex":0,"rotation":0,"texture":"#4"},"north":{"uv":[2.0,7.5,2.42188,8.03125],"tintindex":0,"rotation":0,"texture":"#4"},"west":{"uv":[2.0,7.5,2.42188,8.03125],"tintindex":0,"rotation":0,"texture":"#4"},"up":{"uv":[7.5,8.5,7.92188,8.79688],"tintindex":0,"rotation":0,"texture":"#4"},"down":{"uv":[8.5,7.79688,8.92188,7.5],"tintindex":0,"rotation":0,"texture":"#4"}},"rotation":{"origin":[3.9375,10.5625,3.375],"angle":-45.0,"axis":"x"}},{"from":[6.25,10.625,-1.375],"to":[6.25,25.625,8.0],"faces":{"east":{"uv":[0.0,12.0,2.0,0.0],"tintindex":0,"rotation":0,"texture":"#2"},"west":{"uv":[2.0,12.0,0.0,0.0],"tintindex":0,"rotation":0,"texture":"#2"}}},{"from":[0.51832485,15.75,6.674575],"to":[1.8933249,18.75,9.674575],"faces":{"east":{"uv":[7.59375,4.75,7.0,5.34375],"tintindex":0,"rotation":0,"texture":"#4"},"south":{"uv":[0.78125,8.25,0.5,8.84375],"tintindex":0,"rotation":0,"texture":"#4"},"north":{"uv":[1.28125,8.25,1.0,8.84375],"tintindex":0,"rotation":0,"texture":"#4"},"west":{"uv":[6.34375,7.0,5.75,7.59375],"tintindex":0,"rotation":0,"texture":"#4"},"up":{"uv":[1.78125,8.25,1.5,8.84375],"tintindex":0,"rotation":0,"texture":"#4"},"down":{"uv":[8.53125,2.09375,8.25,1.5],"tintindex":0,"rotation":0,"texture":"#4"}},"rotation":{"origin":[-1.7316751,16.9375,8.612075],"angle":-45.0,"axis":"x"}},{"from":[2.875,9.0,10.0],"to":[5.0,11.625,11.5],"faces":{"east":{"uv":[2.42188,7.5,2.0,8.03125],"tintindex":0,"rotation":0,"texture":"#4"},"south":{"uv":[2.42188,7.5,2.0,8.03125],"tintindex":0,"rotation":0,"texture":"#4"},"north":{"uv":[5.42188,7.25,5.0,7.78125],"tintindex":0,"rotation":0,"texture":"#4"},"west":{"uv":[2.42188,7.5,2.0,8.03125],"tintindex":0,"rotation":0,"texture":"#4"},"up":{"uv":[7.5,8.79688,7.92188,8.5],"tintindex":0,"rotation":0,"texture":"#4"},"down":{"uv":[8.5,7.5,8.92188,7.79688],"tintindex":0,"rotation":0,"texture":"#4"}},"rotation":{"origin":[3.9375,10.5625,12.625],"angle":45.0,"axis":"x"}},{"from":[4.8825626,5.75125,9.81375],"to":[6.2613125,6.44875,11.49875],"faces":{"east":{"uv":[7.0,5.75,8.40625,6.0],"tintindex":0,"rotation":0,"texture":"#4"},"south":{"uv":[7.0,5.75,8.40625,6.0],"tintindex":0,"rotation":0,"texture":"#4"},"north":{"uv":[7.0,5.75,8.40625,6.0],"tintindex":0,"rotation":0,"texture":"#4"},"west":{"uv":[7.0,5.75,8.40625,6.0],"tintindex":0,"rotation":0,"texture":"#4"},"up":{"uv":[8.40625,6.0,7.0,5.75],"tintindex":0,"rotation":0,"texture":"#4"},"down":{"uv":[8.40625,6.0,7.0,5.75],"tintindex":0,"rotation":0,"texture":"#4"}}},{"from":[3.25,11.25,8.0],"to":[3.25,21.25,16.125],"faces":{"east":{"uv":[0.0,0.0,1.875,2.5],"tintindex":0,"rotation":0,"texture":"#4"},"west":{"uv":[2.0,0.0,3.875,2.5],"tintindex":0,"rotation":0,"texture":"#4"}}},{"from":[6.25,10.625,8.0],"to":[6.25,25.625,17.375],"faces":{"east":{"uv":[2.0,12.0,0.0,0.0],"tintindex":0,"rotation":0,"texture":"#2"},"west":{"uv":[0.0,12.0,2.0,0.0],"tintindex":0,"rotation":0,"texture":"#2"}}},{"from":[0.38980007,12.634025,7.5769],"to":[3.4897995,13.174025,8.1168995],"faces":{"east":{"uv":[3.5,10.25,3.625,10.375],"tintindex":0,"rotation":0,"texture":"#4"},"south":{"uv":[7.5,4.25,9.29688,4.375],"tintindex":0,"rotation":0,"texture":"#4"},"north":{"uv":[7.5,4.0,9.29688,4.125],"tintindex":0,"rotation":0,"texture":"#4"},"west":{"uv":[3.75,10.25,3.875,10.375],"tintindex":0,"rotation":0,"texture":"#4"},"up":{"uv":[9.29688,4.625,7.5,4.5],"tintindex":0,"rotation":0,"texture":"#4"},"down":{"uv":[8.29688,7.5,6.5,7.625],"tintindex":0,"rotation":0,"texture":"#4"}},"rotation":{"origin":[10.9198,12.937775,7.9144],"angle":-45.0,"axis":"x"}},{"from":[1.1136875,6.27625,4.5012503],"to":[1.8111877,7.49875,5.8737497],"faces":{"east":{"uv":[7.0,5.75,8.40625,6.0],"tintindex":0,"rotation":0,"texture":"#4"},"south":{"uv":[7.0,5.75,8.40625,6.0],"tintindex":0,"rotation":0,"texture":"#4"},"north":{"uv":[7.0,5.75,8.40625,6.0],"tintindex":0,"rotation":0,"texture":"#4"},"west":{"uv":[7.0,5.75,8.40625,6.0],"tintindex":0,"rotation":0,"texture":"#4"},"up":{"uv":[8.40625,6.0,7.0,5.75],"tintindex":0,"rotation":0,"texture":"#4"},"down":{"uv":[8.40625,6.0,7.0,5.75],"tintindex":0,"rotation":0,"texture":"#4"}},"rotation":{"origin":[1.9874372,6.625,-1.0],"angle":45.0,"axis":"z"}},{"from":[6.0638123,6.27625,9.81375],"to":[6.7613125,7.49875,11.49875],"faces":{"east":{"uv":[7.0,5.75,8.40625,6.0],"tintindex":0,"rotation":0,"texture":"#4"},"south":{"uv":[7.0,5.75,8.40625,6.0],"tintindex":0,"rotation":0,"texture":"#4"},"north":{"uv":[7.0,5.75,8.40625,6.0],"tintindex":0,"rotation":0,"texture":"#4"},"west":{"uv":[7.0,5.75,8.40625,6.0],"tintindex":0,"rotation":0,"texture":"#4"},"up":{"uv":[8.40625,6.0,7.0,5.75],"tintindex":0,"rotation":0,"texture":"#4"},"down":{"uv":[8.40625,6.0,7.0,5.75],"tintindex":0,"rotation":0,"texture":"#4"}},"rotation":{"origin":[5.8875628,6.625,4.5625],"angle":-45.0,"axis":"z"}},{"from":[4.3636875,6.27625,4.5012503],"to":[5.0611877,7.49875,5.8737497],"faces":{"east":{"uv":[7.0,5.75,8.40625,6.0],"tintindex":0,"rotation":0,"texture":"#4"},"south":{"uv":[7.0,5.75,8.40625,6.0],"tintindex":0,"rotation":0,"texture":"#4"},"north":{"uv":[7.0,5.75,8.40625,6.0],"tintindex":0,"rotation":0,"texture":"#4"},"west":{"uv":[7.0,5.75,8.40625,6.0],"tintindex":0,"rotation":0,"texture":"#4"},"up":{"uv":[8.40625,6.0,7.0,5.75],"tintindex":0,"rotation":0,"texture":"#4"},"down":{"uv":[8.40625,6.0,7.0,5.75],"tintindex":0,"rotation":0,"texture":"#4"}},"rotation":{"origin":[5.2374372,6.625,-1.0],"angle":45.0,"axis":"z"}},{"from":[5.969412,5.4518876,8.0],"to":[6.6694126,6.6768875,9.375],"faces":{"east":{"uv":[3.5,9.5,3.78125,9.75],"tintindex":0,"rotation":0,"texture":"#4"},"south":{"uv":[3.5,9.5,3.78125,9.75],"tintindex":0,"rotation":0,"texture":"#4"},"north":{"uv":[3.5,9.5,3.78125,9.75],"tintindex":0,"rotation":0,"texture":"#4"},"west":{"uv":[9.5,3.25,9.78125,3.5],"tintindex":0,"rotation":0,"texture":"#4"},"up":{"uv":[2.25,10.0,2.39063,10.28125],"tintindex":0,"rotation":0,"texture":"#4"},"down":{"uv":[3.0,10.28125,3.14063,10.0],"tintindex":0,"rotation":0,"texture":"#4"}},"rotation":{"origin":[6.319412,6.0643873,8.6875],"angle":-22.5,"axis":"z"}},{"from":[4.3636875,6.27625,9.81375],"to":[5.0611877,7.49875,11.49875],"faces":{"east":{"uv":[7.0,5.75,8.40625,6.0],"tintindex":0,"rotation":0,"texture":"#4"},"south":{"uv":[7.0,5.75,8.40625,6.0],"tintindex":0,"rotation":0,"texture":"#4"},"north":{"uv":[7.0,5.75,8.40625,6.0],"tintindex":0,"rotation":0,"texture":"#4"},"west":{"uv":[7.0,5.75,8.40625,6.0],"tintindex":0,"rotation":0,"texture":"#4"},"up":{"uv":[8.40625,6.0,7.0,5.75],"tintindex":0,"rotation":0,"texture":"#4"},"down":{"uv":[8.40625,6.0,7.0,5.75],"tintindex":0,"rotation":0,"texture":"#4"}},"rotation":{"origin":[5.2374372,6.625,4.5625],"angle":45.0,"axis":"z"}},{"from":[0.42490005,10.962262,7.0425997],"to":[3.4546995,12.714562,7.8499002],"faces":{"east":{"uv":[3.1875,9.5,3.0,9.89063],"tintindex":0,"rotation":0,"texture":"#4"},"south":{"uv":[8.53125,6.0,6.75,6.39063],"tintindex":0,"rotation":0,"texture":"#4"},"north":{"uv":[8.53125,6.5,6.75,6.89063],"tintindex":0,"rotation":0,"texture":"#4"},"west":{"uv":[3.4375,9.5,3.25,9.89063],"tintindex":0,"rotation":0,"texture":"#4"},"up":{"uv":[9.28125,3.5,7.5,3.6875],"tintindex":0,"rotation":0,"texture":"#4"},"down":{"uv":[9.28125,3.9375,7.5,3.75],"tintindex":0,"rotation":0,"texture":"#4"}},"rotation":{"origin":[10.9198,11.635913,7.6487503],"angle":22.5,"axis":"x"}},{"from":[3.25,10.625,8.0],"to":[3.25,23.125,16.125],"faces":{"east":{"uv":[2.0,12.0,0.0,0.0],"tintindex":0,"rotation":0,"texture":"#2"},"west":{"uv":[0.0,12.0,2.0,0.0],"tintindex":0,"rotation":0,"texture":"#2"}}},{"from":[0.38980007,10.6175,7.13645],"to":[3.4897995,12.1025,8.62145],"faces":{"east":{"uv":[8.75,2.0,9.07813,2.32813],"tintindex":0,"rotation":0,"texture":"#4"},"south":{"uv":[7.0,0.5,8.79688,0.82813],"tintindex":0,"rotation":0,"texture":"#4"},"north":{"uv":[7.0,0.0,8.79688,0.32813],"tintindex":0,"rotation":0,"texture":"#4"},"west":{"uv":[2.5,8.75,2.82813,9.07813],"tintindex":0,"rotation":0,"texture":"#4"},"up":{"uv":[2.79688,7.32813,1.0,7.0],"tintindex":0,"rotation":0,"texture":"#4"},"down":{"uv":[8.79688,1.0,7.0,1.32813],"tintindex":0,"rotation":0,"texture":"#4"}},"rotation":{"origin":[10.9198,11.2925,8.01395],"angle":-45.0,"axis":"x"}},{"from":[6.0638123,6.27625,4.5012503],"to":[6.7613125,7.49875,5.8737497],"faces":{"east":{"uv":[7.0,5.75,8.40625,6.0],"tintindex":0,"rotation":0,"texture":"#4"},"south":{"uv":[7.0,5.75,8.40625,6.0],"tintindex":0,"rotation":0,"texture":"#4"},"north":{"uv":[7.0,5.75,8.40625,6.0],"tintindex":0,"rotation":0,"texture":"#4"},"west":{"uv":[7.0,5.75,8.40625,6.0],"tintindex":0,"rotation":0,"texture":"#4"},"up":{"uv":[8.40625,6.0,7.0,5.75],"tintindex":0,"rotation":0,"texture":"#4"},"down":{"uv":[8.40625,6.0,7.0,5.75],"tintindex":0,"rotation":0,"texture":"#4"}},"rotation":{"origin":[5.8875628,6.625,-1.0],"angle":-45.0,"axis":"z"}}],"display":{"gui":{"rotation":[30,225,0]}}}