{"textures":{"0":"modelengine:entity/satan","12":"block/stone/cube","2":"modelengine:entity/sayap","3":"modelengine:entity/satan_arm","4":"modelengine:entity/satan_torso"},"elements":[{"from":[7.7805243,6.3683786,8.1547575],"to":[8.207717,6.7955713,7.8972573],"faces":{"east":{"uv":[4.0,12.0,4.5,10.0],"tintindex":0,"rotation":0,"texture":"#12"},"south":{"uv":[6.0,8.0,8.0,6.0],"tintindex":0,"rotation":0,"texture":"#12"},"north":{"uv":[4.0,8.0,6.0,6.0],"tintindex":0,"rotation":0,"texture":"#12"},"west":{"uv":[10.0,6.0,10.5,4.0],"tintindex":0,"rotation":0,"texture":"#12"},"up":{"uv":[12.0,6.5,10.0,6.0],"tintindex":0,"rotation":0,"texture":"#12"},"down":{"uv":[8.0,10.0,6.0,10.5],"tintindex":0,"rotation":0,"texture":"#12"}},"rotation":{"origin":[7.9999766,6.5902987,8.515258],"angle":45.0,"axis":"z"}},{"from":[6.6620884,6.8483467,8.209626],"to":[9.063088,8.288947,9.170026],"faces":{"east":{"uv":[5.25,7.0,4.75,7.75],"tintindex":0,"rotation":0,"texture":"#3"},"south":{"uv":[6.71875,4.0,5.5,4.75],"tintindex":0,"rotation":0,"texture":"#3"},"north":{"uv":[5.71875,5.25,4.5,6.0],"tintindex":0,"rotation":0,"texture":"#3"},"west":{"uv":[4.75,7.0,4.25,7.75],"tintindex":0,"rotation":0,"texture":"#3"},"up":{"uv":[6.5,5.75,7.71875,5.25],"tintindex":0,"rotation":0,"texture":"#3"},"down":{"uv":[6.5,5.75,7.71875,6.25],"tintindex":0,"rotation":0,"texture":"#3"}},"rotation":{"origin":[7.8625884,7.568647,8.689826],"angle":45.0,"axis":"z"}},{"from":[7.6991544,6.5361443,7.8972573],"to":[8.309429,7.7566934,8.1547575],"faces":{"east":{"uv":[0.0,8.0,0.5,14.0],"tintindex":0,"rotation":0,"texture":"#12"},"south":{"uv":[4.0,0.0,7.0,6.0],"tintindex":0,"rotation":0,"texture":"#12"},"north":{"uv":[0.0,0.0,3.0,6.0],"tintindex":0,"rotation":0,"texture":"#12"},"west":{"uv":[8.0,0.0,8.5,6.0],"tintindex":0,"rotation":0,"texture":"#12"},"up":{"uv":[5.0,8.5,2.0,8.0],"tintindex":0,"rotation":0,"texture":"#12"},"down":{"uv":[9.0,8.0,6.0,8.5],"tintindex":0,"rotation":0,"texture":"#12"}}},{"from":[7.4175067,8.00484,7.2072425],"to":[8.788981,9.210075,9.844501],"faces":{"east":{"uv":[11.875,10.5,9.0,12.125],"tintindex":0,"rotation":0,"texture":"#0"},"south":{"uv":[14.3125,5.0,12.5,6.625],"tintindex":0,"rotation":0,"texture":"#0"},"north":{"uv":[14.3125,0.0,12.5,1.625],"tintindex":0,"rotation":0,"texture":"#0"},"west":{"uv":[13.375,7.0,10.5,8.625],"tintindex":0,"rotation":0,"texture":"#0"},"up":{"uv":[10.5,2.875,12.3125,0.0],"tintindex":0,"rotation":0,"texture":"#0"},"down":{"uv":[3.5,10.5,5.3125,13.375],"tintindex":0,"rotation":0,"texture":"#0"}},"rotation":{"origin":[8.929099,8.795722,8.280871],"angle":-45.0,"axis":"z"}},{"from":[8.062801,6.134768,7.876181],"to":[9.887561,8.080559,9.496121],"faces":{"east":{"uv":[7.25,7.25,7.625,8.28125],"tintindex":0,"rotation":0,"texture":"#4"},"south":{"uv":[6.0,3.0,7.46875,4.03125],"tintindex":0,"rotation":0,"texture":"#4"},"north":{"uv":[2.75,6.0,4.21875,7.03125],"tintindex":0,"rotation":0,"texture":"#4"},"west":{"uv":[1.0,7.5,1.375,8.53125],"tintindex":0,"rotation":0,"texture":"#4"},"up":{"uv":[2.46875,7.375,1.0,7.0],"tintindex":0,"rotation":0,"texture":"#4"},"down":{"uv":[3.96875,7.25,2.5,7.625],"tintindex":0,"rotation":0,"texture":"#4"}}},{"from":[20.04822,-0.7274847,13.773346],"to":[25.664219,15.945015,13.948847],"faces":{"east":{"uv":[12.53125,4.75,16.0,9.0625],"tintindex":0,"rotation":0,"texture":"#2"},"south":{"uv":[5.09375,4.75,3.5,9.5],"tintindex":0,"rotation":0,"texture":"#2"},"north":{"uv":[3.5,4.75,5.09375,9.5],"tintindex":0,"rotation":0,"texture":"#2"},"west":{"uv":[9.546875,4.75,15.578125,9.0],"tintindex":0,"rotation":0,"texture":"#2"},"up":{"uv":[13.109375,4.75,15.484375,8.921875],"tintindex":0,"rotation":0,"texture":"#2"},"down":{"uv":[13.421875,4.75,17.0625,10.015625],"tintindex":0,"rotation":0,"texture":"#2"}},"rotation":{"origin":[20.253412,7.6087646,14.226535],"angle":45.0,"axis":"y"}},{"from":[-5.9414854,-0.7274847,10.773346],"to":[-0.32548523,16.822515,10.948846],"faces":{"east":{"uv":[15.578125,4.75,9.546875,9.0],"tintindex":0,"rotation":0,"texture":"#2"},"south":{"uv":[3.5,4.75,5.09375,9.5],"tintindex":0,"rotation":0,"texture":"#2"},"north":{"uv":[5.09375,4.75,3.5,9.5],"tintindex":0,"rotation":0,"texture":"#2"},"west":{"uv":[16.0,4.75,12.53125,9.0625],"tintindex":0,"rotation":0,"texture":"#2"},"up":{"uv":[15.484375,4.75,13.109375,8.921875],"tintindex":0,"rotation":0,"texture":"#2"},"down":{"uv":[17.0625,4.75,13.421875,10.015625],"tintindex":0,"rotation":0,"texture":"#2"}},"rotation":{"origin":[-5.136382,7.6087646,11.226535],"angle":-45.0,"axis":"y"}},{"from":[14.411265,-0.7274847,13.788542],"to":[20.027266,15.945015,13.964042],"faces":{"east":{"uv":[16.0,4.75,14.015625,8.984375],"tintindex":0,"rotation":0,"texture":"#2"},"south":{"uv":[1.59375,4.75,0.0,9.5],"tintindex":0,"rotation":0,"texture":"#2"},"north":{"uv":[0.0,4.75,1.59375,9.5],"tintindex":0,"rotation":0,"texture":"#2"},"west":{"uv":[13.5625,4.921875,16.0,9.125],"tintindex":0,"rotation":0,"texture":"#2"},"up":{"uv":[16.0,4.75,10.484375,9.5],"tintindex":0,"rotation":0,"texture":"#2"},"down":{"uv":[10.125,4.75,16.0,9.5],"tintindex":0,"rotation":0,"texture":"#2"}}},{"from":[9.161382,8.00484,7.2072425],"to":[10.532856,9.210075,9.844501],"faces":{"east":{"uv":[10.5,7.0,13.375,8.625],"tintindex":0,"rotation":0,"texture":"#0"},"south":{"uv":[12.5,5.0,14.3125,6.625],"tintindex":0,"rotation":0,"texture":"#0"},"north":{"uv":[12.5,0.0,14.3125,1.625],"tintindex":0,"rotation":0,"texture":"#0"},"west":{"uv":[9.0,10.5,11.875,12.125],"tintindex":0,"rotation":0,"texture":"#0"},"up":{"uv":[12.3125,2.875,10.5,0.0],"tintindex":0,"rotation":0,"texture":"#0"},"down":{"uv":[5.3125,10.5,3.5,13.375],"tintindex":0,"rotation":0,"texture":"#0"}},"rotation":{"origin":[9.021263,8.795722,8.280871],"angle":45.0,"axis":"z"}},{"from":[-1.9102354,-0.7274847,13.788542],"to":[3.7057643,15.945015,13.964042],"faces":{"east":{"uv":[16.0,4.921875,13.5625,9.125],"tintindex":0,"rotation":0,"texture":"#2"},"south":{"uv":[0.0,4.75,1.59375,9.5],"tintindex":0,"rotation":0,"texture":"#2"},"north":{"uv":[1.59375,4.75,0.0,9.5],"tintindex":0,"rotation":0,"texture":"#2"},"west":{"uv":[14.015625,4.75,16.0,8.984375],"tintindex":0,"rotation":0,"texture":"#2"},"up":{"uv":[10.484375,4.75,16.0,9.5],"tintindex":0,"rotation":0,"texture":"#2"},"down":{"uv":[16.0,4.75,10.125,9.5],"tintindex":0,"rotation":0,"texture":"#2"}}},{"from":[7.7805243,6.292034,7.8972573],"to":[8.207717,6.719227,8.1547575],"faces":{"east":{"uv":[8.0,6.0,8.5,8.0],"tintindex":0,"rotation":0,"texture":"#12"},"south":{"uv":[2.0,6.0,4.0,8.0],"tintindex":0,"rotation":0,"texture":"#12"},"north":{"uv":[0.0,6.0,2.0,8.0],"tintindex":0,"rotation":0,"texture":"#12"},"west":{"uv":[10.0,0.0,10.5,2.0],"tintindex":0,"rotation":0,"texture":"#12"},"up":{"uv":[4.0,10.5,2.0,10.0],"tintindex":0,"rotation":0,"texture":"#12"},"down":{"uv":[12.0,2.0,10.0,2.5],"tintindex":0,"rotation":0,"texture":"#12"}},"rotation":{"origin":[7.9999766,6.497307,8.0002575],"angle":-45.0,"axis":"z"}},{"from":[7.0288625,-0.7274847,10.690833],"to":[15.803863,15.945015,10.866333],"faces":{"east":{"uv":[13.5,6.53125,16.0,11.28125],"tintindex":0,"rotation":0,"texture":"#2"},"south":{"uv":[2.5,0.0,0.0,4.75],"tintindex":0,"rotation":0,"texture":"#2"},"north":{"uv":[0.0,0.0,2.5,4.75],"tintindex":0,"rotation":0,"texture":"#2"},"west":{"uv":[13.5,0.984375,16.0,5.734375],"tintindex":0,"rotation":0,"texture":"#2"},"up":{"uv":[12.671875,3.703125,16.0,9.0],"tintindex":0,"rotation":0,"texture":"#2"},"down":{"uv":[13.5,5.1875,16.0,9.9375],"tintindex":0,"rotation":0,"texture":"#2"}},"rotation":{"origin":[11.416363,7.6087646,10.778584],"angle":-45.0,"axis":"y"}},{"from":[7.6420884,6.8483467,8.209626],"to":[10.043089,8.288947,9.170026],"faces":{"east":{"uv":[5.25,7.0,4.75,7.75],"tintindex":0,"rotation":0,"texture":"#3"},"south":{"uv":[6.71875,4.0,5.5,4.75],"tintindex":0,"rotation":0,"texture":"#3"},"north":{"uv":[5.71875,5.25,4.5,6.0],"tintindex":0,"rotation":0,"texture":"#3"},"west":{"uv":[4.75,7.0,4.25,7.75],"tintindex":0,"rotation":0,"texture":"#3"},"up":{"uv":[6.5,5.75,7.71875,5.25],"tintindex":0,"rotation":0,"texture":"#3"},"down":{"uv":[6.5,5.75,7.71875,6.25],"tintindex":0,"rotation":0,"texture":"#3"}},"rotation":{"origin":[8.842588,7.568647,8.689826],"angle":45.0,"axis":"z"}},{"from":[7.974957,7.590214,7.89597],"to":[8.406422,8.021679,8.156045],"faces":{"east":{"uv":[4.0,6.0,6.0,8.0],"tintindex":0,"rotation":0,"texture":"#12"},"south":{"uv":[4.0,6.0,6.0,8.0],"tintindex":0,"rotation":0,"texture":"#12"},"north":{"uv":[4.0,6.0,6.0,8.0],"tintindex":0,"rotation":0,"texture":"#12"},"west":{"uv":[4.0,6.0,6.0,8.0],"tintindex":0,"rotation":0,"texture":"#12"},"up":{"uv":[4.0,6.0,6.0,8.0],"tintindex":0,"rotation":0,"texture":"#12"},"down":{"uv":[4.0,6.0,6.0,8.0],"tintindex":0,"rotation":0,"texture":"#12"}},"rotation":{"origin":[8.0,8.0,8.0],"angle":-45.0,"axis":"z"}},{"from":[1.161015,-0.7274847,8.260291],"to":[9.936015,15.945015,8.435791],"faces":{"east":{"uv":[16.0,0.984375,13.5,5.734375],"tintindex":0,"rotation":0,"texture":"#2"},"south":{"uv":[0.0,0.0,2.5,4.75],"tintindex":0,"rotation":0,"texture":"#2"},"north":{"uv":[2.5,0.0,0.0,4.75],"tintindex":0,"rotation":0,"texture":"#2"},"west":{"uv":[16.0,6.53125,13.5,11.28125],"tintindex":0,"rotation":0,"texture":"#2"},"up":{"uv":[16.0,3.703125,12.671875,9.0],"tintindex":0,"rotation":0,"texture":"#2"},"down":{"uv":[16.0,5.1875,13.5,9.9375],"tintindex":0,"rotation":0,"texture":"#2"}},"rotation":{"origin":[9.058515,0.15001535,8.172542],"angle":45.0,"axis":"y"}}],"display":{"gui":{"rotation":[30,225,0]}}}