{"textures":{"4":"modelengine:entity/vfx_wind_circle"},"elements":[{"from":[7.2,9.931051,7.68],"to":[8.8,9.931051,8.32],"faces":{"up":{"uv":[2.0,1.0,0.0,0.0],"tintindex":0,"rotation":0,"texture":"#4"},"down":{"uv":[2.0,2.0,0.0,3.0],"tintindex":0,"rotation":0,"texture":"#4"}}},{"from":[8.765799,7.6827965,7.68],"to":[8.765799,9.282797,8.32],"faces":{"east":{"uv":[5.0,3.0,6.0,5.0],"tintindex":0,"rotation":0,"texture":"#4"},"west":{"uv":[2.0,6.0,3.0,8.0],"tintindex":0,"rotation":0,"texture":"#4"}},"rotation":{"origin":[8.0,9.648369,8.0],"angle":45.0,"axis":"z"}},{"from":[7.2,6.0689497,7.68],"to":[8.8,6.0689497,8.32],"faces":{"up":{"uv":[6.0,7.0,4.0,6.0],"tintindex":0,"rotation":0,"texture":"#4"},"down":{"uv":[9.0,0.0,7.0,1.0],"tintindex":0,"rotation":0,"texture":"#4"}}},{"from":[8.765799,6.717204,7.68],"to":[8.765799,8.317205,8.32],"faces":{"east":{"uv":[7.0,5.0,8.0,7.0],"tintindex":0,"rotation":0,"texture":"#4"},"west":{"uv":[4.0,8.0,5.0,10.0],"tintindex":0,"rotation":0,"texture":"#4"}},"rotation":{"origin":[8.0,6.351632,8.0],"angle":-45.0,"axis":"z"}},{"from":[7.2342014,6.717204,7.68],"to":[7.2342014,8.317205,8.32],"faces":{"east":{"uv":[0.0,7.0,1.0,9.0],"tintindex":0,"rotation":0,"texture":"#4"},"west":{"uv":[7.0,2.0,8.0,4.0],"tintindex":0,"rotation":0,"texture":"#4"}},"rotation":{"origin":[8.0,6.351632,8.0],"angle":45.0,"axis":"z"}},{"from":[6.0686293,7.200001,7.68],"to":[6.0686293,8.800001,8.32],"faces":{"east":{"uv":[3.0,0.0,4.0,2.0],"tintindex":0,"rotation":0,"texture":"#4"},"west":{"uv":[3.0,3.0,4.0,5.0],"tintindex":0,"rotation":0,"texture":"#4"}}},{"from":[7.2342014,7.6827965,7.68],"to":[7.2342014,9.282797,8.32],"faces":{"east":{"uv":[0.0,4.0,1.0,6.0],"tintindex":0,"rotation":0,"texture":"#4"},"west":{"uv":[5.0,0.0,6.0,2.0],"tintindex":0,"rotation":0,"texture":"#4"}},"rotation":{"origin":[8.0,9.648369,8.0],"angle":-45.0,"axis":"z"}},{"from":[9.931371,7.200001,7.68],"to":[9.931371,8.800001,8.32],"faces":{"east":{"uv":[6.0,8.0,7.0,10.0],"tintindex":0,"rotation":0,"texture":"#4"},"west":{"uv":[8.0,8.0,9.0,10.0],"tintindex":0,"rotation":0,"texture":"#4"}}}],"display":{"gui":{"rotation":[30,225,0]}}}