{"overrides":[{"predicate":{"custom_model_data":1},"model":"modelengine:lostassets_revenant/group"},{"predicate":{"custom_model_data":2},"model":"modelengine:lostassets_revenant/dada"},{"predicate":{"custom_model_data":3},"model":"modelengine:lostassets_revenant/leftarm"},{"predicate":{"custom_model_data":4},"model":"modelengine:lostassets_revenant/head2"},{"predicate":{"custom_model_data":5},"model":"modelengine:lostassets_revenant/kiri"},{"predicate":{"custom_model_data":6},"model":"modelengine:lostassets_revenant/group3"},{"predicate":{"custom_model_data":7},"model":"modelengine:arcane_magic_circle/middle"},{"predicate":{"custom_model_data":8},"model":"modelengine:arcane_magic_circle/outer"},{"predicate":{"custom_model_data":9},"model":"modelengine:arcane_magic_circle/letters"},{"predicate":{"custom_model_data":10},"model":"modelengine:arctic_charge/body"},{"predicate":{"custom_model_data":11},"model":"modelengine:dawnbringer_angel/body"},{"predicate":{"custom_model_data":12},"model":"modelengine:dawnbringer_angel/head"},{"predicate":{"custom_model_data":13},"model":"modelengine:dawnbringer_angel/right_arm"},{"predicate":{"custom_model_data":14},"model":"modelengine:dawnbringer_angel/left_leg"},{"predicate":{"custom_model_data":15},"model":"modelengine:dawnbringer_angel/right_wing"},{"predicate":{"custom_model_data":16},"model":"modelengine:dawnbringer_angel/left_arm"},{"predicate":{"custom_model_data":17},"model":"modelengine:dawnbringer_angel/right_leg"},{"predicate":{"custom_model_data":18},"model":"modelengine:dawnbringer_angel/left_wing"},{"predicate":{"custom_model_data":19},"model":"modelengine:divine_cross/body"},{"predicate":{"custom_model_data":20},"model":"modelengine:dragon_beam/bone3"},{"predicate":{"custom_model_data":21},"model":"modelengine:dragon_beam/bone2"},{"predicate":{"custom_model_data":22},"model":"modelengine:dragon_beam/bone5"},{"predicate":{"custom_model_data":23},"model":"modelengine:dragon_beam/bone4"},{"predicate":{"custom_model_data":24},"model":"modelengine:dragon_beam/bone6"},{"predicate":{"custom_model_data":25},"model":"modelengine:forest_dragon/bone13"},{"predicate":{"custom_model_data":26},"model":"modelengine:forest_dragon/bone"},{"predicate":{"custom_model_data":27},"model":"modelengine:forest_dragon/bone14"},{"predicate":{"custom_model_data":28},"model":"modelengine:forest_dragon/bone3"},{"predicate":{"custom_model_data":29},"model":"modelengine:forest_dragon/bone2"},{"predicate":{"custom_model_data":30},"model":"modelengine:forest_dragon/bone5"},{"predicate":{"custom_model_data":31},"model":"modelengine:forest_dragon/bone4"},{"predicate":{"custom_model_data":32},"model":"modelengine:forest_dragon/bone10"},{"predicate":{"custom_model_data":33},"model":"modelengine:forest_dragon/bone7"},{"predicate":{"custom_model_data":34},"model":"modelengine:forest_dragon/bone6"},{"predicate":{"custom_model_data":35},"model":"modelengine:forest_dragon/bone9"},{"predicate":{"custom_model_data":36},"model":"modelengine:forest_dragon/bone8"},{"predicate":{"custom_model_data":37},"model":"modelengine:forest_dragon/bone11"},{"predicate":{"custom_model_data":38},"model":"modelengine:forest_dragon/bone12"},{"predicate":{"custom_model_data":39},"model":"modelengine:forest_dragon/bone15"},{"predicate":{"custom_model_data":40},"model":"modelengine:forest_dragon/bone16"},{"predicate":{"custom_model_data":41},"model":"modelengine:forest_dragon/bone17"},{"predicate":{"custom_model_data":42},"model":"modelengine:forest_dragon/bone18"},{"predicate":{"custom_model_data":43},"model":"modelengine:forest_dragon/bone19"},{"predicate":{"custom_model_data":44},"model":"modelengine:fx_arctic_charge/body"},{"predicate":{"custom_model_data":45},"model":"modelengine:fx_frost_strike_1/body"},{"predicate":{"custom_model_data":46},"model":"modelengine:fx_frost_strike_2/body"},{"predicate":{"custom_model_data":47},"model":"modelengine:fx_frost_strike_3/body"},{"predicate":{"custom_model_data":48},"model":"modelengine:fx_frost_strike_4/body"},{"predicate":{"custom_model_data":49},"model":"modelengine:fx_frost_strike_5/body"},{"predicate":{"custom_model_data":50},"model":"modelengine:fx_frost_strike_6/body"},{"predicate":{"custom_model_data":51},"model":"modelengine:fx_frost_strike_7/body"},{"predicate":{"custom_model_data":52},"model":"modelengine:fx_frostbite/lower"},{"predicate":{"custom_model_data":53},"model":"modelengine:fx_frostbite/upper"},{"predicate":{"custom_model_data":54},"model":"modelengine:fx_ice_crater_big/stone_4"},{"predicate":{"custom_model_data":55},"model":"modelengine:fx_ice_crater_big/stone_5"},{"predicate":{"custom_model_data":56},"model":"modelengine:fx_ice_crater_big/stone_2"},{"predicate":{"custom_model_data":57},"model":"modelengine:fx_ice_crater_big/stone_3"},{"predicate":{"custom_model_data":58},"model":"modelengine:fx_ice_crater_big/body2"},{"predicate":{"custom_model_data":59},"model":"modelengine:fx_ice_crater_big/body3"},{"predicate":{"custom_model_data":60},"model":"modelengine:fx_ice_crater_big/stone_1"},{"predicate":{"custom_model_data":61},"model":"modelengine:fx_ice_crater_big/body4"},{"predicate":{"custom_model_data":62},"model":"modelengine:fx_ice_crater_big/body"},{"predicate":{"custom_model_data":63},"model":"modelengine:fx_ice_crater_small/stone_4"},{"predicate":{"custom_model_data":64},"model":"modelengine:fx_ice_crater_small/stone_5"},{"predicate":{"custom_model_data":65},"model":"modelengine:fx_ice_crater_small/stone_2"},{"predicate":{"custom_model_data":66},"model":"modelengine:fx_ice_crater_small/stone_3"},{"predicate":{"custom_model_data":67},"model":"modelengine:fx_ice_crater_small/body2"},{"predicate":{"custom_model_data":68},"model":"modelengine:fx_ice_crater_small/stone_1"},{"predicate":{"custom_model_data":69},"model":"modelengine:fx_ice_crater_small/body"},{"predicate":{"custom_model_data":70},"model":"modelengine:holy_spear/bone"},{"predicate":{"custom_model_data":71},"model":"modelengine:paladin_hammer_fx/bone"},{"predicate":{"custom_model_data":72},"model":"modelengine:fx_babarian_axe/body"},{"predicate":{"custom_model_data":73},"model":"modelengine:fx_babarian_double_edge_1/body2"},{"predicate":{"custom_model_data":74},"model":"modelengine:fx_babarian_double_edge_1/body"},{"predicate":{"custom_model_data":75},"model":"modelengine:fx_babarian_double_edge_2/body2"},{"predicate":{"custom_model_data":76},"model":"modelengine:fx_babarian_double_edge_2/body"},{"predicate":{"custom_model_data":77},"model":"modelengine:fx_babarian_double_edge_3/body2"},{"predicate":{"custom_model_data":78},"model":"modelengine:fx_babarian_double_edge_3/body"},{"predicate":{"custom_model_data":79},"model":"modelengine:fx_babarian_double_edge_4/body2"},{"predicate":{"custom_model_data":80},"model":"modelengine:fx_babarian_double_edge_4/body"},{"predicate":{"custom_model_data":81},"model":"modelengine:fx_babarian_double_edge_5/body2"},{"predicate":{"custom_model_data":82},"model":"modelengine:fx_babarian_double_edge_5/body"},{"predicate":{"custom_model_data":83},"model":"modelengine:fx_babarian_double_edge_6/body2"},{"predicate":{"custom_model_data":84},"model":"modelengine:fx_babarian_double_edge_6/body"},{"predicate":{"custom_model_data":85},"model":"modelengine:fx_babarian_double_edge_7/body2"},{"predicate":{"custom_model_data":86},"model":"modelengine:fx_permafrost_lance/group3"},{"predicate":{"custom_model_data":87},"model":"modelengine:fx_snowflake/body"},{"predicate":{"custom_model_data":88},"model":"modelengine:fx_snowflake/bone2"},{"predicate":{"custom_model_data":89},"model":"modelengine:fx_snowflake/bone"},{"predicate":{"custom_model_data":90},"model":"modelengine:god_embodiment/high"},{"predicate":{"custom_model_data":91},"model":"modelengine:god_embodiment/low"},{"predicate":{"custom_model_data":92},"model":"modelengine:god_embodiment/bottom"},{"predicate":{"custom_model_data":93},"model":"modelengine:god_embodiment/mid"},{"predicate":{"custom_model_data":94},"model":"modelengine:god_embodiment/upper_body"},{"predicate":{"custom_model_data":95},"model":"modelengine:god_embodiment/left_leg"},{"predicate":{"custom_model_data":96},"model":"modelengine:god_embodiment/right_leg"},{"predicate":{"custom_model_data":97},"model":"modelengine:god_embodiment/left_back"},{"predicate":{"custom_model_data":98},"model":"modelengine:god_embodiment/left_front"},{"predicate":{"custom_model_data":99},"model":"modelengine:god_embodiment/right_back"},{"predicate":{"custom_model_data":100},"model":"modelengine:god_embodiment/right_front"},{"predicate":{"custom_model_data":101},"model":"modelengine:god_embodiment/head"},{"predicate":{"custom_model_data":102},"model":"modelengine:god_embodiment/right_arm"},{"predicate":{"custom_model_data":103},"model":"modelengine:god_embodiment/left_arm"},{"predicate":{"custom_model_data":104},"model":"modelengine:god_embodiment/left_ankle"},{"predicate":{"custom_model_data":105},"model":"modelengine:god_embodiment/right_ankle"},{"predicate":{"custom_model_data":106},"model":"modelengine:god_embodiment/right_wrist"},{"predicate":{"custom_model_data":107},"model":"modelengine:god_embodiment/left_wrist"},{"predicate":{"custom_model_data":108},"model":"modelengine:god_of_death/upper_body"},{"predicate":{"custom_model_data":109},"model":"modelengine:god_of_death/stomach"},{"predicate":{"custom_model_data":110},"model":"modelengine:god_of_death/chest"},{"predicate":{"custom_model_data":111},"model":"modelengine:god_of_death/head"},{"predicate":{"custom_model_data":112},"model":"modelengine:god_of_death/right_arm"},{"predicate":{"custom_model_data":113},"model":"modelengine:god_of_death/left_arm"},{"predicate":{"custom_model_data":114},"model":"modelengine:god_of_death/right_wrist"},{"predicate":{"custom_model_data":115},"model":"modelengine:god_of_death/left_wrist"},{"predicate":{"custom_model_data":116},"model":"modelengine:god_of_death/right_hand"},{"predicate":{"custom_model_data":117},"model":"modelengine:god_of_death/left_hand"},{"predicate":{"custom_model_data":118},"model":"modelengine:god_of_death/right_thumb"},{"predicate":{"custom_model_data":119},"model":"modelengine:god_of_death/right_fingers"},{"predicate":{"custom_model_data":120},"model":"modelengine:god_of_death/weapon"},{"predicate":{"custom_model_data":121},"model":"modelengine:god_of_death/left_thumb"},{"predicate":{"custom_model_data":122},"model":"modelengine:god_of_death/left_fingers"},{"predicate":{"custom_model_data":123},"model":"modelengine:god_of_death/right_thumb_end"},{"predicate":{"custom_model_data":124},"model":"modelengine:god_of_death/right_fingers_end"},{"predicate":{"custom_model_data":125},"model":"modelengine:god_of_death/left_thumb_end"},{"predicate":{"custom_model_data":126},"model":"modelengine:god_of_death/left_fingers_end"},{"predicate":{"custom_model_data":127},"model":"modelengine:guardian_shield/shield"},{"predicate":{"custom_model_data":128},"model":"modelengine:hastur/upper_body"},{"predicate":{"custom_model_data":129},"model":"modelengine:hastur/stomach"},{"predicate":{"custom_model_data":130},"model":"modelengine:hastur/chest"},{"predicate":{"custom_model_data":131},"model":"modelengine:hastur/left_chains"},{"predicate":{"custom_model_data":132},"model":"modelengine:hastur/right_chains"},{"predicate":{"custom_model_data":133},"model":"modelengine:hastur/right_arm"},{"predicate":{"custom_model_data":134},"model":"modelengine:hastur/cloak"},{"predicate":{"custom_model_data":135},"model":"modelengine:hastur/left_arm"},{"predicate":{"custom_model_data":136},"model":"modelengine:hastur/left_chains_end"},{"predicate":{"custom_model_data":137},"model":"modelengine:hastur/right_chains_end"},{"predicate":{"custom_model_data":138},"model":"modelengine:hastur/right_wrist"},{"predicate":{"custom_model_data":139},"model":"modelengine:hastur/cloak_end"},{"predicate":{"custom_model_data":140},"model":"modelengine:hastur/left_wrist"},{"predicate":{"custom_model_data":141},"model":"modelengine:holy_lantern/body"},{"predicate":{"custom_model_data":142},"model":"modelengine:magical_blade/body"},{"predicate":{"custom_model_data":143},"model":"modelengine:magical_blade/group2"},{"predicate":{"custom_model_data":144},"model":"modelengine:magical_blade/group3"},{"predicate":{"custom_model_data":145},"model":"modelengine:magical_blades/body2"},{"predicate":{"custom_model_data":146},"model":"modelengine:magical_blades/body3"},{"predicate":{"custom_model_data":147},"model":"modelengine:magical_blades/body4"},{"predicate":{"custom_model_data":148},"model":"modelengine:meteor_storm_magic_circle/middle"},{"predicate":{"custom_model_data":149},"model":"modelengine:meteor_storm_magic_circle/outer"},{"predicate":{"custom_model_data":150},"model":"modelengine:meteor_storm_magic_circle/letters"},{"predicate":{"custom_model_data":151},"model":"modelengine:meteor_storm_meteor/body"},{"predicate":{"custom_model_data":152},"model":"modelengine:phoenix/body"},{"predicate":{"custom_model_data":153},"model":"modelengine:phoenix/tail_left_last"},{"predicate":{"custom_model_data":154},"model":"modelengine:phoenix/tail_right_last"},{"predicate":{"custom_model_data":155},"model":"modelengine:phoenix/chest"},{"predicate":{"custom_model_data":156},"model":"modelengine:phoenix/tail_right"},{"predicate":{"custom_model_data":157},"model":"modelengine:phoenix/tail_mid"},{"predicate":{"custom_model_data":158},"model":"modelengine:phoenix/tail_left"},{"predicate":{"custom_model_data":159},"model":"modelengine:phoenix/tail_left_last_end"},{"predicate":{"custom_model_data":160},"model":"modelengine:phoenix/tail_right_last_end"},{"predicate":{"custom_model_data":161},"model":"modelengine:phoenix/right_wing"},{"predicate":{"custom_model_data":162},"model":"modelengine:phoenix/left_wing"},{"predicate":{"custom_model_data":163},"model":"modelengine:phoenix/neck"},{"predicate":{"custom_model_data":164},"model":"modelengine:phoenix/tail_right_end"},{"predicate":{"custom_model_data":165},"model":"modelengine:phoenix/tail_mid_end"},{"predicate":{"custom_model_data":166},"model":"modelengine:phoenix/tail_left_end"},{"predicate":{"custom_model_data":167},"model":"modelengine:phoenix/right_wing_mid"},{"predicate":{"custom_model_data":168},"model":"modelengine:phoenix/left_wing_mid"},{"predicate":{"custom_model_data":169},"model":"modelengine:phoenix/head"},{"predicate":{"custom_model_data":170},"model":"modelengine:phoenix/right_wing_end"},{"predicate":{"custom_model_data":171},"model":"modelengine:phoenix/left_wing_end"},{"predicate":{"custom_model_data":172},"model":"modelengine:phoenix/jaw"},{"predicate":{"custom_model_data":173},"model":"modelengine:reaping_claw/body"},{"predicate":{"custom_model_data":174},"model":"modelengine:reaping_claw/mid_finger"},{"predicate":{"custom_model_data":175},"model":"modelengine:reaping_claw/thumb"},{"predicate":{"custom_model_data":176},"model":"modelengine:reaping_claw/right_finger"},{"predicate":{"custom_model_data":177},"model":"modelengine:reaping_claw/left_finger"},{"predicate":{"custom_model_data":178},"model":"modelengine:reaping_claw/mid_finger_end"},{"predicate":{"custom_model_data":179},"model":"modelengine:reaping_claw/thumb_end"},{"predicate":{"custom_model_data":180},"model":"modelengine:reaping_claw/right_finger_end"},{"predicate":{"custom_model_data":181},"model":"modelengine:reaping_claw/left_finger_end"},{"predicate":{"custom_model_data":182},"model":"modelengine:shadow_dragon/upper_body"},{"predicate":{"custom_model_data":183},"model":"modelengine:shadow_dragon/left_thigh"},{"predicate":{"custom_model_data":184},"model":"modelengine:shadow_dragon/right_thigh"},{"predicate":{"custom_model_data":185},"model":"modelengine:shadow_dragon/tail"},{"predicate":{"custom_model_data":186},"model":"modelengine:shadow_dragon/stomach"},{"predicate":{"custom_model_data":187},"model":"modelengine:shadow_dragon/left_leg"},{"predicate":{"custom_model_data":188},"model":"modelengine:shadow_dragon/right_leg"},{"predicate":{"custom_model_data":189},"model":"modelengine:shadow_dragon/tail_2"},{"predicate":{"custom_model_data":190},"model":"modelengine:shadow_dragon/chest"},{"predicate":{"custom_model_data":191},"model":"modelengine:shadow_dragon/right_arm"},{"predicate":{"custom_model_data":192},"model":"modelengine:shadow_dragon/right_wing"},{"predicate":{"custom_model_data":193},"model":"modelengine:shadow_dragon/left_arm"},{"predicate":{"custom_model_data":194},"model":"modelengine:shadow_dragon/left_wing"},{"predicate":{"custom_model_data":195},"model":"modelengine:shadow_dragon/left_ankle"},{"predicate":{"custom_model_data":196},"model":"modelengine:shadow_dragon/right_ankle"},{"predicate":{"custom_model_data":197},"model":"modelengine:shadow_dragon/tail_3"},{"predicate":{"custom_model_data":198},"model":"modelengine:shadow_dragon/neck"},{"predicate":{"custom_model_data":199},"model":"modelengine:shadow_dragon/right_wrist"},{"predicate":{"custom_model_data":200},"model":"modelengine:shadow_dragon/right_wing_mid"},{"predicate":{"custom_model_data":201},"model":"modelengine:shadow_dragon/left_wrist"},{"predicate":{"custom_model_data":202},"model":"modelengine:shadow_dragon/left_wing_mid"},{"predicate":{"custom_model_data":203},"model":"modelengine:shadow_dragon/left_foot"},{"predicate":{"custom_model_data":204},"model":"modelengine:shadow_dragon/right_foot"},{"predicate":{"custom_model_data":205},"model":"modelengine:shadow_dragon/tail_end"},{"predicate":{"custom_model_data":206},"model":"modelengine:shadow_dragon/upper_neck"},{"predicate":{"custom_model_data":207},"model":"modelengine:shadow_dragon/right_hand"},{"predicate":{"custom_model_data":208},"model":"modelengine:shadow_dragon/right_wing_end"},{"predicate":{"custom_model_data":209},"model":"modelengine:shadow_dragon/left_hand"},{"predicate":{"custom_model_data":210},"model":"modelengine:shadow_dragon/left_wing_end"},{"predicate":{"custom_model_data":211},"model":"modelengine:shadow_dragon/head"},{"predicate":{"custom_model_data":212},"model":"modelengine:shadow_dragon/jaw"},{"predicate":{"custom_model_data":213},"model":"modelengine:soul_scythe/body"},{"predicate":{"custom_model_data":214},"model":"modelengine:spirit_guardian/group"},{"predicate":{"custom_model_data":215},"model":"modelengine:spirit_guardian/head"},{"predicate":{"custom_model_data":216},"model":"modelengine:spirit_guardian/dada"},{"predicate":{"custom_model_data":217},"model":"modelengine:spirit_guardian/kiri"},{"predicate":{"custom_model_data":218},"model":"modelengine:spirit_guardian/kanan"},{"predicate":{"custom_model_data":219},"model":"modelengine:spirit_guardian/group3"},{"predicate":{"custom_model_data":220},"model":"modelengine:spirit_horse/upper_body"},{"predicate":{"custom_model_data":221},"model":"modelengine:spirit_horse/left_thigh"},{"predicate":{"custom_model_data":222},"model":"modelengine:spirit_horse/right_thigh"},{"predicate":{"custom_model_data":223},"model":"modelengine:spirit_horse/upper_body_mid"},{"predicate":{"custom_model_data":224},"model":"modelengine:spirit_horse/tail"},{"predicate":{"custom_model_data":225},"model":"modelengine:spirit_horse/left_leg"},{"predicate":{"custom_model_data":226},"model":"modelengine:spirit_horse/right_leg"},{"predicate":{"custom_model_data":227},"model":"modelengine:spirit_horse/chest"},{"predicate":{"custom_model_data":228},"model":"modelengine:spirit_horse/tail_mid"},{"predicate":{"custom_model_data":229},"model":"modelengine:spirit_horse/left_ankle"},{"predicate":{"custom_model_data":230},"model":"modelengine:spirit_horse/right_ankle"},{"predicate":{"custom_model_data":231},"model":"modelengine:spirit_horse/right_arm"},{"predicate":{"custom_model_data":232},"model":"modelengine:spirit_horse/left_arm"},{"predicate":{"custom_model_data":233},"model":"modelengine:spirit_horse/neck"},{"predicate":{"custom_model_data":234},"model":"modelengine:spirit_horse/tail_end"},{"predicate":{"custom_model_data":235},"model":"modelengine:spirit_horse/right_wrist"},{"predicate":{"custom_model_data":236},"model":"modelengine:spirit_horse/left_wrist"},{"predicate":{"custom_model_data":237},"model":"modelengine:spirit_horse/neck_mid"},{"predicate":{"custom_model_data":238},"model":"modelengine:spirit_horse/head"},{"predicate":{"custom_model_data":239},"model":"modelengine:tear_of_god/body"},{"predicate":{"custom_model_data":240},"model":"modelengine:void_chains/chain_6"},{"predicate":{"custom_model_data":241},"model":"modelengine:void_chains/chain_5"},{"predicate":{"custom_model_data":242},"model":"modelengine:void_chains/chain_4"},{"predicate":{"custom_model_data":243},"model":"modelengine:void_chains/chain_3"},{"predicate":{"custom_model_data":244},"model":"modelengine:void_chains/chain_2"},{"predicate":{"custom_model_data":245},"model":"modelengine:void_chains/chain_1"},{"predicate":{"custom_model_data":246},"model":"modelengine:void_chains/chain_end"},{"predicate":{"custom_model_data":247},"model":"modelengine:wrath_dash/stone_4"},{"predicate":{"custom_model_data":248},"model":"modelengine:wrath_dash/stone_5"},{"predicate":{"custom_model_data":249},"model":"modelengine:wrath_dash/stone_2"},{"predicate":{"custom_model_data":250},"model":"modelengine:wrath_dash/stone_3"},{"predicate":{"custom_model_data":251},"model":"modelengine:wrath_dash/body2"},{"predicate":{"custom_model_data":252},"model":"modelengine:wrath_dash/body3"},{"predicate":{"custom_model_data":253},"model":"modelengine:wrath_dash/stone_1"},{"predicate":{"custom_model_data":254},"model":"modelengine:wrath_dash/body4"},{"predicate":{"custom_model_data":255},"model":"modelengine:wrath_dash/body"},{"predicate":{"custom_model_data":256},"model":"modelengine:wrath_dash/group10"},{"predicate":{"custom_model_data":257},"model":"modelengine:wrath_dash/group8"},{"predicate":{"custom_model_data":258},"model":"modelengine:wrath_dash/group7"},{"predicate":{"custom_model_data":259},"model":"modelengine:wrath_dash/group6"},{"predicate":{"custom_model_data":260},"model":"modelengine:wrath_dash/group4"},{"predicate":{"custom_model_data":261},"model":"modelengine:wrath_dash/group3"},{"predicate":{"custom_model_data":262},"model":"modelengine:wrath_dash/group5"},{"predicate":{"custom_model_data":263},"model":"modelengine:wrath_dash/group2"},{"predicate":{"custom_model_data":264},"model":"modelengine:wrath_dash/group"},{"predicate":{"custom_model_data":265},"model":"modelengine:fx_babarian_double_edge_7/body"},{"predicate":{"custom_model_data":266},"model":"modelengine:fx_babarian_impact_1/body"},{"predicate":{"custom_model_data":267},"model":"modelengine:fx_babarian_impact_2/body"},{"predicate":{"custom_model_data":268},"model":"modelengine:fx_babarian_impact_3/body"},{"predicate":{"custom_model_data":269},"model":"modelengine:fx_babarian_impact_4/body"},{"predicate":{"custom_model_data":270},"model":"modelengine:fx_babarian_impact_5/body"},{"predicate":{"custom_model_data":271},"model":"modelengine:fx_babarian_impact_6/body"},{"predicate":{"custom_model_data":272},"model":"modelengine:fx_babarian_impact_7/body"},{"predicate":{"custom_model_data":273},"model":"modelengine:fx_babarian_slash_1/body"},{"predicate":{"custom_model_data":274},"model":"modelengine:fx_babarian_slash_2/body"},{"predicate":{"custom_model_data":275},"model":"modelengine:fx_babarian_slash_3/body"},{"predicate":{"custom_model_data":276},"model":"modelengine:fx_babarian_slash_4/body"},{"predicate":{"custom_model_data":277},"model":"modelengine:fx_babarian_slash_5/body"},{"predicate":{"custom_model_data":278},"model":"modelengine:fx_babarian_slash_6/body"},{"predicate":{"custom_model_data":279},"model":"modelengine:fx_babarian_slash_7/body"},{"predicate":{"custom_model_data":280},"model":"modelengine:fx_cone_rupture/bone10"},{"predicate":{"custom_model_data":281},"model":"modelengine:fx_cone_rupture/bone9"},{"predicate":{"custom_model_data":282},"model":"modelengine:fx_cone_rupture/bone8"},{"predicate":{"custom_model_data":283},"model":"modelengine:fx_cone_rupture/bone11"},{"predicate":{"custom_model_data":284},"model":"modelengine:fx_cone_rupture/bone12"},{"predicate":{"custom_model_data":285},"model":"modelengine:fx_cone_rupture/bone3"},{"predicate":{"custom_model_data":286},"model":"modelengine:fx_cone_rupture/bone2"},{"predicate":{"custom_model_data":287},"model":"modelengine:fx_cone_rupture/bone5"},{"predicate":{"custom_model_data":288},"model":"modelengine:fx_cone_rupture/bone4"},{"predicate":{"custom_model_data":289},"model":"modelengine:fx_cone_rupture/bone"},{"predicate":{"custom_model_data":290},"model":"modelengine:fx_cone_rupture/bone6"},{"predicate":{"custom_model_data":291},"model":"modelengine:fx_eternal_fury_aura/aura"},{"predicate":{"custom_model_data":292},"model":"modelengine:fx_eternal_fury_aura/group16"},{"predicate":{"custom_model_data":293},"model":"modelengine:fx_eternal_fury_aura/group13"},{"predicate":{"custom_model_data":294},"model":"modelengine:fx_eternal_fury_aura/group12"},{"predicate":{"custom_model_data":295},"model":"modelengine:fx_eternal_fury_aura/group15"},{"predicate":{"custom_model_data":296},"model":"modelengine:fx_eternal_fury_aura/group14"},{"predicate":{"custom_model_data":297},"model":"modelengine:fx_eternal_fury_aura/group11"},{"predicate":{"custom_model_data":298},"model":"modelengine:fx_eternal_fury_aura/group10"},{"predicate":{"custom_model_data":299},"model":"modelengine:fx_taunt/body"},{"predicate":{"custom_model_data":300},"model":"modelengine:fx_war_cry_aura/aura"},{"predicate":{"custom_model_data":301},"model":"modelengine:fx_war_cry_aura/group7"},{"predicate":{"custom_model_data":302},"model":"modelengine:fx_war_cry_aura/group4"},{"predicate":{"custom_model_data":303},"model":"modelengine:fx_war_cry_aura/group3"},{"predicate":{"custom_model_data":304},"model":"modelengine:fx_war_cry_aura/group6"},{"predicate":{"custom_model_data":305},"model":"modelengine:fx_war_cry_aura/group5"},{"predicate":{"custom_model_data":306},"model":"modelengine:fx_war_cry_aura/group2"},{"predicate":{"custom_model_data":307},"model":"modelengine:fx_war_cry_aura/group"},{"predicate":{"custom_model_data":308},"model":"modelengine:fx_war_cry_spread_1/body"},{"predicate":{"custom_model_data":309},"model":"modelengine:fx_war_cry_spread_2/body"},{"predicate":{"custom_model_data":310},"model":"modelengine:fx_war_cry_spread_3/body"},{"predicate":{"custom_model_data":311},"model":"modelengine:fx_war_cry_spread_4/body"},{"predicate":{"custom_model_data":312},"model":"modelengine:fx_war_cry_spread_5/body"},{"predicate":{"custom_model_data":313},"model":"modelengine:fx_war_cry_spread_6/body"},{"predicate":{"custom_model_data":314},"model":"modelengine:fx_war_cry_spread_7/body"},{"predicate":{"custom_model_data":315},"model":"modelengine:ps_ec_soul_demonic_vfx/vfx"},{"predicate":{"custom_model_data":316},"model":"modelengine:ps_ec_soul_demonic_vfx_death_landing/body2"},{"predicate":{"custom_model_data":317},"model":"modelengine:ps_ec_soul_demonic_vfx_death_landing/left_wings"},{"predicate":{"custom_model_data":318},"model":"modelengine:ps_ec_soul_demonic_vfx_death_landing/right_wings"},{"predicate":{"custom_model_data":319},"model":"modelengine:ps_ec_soul_demonic_vfx_part/soul_slash_vfx_3"},{"predicate":{"custom_model_data":320},"model":"modelengine:ps_ec_soul_demonic_vfx_part/soul_slash_vfx_4"},{"predicate":{"custom_model_data":321},"model":"modelengine:ps_ec_soul_demonic_vfx_part/soul_slash_vfx_1"},{"predicate":{"custom_model_data":322},"model":"modelengine:ps_ec_soul_demonic_vfx_part/soul_slash_vfx_2"},{"predicate":{"custom_model_data":323},"model":"modelengine:ps_ec_soul_demonic_vfx_part/soul_slash_vfx_7"},{"predicate":{"custom_model_data":324},"model":"modelengine:ps_ec_soul_demonic_vfx_part/soul_slash_vfx_8"},{"predicate":{"custom_model_data":325},"model":"modelengine:ps_ec_soul_demonic_vfx_part/soul_slash_vfx_5"},{"predicate":{"custom_model_data":326},"model":"modelengine:ps_ec_soul_demonic_vfx_part/soul_slash_vfx_6"},{"predicate":{"custom_model_data":327},"model":"modelengine:ps_ec_soul_demonic_vfx_part/soul_slash_vfx_12"},{"predicate":{"custom_model_data":328},"model":"modelengine:ps_ec_soul_demonic_vfx_part/soul_slash_vfx_9"},{"predicate":{"custom_model_data":329},"model":"modelengine:ps_ec_soul_demonic_vfx_part/soul_slash_vfx_11"},{"predicate":{"custom_model_data":330},"model":"modelengine:ps_ec_soul_demonic_vfx_part/soul_slash_vfx_10"},{"predicate":{"custom_model_data":331},"model":"modelengine:ps_ec_soul_demonic_vfx_part/devastate_vfx_6"},{"predicate":{"custom_model_data":332},"model":"modelengine:ps_ec_soul_demonic_vfx_part/devastate_vfx_5"},{"predicate":{"custom_model_data":333},"model":"modelengine:ps_ec_soul_demonic_vfx_part/devastate_vfx_8"},{"predicate":{"custom_model_data":334},"model":"modelengine:ps_ec_soul_demonic_vfx_part/devastate_vfx_7"},{"predicate":{"custom_model_data":335},"model":"modelengine:ps_ec_soul_demonic_vfx_part/devastate_vfx_2"},{"predicate":{"custom_model_data":336},"model":"modelengine:ps_ec_soul_demonic_vfx_part/devastate_vfx_1"},{"predicate":{"custom_model_data":337},"model":"modelengine:ps_ec_soul_demonic_vfx_part/devastate_vfx_4"},{"predicate":{"custom_model_data":338},"model":"modelengine:ps_ec_soul_demonic_vfx_part/devastate_vfx_3"},{"predicate":{"custom_model_data":339},"model":"modelengine:ps_ec_soul_demonic_vfx_part/death_landing_ground_vfx_8"},{"predicate":{"custom_model_data":340},"model":"modelengine:ps_ec_soul_demonic_vfx_part/death_landing_ground_vfx_9"},{"predicate":{"custom_model_data":341},"model":"modelengine:ps_ec_soul_demonic_vfx_part/death_landing_ground_vfx_4"},{"predicate":{"custom_model_data":342},"model":"modelengine:ps_ec_soul_demonic_vfx_part/death_landing_ground_vfx_5"},{"predicate":{"custom_model_data":343},"model":"modelengine:ps_ec_soul_demonic_vfx_part/death_landing_ground_vfx_6"},{"predicate":{"custom_model_data":344},"model":"modelengine:ps_ec_soul_demonic_vfx_part/death_landing_ground_vfx_7"},{"predicate":{"custom_model_data":345},"model":"modelengine:ps_ec_soul_demonic_vfx_part/death_landing_ground_vfx_0"},{"predicate":{"custom_model_data":346},"model":"modelengine:ps_ec_soul_demonic_vfx_part/death_landing_ground_vfx_1"},{"predicate":{"custom_model_data":347},"model":"modelengine:ps_ec_soul_demonic_vfx_part/death_landing_ground_vfx_2"},{"predicate":{"custom_model_data":348},"model":"modelengine:ps_ec_soul_demonic_vfx_part/death_landing_ground_vfx_3"},{"predicate":{"custom_model_data":349},"model":"modelengine:ps_ec_soul_demonic_vfx_part/death_landing_ground_vfx_11"},{"predicate":{"custom_model_data":350},"model":"modelengine:ps_ec_soul_demonic_vfx_part/death_landing_ground_vfx_10"},{"predicate":{"custom_model_data":351},"model":"modelengine:ps_ec_soul_demonic_vfx_part/smoke_ring_vfx_1"},{"predicate":{"custom_model_data":352},"model":"modelengine:ps_ec_soul_demonic_vfx_part/smoke_ring_vfx_4"},{"predicate":{"custom_model_data":353},"model":"modelengine:ps_ec_soul_demonic_vfx_part/smoke_ring_vfx_5"},{"predicate":{"custom_model_data":354},"model":"modelengine:ps_ec_soul_demonic_vfx_part/smoke_ring_vfx_2"},{"predicate":{"custom_model_data":355},"model":"modelengine:ps_ec_soul_demonic_vfx_part/smoke_ring_vfx_3"},{"predicate":{"custom_model_data":356},"model":"modelengine:ps_ec_soul_demonic_vfx_part/smoke_ring_vfx_8"},{"predicate":{"custom_model_data":357},"model":"modelengine:ps_ec_soul_demonic_vfx_part/smoke_ring_vfx_9"},{"predicate":{"custom_model_data":358},"model":"modelengine:ps_ec_soul_demonic_vfx_part/smoke_ring_vfx_6"},{"predicate":{"custom_model_data":359},"model":"modelengine:ps_ec_soul_demonic_vfx_part/smoke_ring_vfx_7"},{"predicate":{"custom_model_data":360},"model":"modelengine:ps_ec_soul_demonic_vfx_part/death_landing_vfx_8"},{"predicate":{"custom_model_data":361},"model":"modelengine:ps_ec_soul_demonic_vfx_part/death_landing_vfx_9"},{"predicate":{"custom_model_data":362},"model":"modelengine:ps_ec_soul_demonic_vfx_part/death_landing_vfx_6"},{"predicate":{"custom_model_data":363},"model":"modelengine:ps_ec_soul_demonic_vfx_part/death_landing_vfx_7"},{"predicate":{"custom_model_data":364},"model":"modelengine:ps_ec_soul_demonic_vfx_part/death_landing_vfx_4"},{"predicate":{"custom_model_data":365},"model":"modelengine:ps_ec_soul_demonic_vfx_part/death_landing_vfx_5"},{"predicate":{"custom_model_data":366},"model":"modelengine:ps_ec_soul_demonic_vfx_part/death_landing_vfx_2"},{"predicate":{"custom_model_data":367},"model":"modelengine:ps_ec_soul_demonic_vfx_part/death_landing_vfx_3"},{"predicate":{"custom_model_data":368},"model":"modelengine:ps_ec_soul_demonic_vfx_part/death_landing_vfx_1"},{"predicate":{"custom_model_data":369},"model":"modelengine:ps_ec_soul_demonic_vfx_part/death_landing_vfx_10"},{"predicate":{"custom_model_data":370},"model":"modelengine:ps_ec_soul_demonic_vfx_part/death_landing_vfx_summoner"},{"predicate":{"custom_model_data":371},"model":"modelengine:ps_ec_soul_demonic_vfx_part/death_landing_vfx_cooldown"},{"predicate":{"custom_model_data":372},"model":"modelengine:ps_ec_soul_demonic_vfx_part/death_landing_vfx_radius"},{"predicate":{"custom_model_data":373},"model":"modelengine:ps_ec_soul_demonic_vfx_part/soul_slash_impact_vfx_1"},{"predicate":{"custom_model_data":374},"model":"modelengine:ps_ec_soul_demonic_vfx_part/soul_slash_impact_vfx_7"},{"predicate":{"custom_model_data":375},"model":"modelengine:ps_ec_soul_demonic_vfx_part/soul_slash_impact_vfx_6"},{"predicate":{"custom_model_data":376},"model":"modelengine:ps_ec_soul_demonic_vfx_part/soul_slash_impact_vfx_3"},{"predicate":{"custom_model_data":377},"model":"modelengine:ps_ec_soul_demonic_vfx_part/soul_slash_impact_vfx_2"},{"predicate":{"custom_model_data":378},"model":"modelengine:ps_ec_soul_demonic_vfx_part/soul_slash_impact_vfx_5"},{"predicate":{"custom_model_data":379},"model":"modelengine:ps_ec_soul_demonic_vfx_part/soul_slash_impact_vfx_4"},{"predicate":{"custom_model_data":380},"model":"modelengine:ps_ec_soul_demonic_vfx_soul_capture/ground_vfx_2"},{"predicate":{"custom_model_data":381},"model":"modelengine:ps_ec_soul_demonic_vfx_soul_capture/ground_vfx_1"},{"predicate":{"custom_model_data":382},"model":"modelengine:ps_ec_soul_demonic_vfx_soul_capture/arm"},{"predicate":{"custom_model_data":383},"model":"modelengine:ps_ec_soul_demonic_vfx_soul_capture/ground_vfx_3"},{"predicate":{"custom_model_data":384},"model":"modelengine:ps_ec_soul_demonic_vfx_soul_capture/hand"},{"predicate":{"custom_model_data":385},"model":"modelengine:ps_ec_soul_demonic_vfx_soul_capture/fg_1_1"},{"predicate":{"custom_model_data":386},"model":"modelengine:ps_ec_soul_demonic_vfx_soul_capture/fg_3_1"},{"predicate":{"custom_model_data":387},"model":"modelengine:ps_ec_soul_demonic_vfx_soul_capture/fg_2_1"},{"predicate":{"custom_model_data":388},"model":"modelengine:ps_ec_soul_demonic_vfx_soul_capture/fg_5_1"},{"predicate":{"custom_model_data":389},"model":"modelengine:ps_ec_soul_demonic_vfx_soul_capture/fg_4_1"},{"predicate":{"custom_model_data":390},"model":"modelengine:ps_ec_soul_demonic_vfx_soul_capture/fg_1_2"},{"predicate":{"custom_model_data":391},"model":"modelengine:ps_ec_soul_demonic_vfx_soul_capture/fg_3_3"},{"predicate":{"custom_model_data":392},"model":"modelengine:ps_ec_soul_demonic_vfx_soul_capture/fg_2_2"},{"predicate":{"custom_model_data":393},"model":"modelengine:ps_ec_soul_demonic_vfx_soul_capture/fg_5_2"},{"predicate":{"custom_model_data":394},"model":"modelengine:ps_ec_soul_demonic_vfx_soul_capture/fg_4_2"},{"predicate":{"custom_model_data":395},"model":"modelengine:ps_ec_soul_demonic_vfx_death_landing/left_wings2"},{"predicate":{"custom_model_data":396},"model":"modelengine:ps_ec_soul_demonic_vfx_death_landing/right_wings2"},{"predicate":{"custom_model_data":397},"model":"modelengine:ps_ec_soul_demonic_vfx_death_landing/left_wings3"},{"predicate":{"custom_model_data":398},"model":"modelengine:ps_ec_soul_demonic_vfx_death_landing/right_wings3"},{"predicate":{"custom_model_data":399},"model":"modelengine:fx_eternal_fury_aura/group8"},{"predicate":{"custom_model_data":400},"model":"modelengine:fx_eternal_fury_aura/group9"},{"predicate":{"custom_model_data":401},"model":"modelengine:magical_blades/body5"},{"predicate":{"custom_model_data":402},"model":"modelengine:magical_blades/body"},{"predicate":{"custom_model_data":403},"model":"modelengine:magical_blades/group5"},{"predicate":{"custom_model_data":404},"model":"modelengine:magical_blades/group7"},{"predicate":{"custom_model_data":405},"model":"modelengine:magical_blades/group9"},{"predicate":{"custom_model_data":406},"model":"modelengine:magical_blades/group11"},{"predicate":{"custom_model_data":407},"model":"modelengine:magical_blades/group2"},{"predicate":{"custom_model_data":408},"model":"modelengine:magical_blades/group4"},{"predicate":{"custom_model_data":409},"model":"modelengine:magical_blades/group6"},{"predicate":{"custom_model_data":410},"model":"modelengine:magical_blades/group8"},{"predicate":{"custom_model_data":411},"model":"modelengine:magical_blades/group10"},{"predicate":{"custom_model_data":412},"model":"modelengine:magical_blades/group3"},{"predicate":{"custom_model_data":413},"model":"modelengine:dummy/dummy"},{"predicate":{"custom_model_data":414},"model":"modelengine:dummy/upper_body"},{"predicate":{"custom_model_data":415},"model":"modelengine:fx_aether_strike/body"},{"predicate":{"custom_model_data":416},"model":"modelengine:fx_olkalilre/sacred_lance"},{"predicate":{"custom_model_data":417},"model":"modelengine:fx_sacred_sling/bone2"},{"predicate":{"custom_model_data":418},"model":"modelengine:fx_sacred_sling/bone5"},{"predicate":{"custom_model_data":419},"model":"modelengine:fx_sacred_sling/bone4"},{"predicate":{"custom_model_data":420},"model":"modelengine:fx_sacred_sling/bone"},{"predicate":{"custom_model_data":421},"model":"modelengine:vfx_gale_dash_1/bone"},{"predicate":{"custom_model_data":422},"model":"modelengine:vfx_gale_dash_10/bone"},{"predicate":{"custom_model_data":423},"model":"modelengine:vfx_gale_dash_11/bone"},{"predicate":{"custom_model_data":424},"model":"modelengine:vfx_gale_dash_12/bone"},{"predicate":{"custom_model_data":425},"model":"modelengine:vfx_gale_dash_13/bone"},{"predicate":{"custom_model_data":426},"model":"modelengine:vfx_gale_dash_14/bone"},{"predicate":{"custom_model_data":427},"model":"modelengine:vfx_gale_dash_2/bone"},{"predicate":{"custom_model_data":428},"model":"modelengine:vfx_gale_dash_3/bone"},{"predicate":{"custom_model_data":429},"model":"modelengine:vfx_gale_dash_4/bone"},{"predicate":{"custom_model_data":430},"model":"modelengine:vfx_gale_dash_5/bone"},{"predicate":{"custom_model_data":431},"model":"modelengine:vfx_gale_dash_6/bone"},{"predicate":{"custom_model_data":432},"model":"modelengine:vfx_gale_dash_7/bone"},{"predicate":{"custom_model_data":433},"model":"modelengine:vfx_gale_dash_8/bone"},{"predicate":{"custom_model_data":434},"model":"modelengine:vfx_gale_dash_9/bone"},{"predicate":{"custom_model_data":435},"model":"modelengine:vfx_gale_ground_impact/wave1"},{"predicate":{"custom_model_data":436},"model":"modelengine:vfx_gale_ground_impact/wave2"},{"predicate":{"custom_model_data":437},"model":"modelengine:vfx_gale_impact/bone2"},{"predicate":{"custom_model_data":438},"model":"modelengine:vfx_gale_impact/bone"},{"predicate":{"custom_model_data":439},"model":"modelengine:vfx_gale_slash_1/body"},{"predicate":{"custom_model_data":440},"model":"modelengine:vfx_gale_slash_10/body"},{"predicate":{"custom_model_data":441},"model":"modelengine:vfx_gale_slash_11/body"},{"predicate":{"custom_model_data":442},"model":"modelengine:vfx_gale_slash_2/body"},{"predicate":{"custom_model_data":443},"model":"modelengine:vfx_gale_slash_3/body"},{"predicate":{"custom_model_data":444},"model":"modelengine:vfx_gale_slash_4/body"},{"predicate":{"custom_model_data":445},"model":"modelengine:vfx_gale_slash_5/body"},{"predicate":{"custom_model_data":446},"model":"modelengine:vfx_gale_slash_6/body"},{"predicate":{"custom_model_data":447},"model":"modelengine:vfx_gale_slash_7/body"},{"predicate":{"custom_model_data":448},"model":"modelengine:vfx_gale_slash_8/body"},{"predicate":{"custom_model_data":449},"model":"modelengine:vfx_gale_slash_9/body"},{"predicate":{"custom_model_data":450},"model":"modelengine:vfx_gale_spear/trail"},{"predicate":{"custom_model_data":451},"model":"modelengine:vfx_gale_spear/body"},{"predicate":{"custom_model_data":452},"model":"modelengine:vfx_gale_spear/wave3"},{"predicate":{"custom_model_data":453},"model":"modelengine:vfx_gale_spear/wave1"},{"predicate":{"custom_model_data":454},"model":"modelengine:vfx_gale_spear/wave2"},{"predicate":{"custom_model_data":455},"model":"modelengine:vfx_gale_spin/body"},{"predicate":{"custom_model_data":456},"model":"modelengine:vfx_gale_thrust_1/bone2"},{"predicate":{"custom_model_data":457},"model":"modelengine:vfx_gale_thrust_1/bone"},{"predicate":{"custom_model_data":458},"model":"modelengine:vfx_gale_thrust_2/bone2"},{"predicate":{"custom_model_data":459},"model":"modelengine:vfx_gale_thrust_2/bone"},{"predicate":{"custom_model_data":460},"model":"modelengine:vfx_gale_thrust_3/bone2"},{"predicate":{"custom_model_data":461},"model":"modelengine:vfx_gale_thrust_3/bone"},{"predicate":{"custom_model_data":462},"model":"modelengine:vfx_gale_thrust_4/bone2"},{"predicate":{"custom_model_data":463},"model":"modelengine:vfx_gale_thrust_4/bone"},{"predicate":{"custom_model_data":464},"model":"modelengine:vfx_gale_thrust_5/bone2"},{"predicate":{"custom_model_data":465},"model":"modelengine:vfx_gale_thrust_5/bone"},{"predicate":{"custom_model_data":466},"model":"modelengine:vfx_gale_thrust_6/bone2"},{"predicate":{"custom_model_data":467},"model":"modelengine:vfx_gale_thrust_6/bone"},{"predicate":{"custom_model_data":468},"model":"modelengine:vfx_gale_thrust_7/bone2"},{"predicate":{"custom_model_data":469},"model":"modelengine:vfx_gale_thrust_7/bone"},{"predicate":{"custom_model_data":470},"model":"modelengine:vfx_gale_thrust_8/bone2"},{"predicate":{"custom_model_data":471},"model":"modelengine:vfx_gale_thrust_8/bone"},{"predicate":{"custom_model_data":472},"model":"modelengine:vfx_gale_thrust_9/bone2"},{"predicate":{"custom_model_data":473},"model":"modelengine:vfx_gale_thrust_9/bone"},{"predicate":{"custom_model_data":474},"model":"modelengine:vfx_gale_tornado/body2"},{"predicate":{"custom_model_data":475},"model":"modelengine:vfx_gale_tornado/body3"},{"predicate":{"custom_model_data":476},"model":"modelengine:vfx_gale_tornado/body4"},{"predicate":{"custom_model_data":477},"model":"modelengine:vfx_gale_tornado/body5"},{"predicate":{"custom_model_data":478},"model":"modelengine:vfx_gale_tornado/body"},{"predicate":{"custom_model_data":479},"model":"modelengine:vfx_gale_vault_1/bone"},{"predicate":{"custom_model_data":480},"model":"modelengine:vfx_gale_vault_2/bone"},{"predicate":{"custom_model_data":481},"model":"modelengine:vfx_gale_vault_3/bone"},{"predicate":{"custom_model_data":482},"model":"modelengine:vfx_gale_vault_4/bone"},{"predicate":{"custom_model_data":483},"model":"modelengine:vfx_gale_vault_5/bone"},{"predicate":{"custom_model_data":484},"model":"modelengine:vfx_gale_vault_6/bone"},{"predicate":{"custom_model_data":485},"model":"modelengine:vfx_gale_vault_7/bone"},{"predicate":{"custom_model_data":486},"model":"modelengine:vfx_gale_vault_8/bone"},{"predicate":{"custom_model_data":487},"model":"modelengine:vfx_ground_crack/body"},{"predicate":{"custom_model_data":488},"model":"modelengine:vfx_ground_crack_debris/stone_4"},{"predicate":{"custom_model_data":489},"model":"modelengine:vfx_ground_crack_debris/stone_5"},{"predicate":{"custom_model_data":490},"model":"modelengine:vfx_ground_crack_debris/stone_2"},{"predicate":{"custom_model_data":491},"model":"modelengine:vfx_ground_crack_debris/stone_3"},{"predicate":{"custom_model_data":492},"model":"modelengine:vfx_ground_crack_debris/stone_1"},{"predicate":{"custom_model_data":493},"model":"modelengine:vfx_meditation_beads/left_bead"},{"predicate":{"custom_model_data":494},"model":"modelengine:vfx_meditation_beads/right_back_bead"},{"predicate":{"custom_model_data":495},"model":"modelengine:vfx_meditation_beads/right_bead"},{"predicate":{"custom_model_data":496},"model":"modelengine:vfx_meditation_beads/front_bead"},{"predicate":{"custom_model_data":497},"model":"modelengine:vfx_meditation_beads/left_back_bead"},{"predicate":{"custom_model_data":498},"model":"modelengine:vfx_michael_fists/gauntlet2"},{"predicate":{"custom_model_data":499},"model":"modelengine:vfx_michael_fists/gauntlet"},{"predicate":{"custom_model_data":500},"model":"modelengine:vfx_michael_gauntlet/gauntlet"}],"parent":"minecraft:item/generated","textures":{"layer0":"minecraft:item/leather_horse_armor"}}