{"textures":{"0":"modelengine:entity/invisible"},"elements":[{"from":[-4.5,-13.0,6.0],"to":[20.5,29.0,10.0],"faces":{"east":{"uv":[3.5,1.0,13.0,14.0],"tintindex":0,"rotation":0,"texture":"#0"},"south":{"uv":[3.5,1.0,13.0,14.0],"tintindex":0,"rotation":0,"texture":"#0"},"north":{"uv":[3.5,1.0,13.0,14.0],"tintindex":0,"rotation":0,"texture":"#0"},"west":{"uv":[3.5,1.0,13.0,14.0],"tintindex":0,"rotation":0,"texture":"#0"},"up":{"uv":[3.5,1.0,13.0,14.0],"tintindex":0,"rotation":0,"texture":"#0"},"down":{"uv":[3.5,1.0,13.0,14.0],"tintindex":0,"rotation":0,"texture":"#0"}}}],"display":{"gui":{"rotation":[30,225,0]}}}