{"textures":{"0":"modelengine:entity/thrust_gale_8"},"elements":[{"from":[8.0,-1.0,7.0],"to":[8.0,9.0,23.0],"faces":{"east":{"uv":[16.0,10.0,0.0,0.0],"tintindex":0,"rotation":0,"texture":"#0"},"west":{"uv":[0.0,10.0,16.0,0.0],"tintindex":0,"rotation":0,"texture":"#0"}}},{"from":[8.0,7.0,7.0],"to":[8.0,17.0,23.0],"faces":{"east":{"uv":[16.0,0.0,0.0,10.0],"tintindex":0,"rotation":0,"texture":"#0"},"west":{"uv":[0.0,0.0,16.0,10.0],"tintindex":0,"rotation":0,"texture":"#0"}}}],"display":{"gui":{"rotation":[30,225,0]}}}