{"textures":{"0":"modelengine:entity/shadow_dragon","1":"modelengine:entity/shadow_spirit"},"elements":[{"from":[4.1601815,6.1288514,8.99342],"to":[4.1601815,12.628851,14.83441],"faces":{"east":{"uv":[6.5,6.125,5.75,6.9375],"tintindex":0,"rotation":0,"texture":"#0"},"west":{"uv":[5.75,6.125,6.5,6.9375],"tintindex":0,"rotation":0,"texture":"#0"}},"rotation":{"origin":[5.751172,8.128851,10.58441],"angle":-45.0,"axis":"y"}},{"from":[5.738672,8.968407,2.6425476],"to":[6.238672,9.968407,6.1425476],"faces":{"east":{"uv":[7.4375,0.6875,7.875,0.8125],"tintindex":0,"rotation":0,"texture":"#0"},"south":{"uv":[9.25,2.6875,9.3125,2.8125],"tintindex":0,"rotation":0,"texture":"#0"},"north":{"uv":[9.25,2.5,9.3125,2.625],"tintindex":0,"rotation":0,"texture":"#0"},"west":{"uv":[9.9375,5.25,10.375,5.375],"tintindex":0,"rotation":0,"texture":"#0"},"up":{"uv":[4.0,10.5,3.9375,10.0625],"tintindex":0,"rotation":0,"texture":"#0"},"down":{"uv":[6.625,10.0625,6.5625,10.5],"tintindex":0,"rotation":0,"texture":"#0"}},"rotation":{"origin":[5.751172,9.593407,4.6425476],"angle":-22.5,"axis":"x"}},{"from":[5.7610703,2.0157256,9.061409],"to":[5.7610703,8.515726,14.902399],"faces":{"east":{"uv":[6.5,6.125,5.75,6.9375],"tintindex":0,"rotation":0,"texture":"#0"},"west":{"uv":[5.75,6.125,6.5,6.9375],"tintindex":0,"rotation":0,"texture":"#0"}},"rotation":{"origin":[5.81107,6.7657256,11.481904],"angle":45.0,"axis":"x"}},{"from":[10.241274,2.0157256,9.061409],"to":[10.241274,8.515726,14.902399],"faces":{"east":{"uv":[6.5,6.125,5.75,6.9375],"tintindex":0,"rotation":0,"texture":"#0"},"west":{"uv":[5.75,6.125,6.5,6.9375],"tintindex":0,"rotation":0,"texture":"#0"}},"rotation":{"origin":[10.191274,6.7657256,11.481904],"angle":45.0,"axis":"x"}},{"from":[7.988672,9.128851,0.3344097],"to":[7.988672,12.628851,10.33441],"faces":{"east":{"uv":[8.1875,2.625,6.9375,3.0625],"tintindex":0,"rotation":0,"texture":"#0"},"west":{"uv":[6.9375,2.625,8.1875,3.0625],"tintindex":0,"rotation":0,"texture":"#0"}},"rotation":{"origin":[8.001172,10.878851,2.5844097],"angle":-22.5,"axis":"x"}},{"from":[8.013672,9.128851,0.3344097],"to":[8.013672,12.628851,10.33441],"faces":{"east":{"uv":[8.1875,2.625,6.9375,3.0625],"tintindex":0,"rotation":0,"texture":"#0"},"west":{"uv":[6.9375,2.625,8.1875,3.0625],"tintindex":0,"rotation":0,"texture":"#0"}},"rotation":{"origin":[8.001172,10.878851,2.5844097],"angle":-22.5,"axis":"x"}},{"from":[6.251172,4.4004974,3.4295597],"to":[9.751172,6.9004974,6.9295597],"faces":{"east":{"uv":[7.3125,6.875,7.75,7.1875],"tintindex":0,"rotation":0,"texture":"#0"},"south":{"uv":[9.4375,5.25,9.875,5.5625],"tintindex":0,"rotation":0,"texture":"#0"},"north":{"uv":[6.6875,1.375,7.125,1.6875],"tintindex":0,"rotation":0,"texture":"#0"},"west":{"uv":[9.4375,6.1875,9.875,6.5],"tintindex":0,"rotation":0,"texture":"#0"},"up":{"uv":[9.375,1.5625,8.9375,1.125],"tintindex":0,"rotation":0,"texture":"#0"},"down":{"uv":[9.375,5.375,8.9375,5.8125],"tintindex":0,"rotation":0,"texture":"#0"}},"rotation":{"origin":[8.001172,7.6504974,5.1795597],"angle":-22.5,"axis":"x"}},{"from":[8.238672,9.721537,7.572983],"to":[10.238672,12.221537,9.572984],"faces":{"east":{"uv":[5.75,9.8125,6.0,10.125],"tintindex":0,"rotation":0,"texture":"#0"},"south":{"uv":[3.375,9.875,3.625,10.1875],"tintindex":0,"rotation":0,"texture":"#0"},"north":{"uv":[5.4375,9.8125,5.6875,10.125],"tintindex":0,"rotation":0,"texture":"#0"},"west":{"uv":[4.5,9.875,4.75,10.1875],"tintindex":0,"rotation":0,"texture":"#0"},"up":{"uv":[8.875,10.125,8.625,9.875],"tintindex":0,"rotation":0,"texture":"#0"},"down":{"uv":[9.1875,9.875,8.9375,10.125],"tintindex":0,"rotation":0,"texture":"#0"}},"rotation":{"origin":[9.238672,11.221537,8.072984],"angle":45.0,"axis":"x"}},{"from":[7.501172,7.200261,-2.0519295],"to":[8.501172,9.200262,0.9480705],"faces":{"east":{"uv":[9.625,8.375,10.0,8.625],"tintindex":0,"rotation":0,"texture":"#0"},"south":{"uv":[2.4375,8.375,2.5625,8.625],"tintindex":0,"rotation":0,"texture":"#0"},"north":{"uv":[4.5625,7.1875,4.6875,7.4375],"tintindex":0,"rotation":0,"texture":"#0"},"west":{"uv":[9.625,9.1875,10.0,9.4375],"tintindex":0,"rotation":0,"texture":"#0"},"up":{"uv":[8.125,10.4375,8.0,10.0625],"tintindex":0,"rotation":0,"texture":"#0"},"down":{"uv":[8.3125,10.0625,8.1875,10.4375],"tintindex":0,"rotation":0,"texture":"#0"}},"rotation":{"origin":[8.001172,8.200261,-0.5519295],"angle":22.5,"axis":"x"}},{"from":[8.001172,6.5829444,-4.475809],"to":[8.001172,11.082945,1.0241909],"faces":{"east":{"uv":[8.5,1.375,7.8125,1.9375],"tintindex":0,"rotation":0,"texture":"#0"},"west":{"uv":[7.8125,1.375,8.5,1.9375],"tintindex":0,"rotation":0,"texture":"#0"}},"rotation":{"origin":[8.001172,8.582945,-1.4758091],"angle":45.0,"axis":"x"}},{"from":[8.7261715,10.782196,8.4265375],"to":[10.2261715,12.282196,10.9265375],"faces":{"east":{"uv":[1.5,9.9375,1.8125,10.125],"tintindex":0,"rotation":0,"texture":"#0"},"south":{"uv":[6.3125,9.0625,6.5,9.25],"tintindex":0,"rotation":0,"texture":"#0"},"north":{"uv":[4.3125,8.8125,4.5,9.0],"tintindex":0,"rotation":0,"texture":"#0"},"west":{"uv":[1.875,9.9375,2.1875,10.125],"tintindex":0,"rotation":0,"texture":"#0"},"up":{"uv":[5.0,10.1875,4.8125,9.875],"tintindex":0,"rotation":0,"texture":"#0"},"down":{"uv":[4.25,9.9375,4.0625,10.25],"tintindex":0,"rotation":0,"texture":"#0"}}},{"from":[6.501172,6.1288514,-0.16559029],"to":[9.501172,9.128851,4.3344097],"faces":{"east":{"uv":[8.75,0.0,9.3125,0.375],"tintindex":0,"rotation":0,"texture":"#0"},"south":{"uv":[9.375,4.375,9.75,4.75],"tintindex":0,"rotation":0,"texture":"#0"},"north":{"uv":[9.375,0.0,9.75,0.375],"tintindex":0,"rotation":0,"texture":"#0"},"west":{"uv":[8.75,4.375,9.3125,4.75],"tintindex":0,"rotation":0,"texture":"#0"},"up":{"uv":[9.125,7.3125,8.75,6.75],"tintindex":0,"rotation":0,"texture":"#0"},"down":{"uv":[5.8125,8.8125,5.4375,9.375],"tintindex":0,"rotation":0,"texture":"#0"}}},{"from":[9.213672,13.403517,9.340751],"to":[10.213672,14.403517,12.340751],"faces":{"east":{"uv":[10.0,4.125,10.375,4.25],"tintindex":0,"rotation":0,"texture":"#0"},"south":{"uv":[10.1875,8.9375,10.3125,9.0625],"tintindex":0,"rotation":0,"texture":"#0"},"north":{"uv":[8.9375,10.1875,9.0625,10.3125],"tintindex":0,"rotation":0,"texture":"#0"},"west":{"uv":[10.0,5.0,10.375,5.125],"tintindex":0,"rotation":0,"texture":"#0"},"up":{"uv":[4.4375,10.3125,4.3125,9.9375],"tintindex":0,"rotation":0,"texture":"#0"},"down":{"uv":[1.4375,10.0,1.3125,10.375],"tintindex":0,"rotation":0,"texture":"#0"}},"rotation":{"origin":[9.7261715,14.403517,12.340751],"angle":-45.0,"axis":"x"}},{"from":[6.001172,6.9004974,3.4295597],"to":[10.001172,9.900497,6.9295597],"faces":{"east":{"uv":[0.5625,9.1875,1.0,9.5625],"tintindex":0,"rotation":0,"texture":"#0"},"south":{"uv":[1.875,9.0,2.375,9.375],"tintindex":0,"rotation":0,"texture":"#0"},"north":{"uv":[0.0,9.0,0.5,9.375],"tintindex":0,"rotation":0,"texture":"#0"},"west":{"uv":[1.0625,9.1875,1.5,9.5625],"tintindex":0,"rotation":0,"texture":"#0"},"up":{"uv":[5.125,3.5,4.625,3.0625],"tintindex":0,"rotation":0,"texture":"#0"},"down":{"uv":[9.1875,1.9375,8.6875,2.375],"tintindex":0,"rotation":0,"texture":"#0"}},"rotation":{"origin":[7.751172,7.6504974,5.1795597],"angle":-22.5,"axis":"x"}},{"from":[6.501172,4.128852,-0.16559029],"to":[6.501172,6.1288514,4.3344097],"faces":{"east":{"uv":[8.1875,9.375,7.625,9.625],"tintindex":0,"rotation":0,"texture":"#0"},"west":{"uv":[7.625,9.375,8.1875,9.625],"tintindex":0,"rotation":0,"texture":"#0"}}},{"from":[5.751172,5.1288514,5.8344097],"to":[10.251172,10.628851,8.33441],"faces":{"east":{"uv":[8.75,3.625,9.0625,4.3125],"tintindex":0,"rotation":0,"texture":"#0"},"south":{"uv":[0.0,7.625,0.5625,8.3125],"tintindex":0,"rotation":0,"texture":"#0"},"north":{"uv":[5.25,7.5,5.8125,8.1875],"tintindex":0,"rotation":0,"texture":"#0"},"west":{"uv":[5.0625,8.8125,5.375,9.5],"tintindex":0,"rotation":0,"texture":"#0"},"up":{"uv":[8.1875,9.3125,7.625,9.0],"tintindex":0,"rotation":0,"texture":"#0"},"down":{"uv":[8.8125,9.0,8.25,9.3125],"tintindex":0,"rotation":0,"texture":"#0"}}},{"from":[5.7761717,10.782196,8.4265375],"to":[7.2761717,12.282196,10.9265375],"faces":{"east":{"uv":[9.25,9.875,9.5625,10.0625],"tintindex":0,"rotation":0,"texture":"#0"},"south":{"uv":[8.5,3.625,8.6875,3.8125],"tintindex":0,"rotation":0,"texture":"#0"},"north":{"uv":[8.25,2.875,8.4375,3.0625],"tintindex":0,"rotation":0,"texture":"#0"},"west":{"uv":[0.0,9.9375,0.3125,10.125],"tintindex":0,"rotation":0,"texture":"#0"},"up":{"uv":[4.5,8.75,4.3125,8.4375],"tintindex":0,"rotation":0,"texture":"#0"},"down":{"uv":[8.8125,9.375,8.625,9.6875],"tintindex":0,"rotation":0,"texture":"#0"}}},{"from":[9.501172,4.128852,-0.16559029],"to":[9.501172,6.1288514,4.3344097],"faces":{"east":{"uv":[8.1875,9.375,7.625,9.625],"tintindex":0,"rotation":0,"texture":"#0"},"west":{"uv":[7.625,9.375,8.1875,9.625],"tintindex":0,"rotation":0,"texture":"#0"}}},{"from":[9.763672,8.968407,2.6425476],"to":[10.263672,9.968407,6.1425476],"faces":{"east":{"uv":[10.375,5.25,9.9375,5.375],"tintindex":0,"rotation":0,"texture":"#0"},"south":{"uv":[9.3125,2.6875,9.25,2.8125],"tintindex":0,"rotation":0,"texture":"#0"},"north":{"uv":[9.3125,2.5,9.25,2.625],"tintindex":0,"rotation":0,"texture":"#0"},"west":{"uv":[7.875,0.6875,7.4375,0.8125],"tintindex":0,"rotation":0,"texture":"#0"},"up":{"uv":[3.9375,10.5,4.0,10.0625],"tintindex":0,"rotation":0,"texture":"#0"},"down":{"uv":[6.5625,10.0625,6.625,10.5],"tintindex":0,"rotation":0,"texture":"#0"}},"rotation":{"origin":[10.251172,9.593407,4.6425476],"angle":-22.5,"axis":"x"}},{"from":[5.7886715,13.403517,9.340751],"to":[6.788672,14.403517,12.340751],"faces":{"east":{"uv":[9.9375,5.4375,10.3125,5.5625],"tintindex":0,"rotation":0,"texture":"#0"},"south":{"uv":[10.1875,6.3125,10.3125,6.4375],"tintindex":0,"rotation":0,"texture":"#0"},"north":{"uv":[10.1875,6.125,10.3125,6.25],"tintindex":0,"rotation":0,"texture":"#0"},"west":{"uv":[0.875,10.0,1.25,10.125],"tintindex":0,"rotation":0,"texture":"#0"},"up":{"uv":[4.875,6.6875,4.75,6.3125],"tintindex":0,"rotation":0,"texture":"#0"},"down":{"uv":[3.125,9.8125,3.0,10.1875],"tintindex":0,"rotation":0,"texture":"#0"}},"rotation":{"origin":[6.2761717,14.403517,12.340751],"angle":-45.0,"axis":"x"}},{"from":[8.001172,3.997007,0.25521088],"to":[8.001172,11.997007,5.755211],"faces":{"east":{"uv":[0.0625,3.0,4.0625,5.75],"tintindex":0,"rotation":270,"texture":"#1"},"west":{"uv":[0.0625,5.75,4.0625,3.0],"tintindex":0,"rotation":270,"texture":"#1"}},"rotation":{"origin":[8.001172,11.997007,10.505211],"angle":22.5,"axis":"x"}},{"from":[5.763672,9.721537,7.572983],"to":[7.763672,12.221537,9.572984],"faces":{"east":{"uv":[9.8125,0.625,10.0625,0.9375],"tintindex":0,"rotation":0,"texture":"#0"},"south":{"uv":[9.8125,1.0,10.0625,1.3125],"tintindex":0,"rotation":0,"texture":"#0"},"north":{"uv":[9.8125,0.0,10.0625,0.3125],"tintindex":0,"rotation":0,"texture":"#0"},"west":{"uv":[2.3125,9.8125,2.5625,10.125],"tintindex":0,"rotation":0,"texture":"#0"},"up":{"uv":[5.1875,6.0625,4.9375,5.8125],"tintindex":0,"rotation":0,"texture":"#0"},"down":{"uv":[6.9375,9.875,6.6875,10.125],"tintindex":0,"rotation":0,"texture":"#0"}},"rotation":{"origin":[6.763672,11.221537,8.072984],"angle":45.0,"axis":"x"}},{"from":[11.842162,6.1288514,8.99342],"to":[11.842162,12.628851,14.83441],"faces":{"east":{"uv":[6.5,6.125,5.75,6.9375],"tintindex":0,"rotation":0,"texture":"#0"},"west":{"uv":[5.75,6.125,6.5,6.9375],"tintindex":0,"rotation":0,"texture":"#0"}},"rotation":{"origin":[10.251172,8.128851,10.58441],"angle":45.0,"axis":"y"}}],"display":{"gui":{"rotation":[30,225,0]}}}