{"textures":{"0":"modelengine:entity/shadow_dragon"},"elements":[{"from":[9.444445,2.8571668,2.4339762],"to":[11.444445,5.857167,4.433976],"faces":{"east":{"uv":[10.1875,8.3125,10.0625,8.5],"tintindex":0,"rotation":0,"texture":"#0"},"south":{"uv":[6.0,8.8125,5.875,9.0],"tintindex":0,"rotation":0,"texture":"#0"},"north":{"uv":[8.5,1.125,8.375,1.3125],"tintindex":0,"rotation":0,"texture":"#0"},"west":{"uv":[7.5625,8.5,7.4375,8.6875],"tintindex":0,"rotation":0,"texture":"#0"},"up":{"uv":[0.375,9.5625,0.5,9.4375],"tintindex":0,"rotation":0,"texture":"#0"},"down":{"uv":[2.4375,10.1875,2.5625,10.3125],"tintindex":0,"rotation":0,"texture":"#0"}},"rotation":{"origin":[10.444445,4.357167,3.4339762],"angle":22.5,"axis":"x"}},{"from":[4.9954195,-0.6644716,6.484952],"to":[7.9954195,3.3355284,6.484952],"faces":{"south":{"uv":[7.25,9.9375,7.4375,10.1875],"tintindex":0,"rotation":0,"texture":"#0"},"north":{"uv":[7.4375,9.9375,7.25,10.1875],"tintindex":0,"rotation":0,"texture":"#0"}}},{"from":[7.4444447,2.8571668,2.4339762],"to":[9.444445,5.857167,4.433976],"faces":{"east":{"uv":[10.1875,8.3125,10.0625,8.5],"tintindex":0,"rotation":0,"texture":"#0"},"south":{"uv":[6.0,8.8125,5.875,9.0],"tintindex":0,"rotation":0,"texture":"#0"},"north":{"uv":[8.5,1.125,8.375,1.3125],"tintindex":0,"rotation":0,"texture":"#0"},"west":{"uv":[7.5625,8.5,7.4375,8.6875],"tintindex":0,"rotation":0,"texture":"#0"},"up":{"uv":[0.375,9.5625,0.5,9.4375],"tintindex":0,"rotation":0,"texture":"#0"},"down":{"uv":[2.4375,10.1875,2.5625,10.3125],"tintindex":0,"rotation":0,"texture":"#0"}},"rotation":{"origin":[10.444445,4.357167,3.4339762],"angle":22.5,"axis":"x"}},{"from":[6.4444447,-0.6644716,2.0359259],"to":[6.4444447,3.3355284,5.035926],"faces":{"east":{"uv":[7.4375,9.9375,7.25,10.1875],"tintindex":0,"rotation":0,"texture":"#0"},"west":{"uv":[7.25,9.9375,7.4375,10.1875],"tintindex":0,"rotation":0,"texture":"#0"}}},{"from":[10.444445,-0.6644716,2.0359259],"to":[10.444445,3.3355284,5.035926],"faces":{"east":{"uv":[7.4375,9.9375,7.25,10.1875],"tintindex":0,"rotation":0,"texture":"#0"},"west":{"uv":[7.25,9.9375,7.4375,10.1875],"tintindex":0,"rotation":0,"texture":"#0"}}},{"from":[5.4444447,2.8571668,2.4339762],"to":[7.4444447,5.857167,4.433976],"faces":{"east":{"uv":[10.1875,8.3125,10.0625,8.5],"tintindex":0,"rotation":0,"texture":"#0"},"south":{"uv":[6.0,8.8125,5.875,9.0],"tintindex":0,"rotation":0,"texture":"#0"},"north":{"uv":[8.5,1.125,8.375,1.3125],"tintindex":0,"rotation":0,"texture":"#0"},"west":{"uv":[7.5625,8.5,7.4375,8.6875],"tintindex":0,"rotation":0,"texture":"#0"},"up":{"uv":[0.375,9.5625,0.5,9.4375],"tintindex":0,"rotation":0,"texture":"#0"},"down":{"uv":[2.4375,10.1875,2.5625,10.3125],"tintindex":0,"rotation":0,"texture":"#0"}},"rotation":{"origin":[10.444445,4.357167,3.4339762],"angle":22.5,"axis":"x"}},{"from":[5.39347,2.8571668,5.484952],"to":[7.39347,5.857167,7.484952],"faces":{"east":{"uv":[10.25,0.625,10.125,0.8125],"tintindex":0,"rotation":0,"texture":"#0"},"south":{"uv":[10.25,0.0,10.125,0.1875],"tintindex":0,"rotation":0,"texture":"#0"},"north":{"uv":[8.5,10.0625,8.375,10.25],"tintindex":0,"rotation":0,"texture":"#0"},"west":{"uv":[10.1875,9.1875,10.0625,9.375],"tintindex":0,"rotation":0,"texture":"#0"},"up":{"uv":[5.6875,10.3125,5.8125,10.1875],"tintindex":0,"rotation":0,"texture":"#0"},"down":{"uv":[5.875,10.1875,6.0,10.3125],"tintindex":0,"rotation":0,"texture":"#0"}},"rotation":{"origin":[6.39347,4.357167,6.484952],"angle":-22.5,"axis":"z"}},{"from":[8.444445,-0.6644716,2.0359259],"to":[8.444445,3.3355284,5.035926],"faces":{"east":{"uv":[7.4375,9.9375,7.25,10.1875],"tintindex":0,"rotation":0,"texture":"#0"},"west":{"uv":[7.25,9.9375,7.4375,10.1875],"tintindex":0,"rotation":0,"texture":"#0"}}},{"from":[5.9444447,4.479223,3.7661028],"to":[10.944445,8.479223,8.766103],"faces":{"east":{"uv":[10.0625,2.5,9.75,2.75],"tintindex":0,"rotation":0,"texture":"#0"},"south":{"uv":[7.9375,9.6875,7.625,9.9375],"tintindex":0,"rotation":0,"texture":"#0"},"north":{"uv":[7.9375,9.6875,7.625,9.9375],"tintindex":0,"rotation":0,"texture":"#0"},"west":{"uv":[10.0625,2.5,9.75,2.75],"tintindex":0,"rotation":0,"texture":"#0"},"up":{"uv":[7.25,9.875,7.5625,9.5625],"tintindex":0,"rotation":0,"texture":"#0"},"down":{"uv":[7.25,9.875,7.5625,9.5625],"tintindex":0,"rotation":0,"texture":"#0"}},"rotation":{"origin":[8.444445,6.479223,6.266103],"angle":-45.0,"axis":"x"}}],"display":{"gui":{"rotation":[30,225,0]}}}