{"textures":{"0":"modelengine:entity/shadow_dragon"},"elements":[{"from":[9.0,3.241837,2.762354],"to":[11.0,6.241837,4.762354],"faces":{"east":{"uv":[10.1875,8.3125,10.0625,8.5],"tintindex":0,"rotation":0,"texture":"#0"},"south":{"uv":[6.0,8.8125,5.875,9.0],"tintindex":0,"rotation":0,"texture":"#0"},"north":{"uv":[8.5,1.125,8.375,1.3125],"tintindex":0,"rotation":0,"texture":"#0"},"west":{"uv":[7.5625,8.5,7.4375,8.6875],"tintindex":0,"rotation":0,"texture":"#0"},"up":{"uv":[0.375,9.5625,0.5,9.4375],"tintindex":0,"rotation":0,"texture":"#0"},"down":{"uv":[2.4375,10.1875,2.5625,10.3125],"tintindex":0,"rotation":0,"texture":"#0"}},"rotation":{"origin":[10.0,4.741837,3.762354],"angle":22.5,"axis":"x"}},{"from":[8.0,-0.27980137,2.3643036],"to":[8.0,3.7201986,5.3643036],"faces":{"east":{"uv":[7.4375,9.9375,7.25,10.1875],"tintindex":0,"rotation":0,"texture":"#0"},"west":{"uv":[7.25,9.9375,7.4375,10.1875],"tintindex":0,"rotation":0,"texture":"#0"}}},{"from":[7.0,3.241837,2.762354],"to":[9.0,6.241837,4.762354],"faces":{"east":{"uv":[10.1875,8.3125,10.0625,8.5],"tintindex":0,"rotation":0,"texture":"#0"},"south":{"uv":[6.0,8.8125,5.875,9.0],"tintindex":0,"rotation":0,"texture":"#0"},"north":{"uv":[8.5,1.125,8.375,1.3125],"tintindex":0,"rotation":0,"texture":"#0"},"west":{"uv":[7.5625,8.5,7.4375,8.6875],"tintindex":0,"rotation":0,"texture":"#0"},"up":{"uv":[0.375,9.5625,0.5,9.4375],"tintindex":0,"rotation":0,"texture":"#0"},"down":{"uv":[2.4375,10.1875,2.5625,10.3125],"tintindex":0,"rotation":0,"texture":"#0"}},"rotation":{"origin":[10.0,4.741837,3.762354],"angle":22.5,"axis":"x"}},{"from":[5.5,4.8638935,4.09448],"to":[10.5,8.8638935,9.09448],"faces":{"east":{"uv":[10.0625,2.5,9.75,2.75],"tintindex":0,"rotation":0,"texture":"#0"},"south":{"uv":[7.9375,9.6875,7.625,9.9375],"tintindex":0,"rotation":0,"texture":"#0"},"north":{"uv":[7.9375,9.6875,7.625,9.9375],"tintindex":0,"rotation":0,"texture":"#0"},"west":{"uv":[10.0625,2.5,9.75,2.75],"tintindex":0,"rotation":0,"texture":"#0"},"up":{"uv":[7.25,9.875,7.5625,9.5625],"tintindex":0,"rotation":0,"texture":"#0"},"down":{"uv":[7.25,9.875,7.5625,9.5625],"tintindex":0,"rotation":0,"texture":"#0"}},"rotation":{"origin":[8.0,6.863893,6.5944796],"angle":-45.0,"axis":"x"}},{"from":[6.0,-0.27980137,2.3643036],"to":[6.0,3.7201986,5.3643036],"faces":{"east":{"uv":[7.4375,9.9375,7.25,10.1875],"tintindex":0,"rotation":0,"texture":"#0"},"west":{"uv":[7.25,9.9375,7.4375,10.1875],"tintindex":0,"rotation":0,"texture":"#0"}}},{"from":[5.0,3.241837,2.762354],"to":[7.0,6.241837,4.762354],"faces":{"east":{"uv":[10.1875,8.3125,10.0625,8.5],"tintindex":0,"rotation":0,"texture":"#0"},"south":{"uv":[6.0,8.8125,5.875,9.0],"tintindex":0,"rotation":0,"texture":"#0"},"north":{"uv":[8.5,1.125,8.375,1.3125],"tintindex":0,"rotation":0,"texture":"#0"},"west":{"uv":[7.5625,8.5,7.4375,8.6875],"tintindex":0,"rotation":0,"texture":"#0"},"up":{"uv":[0.375,9.5625,0.5,9.4375],"tintindex":0,"rotation":0,"texture":"#0"},"down":{"uv":[2.4375,10.1875,2.5625,10.3125],"tintindex":0,"rotation":0,"texture":"#0"}},"rotation":{"origin":[10.0,4.741837,3.762354],"angle":22.5,"axis":"x"}},{"from":[10.0,-0.27980137,2.3643036],"to":[10.0,3.7201986,5.3643036],"faces":{"east":{"uv":[7.4375,9.9375,7.25,10.1875],"tintindex":0,"rotation":0,"texture":"#0"},"west":{"uv":[7.25,9.9375,7.4375,10.1875],"tintindex":0,"rotation":0,"texture":"#0"}}}],"display":{"gui":{"rotation":[30,225,0]}}}