{"textures":{"0":"modelengine:entity/shadow_dragon","1":"modelengine:entity/shadow_spirit"},"elements":[{"from":[1.3366213,8.765575,-5.348488],"to":[1.3366213,19.765577,10.651512],"faces":{"east":{"uv":[4.0625,3.0,0.0625,5.75],"tintindex":0,"rotation":0,"texture":"#1"},"west":{"uv":[0.0625,3.0,4.0625,5.75],"tintindex":0,"rotation":0,"texture":"#1"}},"rotation":{"origin":[-2.6633787,19.265577,1.6515121],"angle":-45.0,"axis":"x"}},{"from":[1.3366213,11.937149,-10.176914],"to":[1.3366213,22.937147,5.823085],"faces":{"east":{"uv":[4.0625,3.0,0.0625,5.75],"tintindex":0,"rotation":0,"texture":"#1"},"west":{"uv":[0.0625,3.0,4.0625,5.75],"tintindex":0,"rotation":0,"texture":"#1"}},"rotation":{"origin":[8.0,16.43715,-1.1769152],"angle":-45.0,"axis":"x"}},{"from":[14.663379,11.937149,-10.176914],"to":[14.663379,22.937147,5.823085],"faces":{"east":{"uv":[4.0625,3.0,0.0625,5.75],"tintindex":0,"rotation":0,"texture":"#1"},"west":{"uv":[0.0625,3.0,4.0625,5.75],"tintindex":0,"rotation":0,"texture":"#1"}},"rotation":{"origin":[8.0,16.43715,-1.1769152],"angle":-45.0,"axis":"x"}},{"from":[1.0,0.44555473,-9.583122],"to":[15.0,14.445555,8.416879],"faces":{"east":{"uv":[4.625,0.0,5.75,0.875],"tintindex":0,"rotation":0,"texture":"#0"},"south":{"uv":[5.25,4.25,6.125,5.125],"tintindex":0,"rotation":0,"texture":"#0"},"north":{"uv":[5.25,4.25,6.125,5.125],"tintindex":0,"rotation":0,"texture":"#0"},"west":{"uv":[4.625,0.9375,5.75,1.8125],"tintindex":0,"rotation":0,"texture":"#0"},"up":{"uv":[5.5,3.0,4.625,1.875],"tintindex":0,"rotation":0,"texture":"#0"},"down":{"uv":[6.125,3.0625,5.25,4.1875],"tintindex":0,"rotation":0,"texture":"#0"}}},{"from":[14.663379,8.765575,-5.348488],"to":[14.663379,19.765577,10.651512],"faces":{"east":{"uv":[4.0625,3.0,0.0625,5.75],"tintindex":0,"rotation":0,"texture":"#1"},"west":{"uv":[0.0625,3.0,4.0625,5.75],"tintindex":0,"rotation":0,"texture":"#1"}},"rotation":{"origin":[18.66338,19.265577,1.6515121],"angle":-45.0,"axis":"x"}}],"display":{"gui":{"rotation":[30,225,0]}}}