{"textures":{"0":"modelengine:entity/shadow_dragon"},"elements":[{"from":[7.0,7.75,7.460636],"to":[9.0,10.75,20.460636],"faces":{"east":{"uv":[9.125,4.125,9.9375,4.3125],"tintindex":0,"rotation":0,"texture":"#0"},"south":{"uv":[7.625,2.375,7.75,2.5625],"tintindex":0,"rotation":0,"texture":"#0"},"north":{"uv":[4.75,6.75,4.875,6.9375],"tintindex":0,"rotation":0,"texture":"#0"},"west":{"uv":[9.125,5.0,9.9375,5.1875],"tintindex":0,"rotation":0,"texture":"#0"},"up":{"uv":[3.3125,10.0625,3.1875,9.25],"tintindex":0,"rotation":0,"texture":"#0"},"down":{"uv":[7.1875,9.3125,7.0625,10.125],"tintindex":0,"rotation":0,"texture":"#0"}},"rotation":{"origin":[8.0,10.25,10.210636],"angle":-22.5,"axis":"x"}},{"from":[8.0,2.75,10.460636],"to":[8.0,16.75,29.460632],"faces":{"east":{"uv":[4.0,3.5625,5.1875,4.4375],"tintindex":0,"rotation":0,"texture":"#0"},"west":{"uv":[4.0,4.5,5.1875,5.375],"tintindex":0,"rotation":0,"texture":"#0"}},"rotation":{"origin":[9.0,10.25,10.210636],"angle":-22.5,"axis":"x"}}],"display":{"gui":{"rotation":[30,225,0]}}}