{"textures":{"0":"modelengine:entity/shadow_dragon"},"elements":[{"from":[4.0022726,2.734171,-0.4551239],"to":[12.002273,13.734171,8.544876],"faces":{"east":{"uv":[0.625,7.75,1.1875,8.4375],"tintindex":0,"rotation":0,"texture":"#0"},"south":{"uv":[7.875,7.375,8.375,8.0625],"tintindex":0,"rotation":0,"texture":"#0"},"north":{"uv":[7.875,7.375,8.375,8.0625],"tintindex":0,"rotation":0,"texture":"#0"},"west":{"uv":[1.25,7.75,1.8125,8.4375],"tintindex":0,"rotation":0,"texture":"#0"},"up":{"uv":[4.25,9.0,3.75,8.4375],"tintindex":0,"rotation":0,"texture":"#0"},"down":{"uv":[6.5625,8.4375,6.0625,9.0],"tintindex":0,"rotation":0,"texture":"#0"}}}],"display":{"gui":{"rotation":[30,225,0]}}}