{"textures":{"1":"modelengine:entity/wings_texture","3":"modelengine:entity/spark","5":"modelengine:entity/add_on"},"elements":[{"from":[-4.0168514,5.046153,6.8675],"to":[7.685648,17.126152,9.1325],"faces":{"south":{"uv":[0.0,0.050000004,16.0,16.0],"tintindex":0,"rotation":0,"texture":"#5"},"north":{"uv":[16.0,0.050000004,0.0,16.0],"tintindex":0,"rotation":0,"texture":"#5"}}},{"from":[8.314352,-6.655863,6.8675],"to":[20.016851,5.424137,9.1325],"faces":{"south":{"uv":[16.0,16.0,0.0,0.0],"tintindex":0,"rotation":0,"texture":"#5"},"north":{"uv":[0.0,16.0,16.0,0.0],"tintindex":0,"rotation":0,"texture":"#5"}}},{"from":[9.812,-7.7886047,4.376],"to":[11.02,-6.2786045,5.584],"faces":{"east":{"uv":[9.58333,2.0,9.33333,2.3333302],"tintindex":0,"rotation":0,"texture":"#1"},"south":{"uv":[9.58333,1.33333,9.33333,1.6666701],"tintindex":0,"rotation":0,"texture":"#1"},"north":{"uv":[9.25,8.0,9.0,8.33333],"tintindex":0,"rotation":0,"texture":"#1"},"west":{"uv":[9.25,8.66667,9.0,9.0],"tintindex":0,"rotation":0,"texture":"#1"},"up":{"uv":[10.0,3.5833302,10.25,3.3333302],"tintindex":0,"rotation":0,"texture":"#1"},"down":{"uv":[10.0,4.0,10.25,4.25],"tintindex":0,"rotation":0,"texture":"#1"}}},{"from":[15.5573845,0.21927261,4.6025],"to":[17.822384,1.2007723,5.3575],"faces":{"east":{"uv":[6.83333,10.33333,6.66667,10.58333],"tintindex":0,"rotation":0,"texture":"#1"},"south":{"uv":[9.16667,0.66667,8.66667,0.91667],"tintindex":0,"rotation":0,"texture":"#1"},"north":{"uv":[9.16667,0.0,8.66667,0.25],"tintindex":0,"rotation":0,"texture":"#1"},"west":{"uv":[10.5,6.0,10.33333,6.25],"tintindex":0,"rotation":0,"texture":"#1"},"up":{"uv":[9.33333,5.5,9.83333,5.33333],"tintindex":0,"rotation":0,"texture":"#1"},"down":{"uv":[9.33333,6.0,9.83333,6.16667],"tintindex":0,"rotation":0,"texture":"#1"}},"rotation":{"origin":[20.00299,-4.4995832,7.9414873],"angle":45.0,"axis":"z"}},{"from":[16.241852,3.5361538,4.6025],"to":[27.944351,15.616153,5.3575],"faces":{"south":{"uv":[16.0,0.050000004,0.0,16.0],"tintindex":0,"rotation":0,"texture":"#5"},"north":{"uv":[0.0,0.050000004,16.0,16.0],"tintindex":0,"rotation":0,"texture":"#5"}}},{"from":[-13.835808,-14.520699,4.97547],"to":[7.681692,6.9968014,5.35297],"faces":{"south":{"uv":[4.75,11.25,0.0,16.0],"tintindex":0,"rotation":90,"texture":"#1"},"north":{"uv":[0.0,11.25,4.75,16.0],"tintindex":0,"rotation":270,"texture":"#1"}},"rotation":{"origin":[3.242322,-5.977375,5.1102376],"angle":22.5,"axis":"y"}},{"from":[0.23061228,-7.5578623,4.56475],"to":[2.4956121,-5.292862,5.39525],"faces":{"east":{"uv":[7.66667,9.33333,7.83333,9.83333],"tintindex":0,"rotation":0,"texture":"#1"},"south":{"uv":[6.66667,1.0,7.16667,1.5],"tintindex":0,"rotation":0,"texture":"#1"},"north":{"uv":[6.66667,0.0,7.16667,0.5],"tintindex":0,"rotation":0,"texture":"#1"},"west":{"uv":[8.33333,9.33333,8.5,9.83333],"tintindex":0,"rotation":0,"texture":"#1"},"up":{"uv":[9.5,9.5,9.0,9.33333],"tintindex":0,"rotation":0,"texture":"#1"},"down":{"uv":[10.16667,0.0,9.66667,0.16667001],"tintindex":0,"rotation":0,"texture":"#1"}},"rotation":{"origin":[-4.00299,-4.4995832,7.9414873],"angle":22.5,"axis":"z"}},{"from":[-7.1000004,-7.1147223,7.6225],"to":[23.1,23.085278,8.3775],"faces":{"south":{"uv":[16.0,0.0,0.0,16.0],"tintindex":0,"rotation":0,"texture":"#3"},"north":{"uv":[0.0,0.0,16.0,16.0],"tintindex":0,"rotation":0,"texture":"#3"}}},{"from":[-4.0168514,-6.655863,6.8675],"to":[7.685648,5.424137,9.1325],"faces":{"south":{"uv":[0.0,16.0,16.0,0.0],"tintindex":0,"rotation":0,"texture":"#5"},"north":{"uv":[16.0,16.0,0.0,0.0],"tintindex":0,"rotation":0,"texture":"#5"}}},{"from":[6.1201406,8.33966,7.422425],"to":[7.660341,9.879859,8.577575],"faces":{"east":{"uv":[9.66667,0.66667,9.91667,1.0],"tintindex":0,"rotation":0,"texture":"#1"},"south":{"uv":[9.0,7.33333,9.33333,7.66667],"tintindex":0,"rotation":0,"texture":"#1"},"north":{"uv":[9.0,6.66667,9.33333,7.0],"tintindex":0,"rotation":0,"texture":"#1"},"west":{"uv":[9.66667,6.66667,9.91667,7.0],"tintindex":0,"rotation":0,"texture":"#1"},"up":{"uv":[10.0,7.58333,9.66667,7.33333],"tintindex":0,"rotation":0,"texture":"#1"},"down":{"uv":[10.0,8.0,9.66667,8.25],"tintindex":0,"rotation":0,"texture":"#1"}},"rotation":{"origin":[8.0,8.0,8.0],"angle":-45.0,"axis":"z"}},{"from":[6.3810687,5.630659,7.43375],"to":[7.8533187,9.028159,8.56625],"faces":{"east":{"uv":[6.0,8.0,6.25,8.75],"tintindex":0,"rotation":0,"texture":"#1"},"south":{"uv":[6.66667,3.3333302,7.0,4.08333],"tintindex":0,"rotation":0,"texture":"#1"},"north":{"uv":[6.66667,2.0,7.0,2.75],"tintindex":0,"rotation":0,"texture":"#1"},"west":{"uv":[6.66667,8.0,6.91667,8.75],"tintindex":0,"rotation":0,"texture":"#1"},"up":{"uv":[10.0,8.91667,9.66667,8.66667],"tintindex":0,"rotation":0,"texture":"#1"},"down":{"uv":[10.33333,1.33333,10.0,1.58333],"tintindex":0,"rotation":0,"texture":"#1"}},"rotation":{"origin":[8.0,8.0,8.0],"angle":-22.5,"axis":"z"}},{"from":[13.345627,-12.006504,4.36845],"to":[14.553627,-10.874002,5.59155],"faces":{"east":{"uv":[9.91667,10.0,9.66667,10.25],"tintindex":0,"rotation":0,"texture":"#1"},"south":{"uv":[10.25,9.33333,10.0,9.58333],"tintindex":0,"rotation":0,"texture":"#1"},"north":{"uv":[5.58333,10.0,5.33333,10.25],"tintindex":0,"rotation":0,"texture":"#1"},"west":{"uv":[9.25,10.0,9.0,10.25],"tintindex":0,"rotation":0,"texture":"#1"},"up":{"uv":[10.33333,0.91667,10.58333,0.66667],"tintindex":0,"rotation":0,"texture":"#1"},"down":{"uv":[10.33333,4.66667,10.58333,4.91667],"tintindex":0,"rotation":0,"texture":"#1"}},"rotation":{"origin":[18.492989,-4.877083,7.9414873],"angle":-45.0,"axis":"z"}},{"from":[-9.553736,-14.143198,4.829],"to":[11.963765,7.374302,5.2065],"faces":{"south":{"uv":[4.75,5.33333,0.0,10.08333],"tintindex":0,"rotation":90,"texture":"#1"},"north":{"uv":[0.0,5.33333,4.75,10.08333],"tintindex":0,"rotation":270,"texture":"#1"}},"rotation":{"origin":[1.2050152,-3.384449,5.01775],"angle":45.0,"axis":"z"}},{"from":[4.98,-7.7886047,4.376],"to":[6.1879997,-6.2786045,5.584],"faces":{"east":{"uv":[9.0,8.66667,9.25,9.0],"tintindex":0,"rotation":0,"texture":"#1"},"south":{"uv":[9.33333,1.33333,9.58333,1.6666701],"tintindex":0,"rotation":0,"texture":"#1"},"north":{"uv":[9.0,8.0,9.25,8.33333],"tintindex":0,"rotation":0,"texture":"#1"},"west":{"uv":[9.33333,2.0,9.58333,2.3333302],"tintindex":0,"rotation":0,"texture":"#1"},"up":{"uv":[10.25,3.5833302,10.0,3.3333302],"tintindex":0,"rotation":0,"texture":"#1"},"down":{"uv":[10.25,4.0,10.0,4.25],"tintindex":0,"rotation":0,"texture":"#1"}}},{"from":[0.020646572,-3.1994133,4.527],"to":[2.2856464,-0.93441296,5.433],"faces":{"east":{"uv":[9.33333,2.6666698,9.5,3.1666698],"tintindex":0,"rotation":0,"texture":"#1"},"south":{"uv":[6.33333,6.33333,6.83333,6.83333],"tintindex":0,"rotation":0,"texture":"#1"},"north":{"uv":[6.33333,5.33333,6.83333,5.83333],"tintindex":0,"rotation":0,"texture":"#1"},"west":{"uv":[9.33333,3.6666698,9.5,4.16667],"tintindex":0,"rotation":0,"texture":"#1"},"up":{"uv":[9.83333,4.83333,9.33333,4.66667],"tintindex":0,"rotation":0,"texture":"#1"},"down":{"uv":[5.83333,9.33333,5.33333,9.5],"tintindex":0,"rotation":0,"texture":"#1"}},"rotation":{"origin":[-4.00299,-4.4995832,7.9414873],"angle":-22.5,"axis":"z"}},{"from":[13.714354,-3.1994133,4.527],"to":[15.979353,-0.93441296,5.433],"faces":{"east":{"uv":[9.5,3.6666698,9.33333,4.16667],"tintindex":0,"rotation":0,"texture":"#1"},"south":{"uv":[6.83333,6.33333,6.33333,6.83333],"tintindex":0,"rotation":0,"texture":"#1"},"north":{"uv":[6.83333,5.33333,6.33333,5.83333],"tintindex":0,"rotation":0,"texture":"#1"},"west":{"uv":[9.5,2.6666698,9.33333,3.1666698],"tintindex":0,"rotation":0,"texture":"#1"},"up":{"uv":[9.33333,4.83333,9.83333,4.66667],"tintindex":0,"rotation":0,"texture":"#1"},"down":{"uv":[5.33333,9.33333,5.83333,9.5],"tintindex":0,"rotation":0,"texture":"#1"}},"rotation":{"origin":[20.00299,-4.4995832,7.9414873],"angle":22.5,"axis":"z"}},{"from":[4.6250443,-3.6917038,4.074],"to":[6.890044,-1.4267025,5.886],"faces":{"east":{"uv":[7.33333,6.66667,7.75,7.16667],"tintindex":0,"rotation":0,"texture":"#1"},"south":{"uv":[5.33333,6.33333,5.83333,6.83333],"tintindex":0,"rotation":0,"texture":"#1"},"north":{"uv":[5.33333,5.33333,5.83333,5.83333],"tintindex":0,"rotation":0,"texture":"#1"},"west":{"uv":[7.66667,0.0,8.08333,0.5],"tintindex":0,"rotation":0,"texture":"#1"},"up":{"uv":[8.16667,1.4166701,7.66667,1.0],"tintindex":0,"rotation":0,"texture":"#1"},"down":{"uv":[7.83333,7.66667,7.33333,8.08333],"tintindex":0,"rotation":0,"texture":"#1"}},"rotation":{"origin":[-2.4929895,-4.877083,7.9414873],"angle":-45.0,"axis":"z"}},{"from":[-4.26875,-1.3081989,8.0],"to":[20.26875,23.229301,8.0],"faces":{"south":{"uv":[0.0,0.0,4.75,4.75],"tintindex":0,"rotation":0,"texture":"#1"},"north":{"uv":[0.0,0.0,4.75,4.75],"tintindex":0,"rotation":0,"texture":"#1"}}},{"from":[15.813133,-1.1006184,4.59495],"to":[16.839931,-0.07381821,5.36505],"faces":{"east":{"uv":[8.16667,10.33333,8.0,10.58333],"tintindex":0,"rotation":0,"texture":"#1"},"south":{"uv":[6.25,10.33333,6.0,10.58333],"tintindex":0,"rotation":0,"texture":"#1"},"north":{"uv":[10.58333,5.33333,10.33333,5.58333],"tintindex":0,"rotation":0,"texture":"#1"},"west":{"uv":[10.5,7.33333,10.33333,7.58333],"tintindex":0,"rotation":0,"texture":"#1"},"up":{"uv":[10.33333,8.16667,10.58333,8.0],"tintindex":0,"rotation":0,"texture":"#1"},"down":{"uv":[10.33333,8.66667,10.58333,8.83333],"tintindex":0,"rotation":0,"texture":"#1"}},"rotation":{"origin":[20.00299,-4.4995832,7.9414873],"angle":22.5,"axis":"z"}},{"from":[0.21191835,-4.8381557,4.6025],"to":[1.1934185,-2.5731554,5.3575],"faces":{"east":{"uv":[6.33333,9.33333,6.5,9.83333],"tintindex":0,"rotation":0,"texture":"#1"},"south":{"uv":[8.66667,2.3333302,8.91667,2.8333302],"tintindex":0,"rotation":0,"texture":"#1"},"north":{"uv":[8.66667,1.33333,8.91667,1.83333],"tintindex":0,"rotation":0,"texture":"#1"},"west":{"uv":[7.0,9.33333,7.16667,9.83333],"tintindex":0,"rotation":0,"texture":"#1"},"up":{"uv":[10.58333,6.83333,10.33333,6.66667],"tintindex":0,"rotation":0,"texture":"#1"},"down":{"uv":[7.58333,10.33333,7.33333,10.5],"tintindex":0,"rotation":0,"texture":"#1"}}},{"from":[4.036235,-14.143198,4.829],"to":[25.553736,7.374302,5.2065],"faces":{"south":{"uv":[4.75,10.08333,0.0,5.33333],"tintindex":0,"rotation":90,"texture":"#1"},"north":{"uv":[0.0,10.08333,4.75,5.33333],"tintindex":0,"rotation":270,"texture":"#1"}},"rotation":{"origin":[14.794985,-3.384449,5.01775],"angle":-45.0,"axis":"z"}},{"from":[-11.944351,3.5361538,4.6025],"to":[-0.2418518,15.616153,5.3575],"faces":{"south":{"uv":[0.0,0.050000004,16.0,16.0],"tintindex":0,"rotation":0,"texture":"#5"},"north":{"uv":[16.0,0.050000004,0.0,16.0],"tintindex":0,"rotation":0,"texture":"#5"}}},{"from":[5.333325,-5.637595,4.225],"to":[6.8433247,-4.127595,5.735],"faces":{"east":{"uv":[8.66667,3.3333302,9.0,3.6666698],"tintindex":0,"rotation":0,"texture":"#1"},"south":{"uv":[8.66667,4.0,9.0,4.33333],"tintindex":0,"rotation":0,"texture":"#1"},"north":{"uv":[6.66667,4.66667,7.0,5.0],"tintindex":0,"rotation":0,"texture":"#1"},"west":{"uv":[5.33333,8.66667,5.66667,9.0],"tintindex":0,"rotation":0,"texture":"#1"},"up":{"uv":[9.0,6.33333,8.66667,6.0],"tintindex":0,"rotation":0,"texture":"#1"},"down":{"uv":[7.66667,8.66667,7.33333,9.0],"tintindex":0,"rotation":0,"texture":"#1"}},"rotation":{"origin":[-2.4929895,-4.877083,7.9414873],"angle":-22.5,"axis":"z"}},{"from":[-0.83993244,-1.1006184,4.59495],"to":[0.18686724,-0.07381821,5.36505],"faces":{"east":{"uv":[10.33333,7.33333,10.5,7.58333],"tintindex":0,"rotation":0,"texture":"#1"},"south":{"uv":[6.0,10.33333,6.25,10.58333],"tintindex":0,"rotation":0,"texture":"#1"},"north":{"uv":[10.33333,5.33333,10.58333,5.58333],"tintindex":0,"rotation":0,"texture":"#1"},"west":{"uv":[8.0,10.33333,8.16667,10.58333],"tintindex":0,"rotation":0,"texture":"#1"},"up":{"uv":[10.58333,8.16667,10.33333,8.0],"tintindex":0,"rotation":0,"texture":"#1"},"down":{"uv":[10.58333,8.66667,10.33333,8.83333],"tintindex":0,"rotation":0,"texture":"#1"}},"rotation":{"origin":[-4.00299,-4.4995832,7.9414873],"angle":-22.5,"axis":"z"}},{"from":[7.4110093,5.191491,7.3205],"to":[10.80851,8.58899,8.6795],"faces":{"east":{"uv":[7.33333,4.66667,7.66667,5.41667],"tintindex":0,"rotation":0,"texture":"#1"},"south":{"uv":[5.33333,4.0,6.08333,4.75],"tintindex":0,"rotation":0,"texture":"#1"},"north":{"uv":[5.33333,2.6666698,6.08333,3.4166698],"tintindex":0,"rotation":0,"texture":"#1"},"west":{"uv":[5.33333,7.33333,5.66667,8.08333],"tintindex":0,"rotation":0,"texture":"#1"},"up":{"uv":[6.75,7.66667,6.0,7.33333],"tintindex":0,"rotation":0,"texture":"#1"},"down":{"uv":[8.08333,6.0,7.33333,6.33333],"tintindex":0,"rotation":0,"texture":"#1"}},"rotation":{"origin":[8.0,8.0,8.0],"angle":-45.0,"axis":"z"}},{"from":[14.8065815,-4.8381557,4.6025],"to":[15.788082,-2.5731554,5.3575],"faces":{"east":{"uv":[7.16667,9.33333,7.0,9.83333],"tintindex":0,"rotation":0,"texture":"#1"},"south":{"uv":[8.91667,2.3333302,8.66667,2.8333302],"tintindex":0,"rotation":0,"texture":"#1"},"north":{"uv":[8.91667,1.33333,8.66667,1.83333],"tintindex":0,"rotation":0,"texture":"#1"},"west":{"uv":[6.5,9.33333,6.33333,9.83333],"tintindex":0,"rotation":0,"texture":"#1"},"up":{"uv":[10.33333,6.83333,10.58333,6.66667],"tintindex":0,"rotation":0,"texture":"#1"},"down":{"uv":[7.33333,10.33333,7.58333,10.5],"tintindex":0,"rotation":0,"texture":"#1"}}},{"from":[-1.8223839,0.21927261,4.6025],"to":[0.442616,1.2007723,5.3575],"faces":{"east":{"uv":[10.33333,6.0,10.5,6.25],"tintindex":0,"rotation":0,"texture":"#1"},"south":{"uv":[8.66667,0.66667,9.16667,0.91667],"tintindex":0,"rotation":0,"texture":"#1"},"north":{"uv":[8.66667,0.0,9.16667,0.25],"tintindex":0,"rotation":0,"texture":"#1"},"west":{"uv":[6.66667,10.33333,6.83333,10.58333],"tintindex":0,"rotation":0,"texture":"#1"},"up":{"uv":[9.83333,5.5,9.33333,5.33333],"tintindex":0,"rotation":0,"texture":"#1"},"down":{"uv":[9.83333,6.0,9.33333,6.16667],"tintindex":0,"rotation":0,"texture":"#1"}},"rotation":{"origin":[-4.00299,-4.4995832,7.9414873],"angle":-45.0,"axis":"z"}},{"from":[8.314352,5.046153,6.8675],"to":[20.016851,17.126152,9.1325],"faces":{"south":{"uv":[16.0,0.050000004,0.0,16.0],"tintindex":0,"rotation":0,"texture":"#5"},"north":{"uv":[0.0,0.050000004,16.0,16.0],"tintindex":0,"rotation":0,"texture":"#5"}}},{"from":[8.318308,-14.520699,4.97547],"to":[29.835808,6.9968014,5.35297],"faces":{"south":{"uv":[4.75,16.0,0.0,11.25],"tintindex":0,"rotation":90,"texture":"#1"},"north":{"uv":[0.0,16.0,4.75,11.25],"tintindex":0,"rotation":270,"texture":"#1"}},"rotation":{"origin":[12.757678,-5.977375,5.1102376],"angle":-22.5,"axis":"y"}},{"from":[9.109956,-3.6917038,4.074],"to":[11.374956,-1.4267025,5.886],"faces":{"east":{"uv":[8.08333,0.0,7.66667,0.5],"tintindex":0,"rotation":0,"texture":"#1"},"south":{"uv":[5.83333,6.33333,5.33333,6.83333],"tintindex":0,"rotation":0,"texture":"#1"},"north":{"uv":[5.83333,5.33333,5.33333,5.83333],"tintindex":0,"rotation":0,"texture":"#1"},"west":{"uv":[7.75,6.66667,7.33333,7.16667],"tintindex":0,"rotation":0,"texture":"#1"},"up":{"uv":[7.66667,1.4166701,8.16667,1.0],"tintindex":0,"rotation":0,"texture":"#1"},"down":{"uv":[7.33333,7.66667,7.83333,8.08333],"tintindex":0,"rotation":0,"texture":"#1"}},"rotation":{"origin":[18.492989,-4.877083,7.9414873],"angle":45.0,"axis":"z"}},{"from":[9.156675,-5.637595,4.225],"to":[10.666676,-4.127595,5.735],"faces":{"east":{"uv":[5.66667,8.66667,5.33333,9.0],"tintindex":0,"rotation":0,"texture":"#1"},"south":{"uv":[9.0,4.0,8.66667,4.33333],"tintindex":0,"rotation":0,"texture":"#1"},"north":{"uv":[7.0,4.66667,6.66667,5.0],"tintindex":0,"rotation":0,"texture":"#1"},"west":{"uv":[9.0,3.3333302,8.66667,3.6666698],"tintindex":0,"rotation":0,"texture":"#1"},"up":{"uv":[8.66667,6.33333,9.0,6.0],"tintindex":0,"rotation":0,"texture":"#1"},"down":{"uv":[7.33333,8.66667,7.66667,9.0],"tintindex":0,"rotation":0,"texture":"#1"}},"rotation":{"origin":[18.492989,-4.877083,7.9414873],"angle":22.5,"axis":"z"}},{"from":[6.30125,4.731802,7.377125],"to":[9.69875,8.129302,8.622875],"faces":{"east":{"uv":[8.0,2.0,8.25,2.75],"tintindex":0,"rotation":0,"texture":"#1"},"south":{"uv":[5.33333,1.33333,6.08333,2.0833302],"tintindex":0,"rotation":0,"texture":"#1"},"north":{"uv":[5.33333,0.0,6.08333,0.75],"tintindex":0,"rotation":0,"texture":"#1"},"west":{"uv":[8.0,3.3333302,8.25,4.08333],"tintindex":0,"rotation":0,"texture":"#1"},"up":{"uv":[8.75,4.91667,8.0,4.66667],"tintindex":0,"rotation":0,"texture":"#1"},"down":{"uv":[8.75,5.33333,8.0,5.58333],"tintindex":0,"rotation":0,"texture":"#1"}}},{"from":[8.146682,5.630659,7.43375],"to":[9.618932,9.028159,8.56625],"faces":{"east":{"uv":[8.33333,6.66667,8.58333,7.41667],"tintindex":0,"rotation":0,"texture":"#1"},"south":{"uv":[7.33333,3.3333302,7.66667,4.08333],"tintindex":0,"rotation":0,"texture":"#1"},"north":{"uv":[7.33333,2.0,7.66667,2.75],"tintindex":0,"rotation":0,"texture":"#1"},"west":{"uv":[8.33333,8.0,8.58333,8.75],"tintindex":0,"rotation":0,"texture":"#1"},"up":{"uv":[10.33333,2.25,10.0,2.0],"tintindex":0,"rotation":0,"texture":"#1"},"down":{"uv":[10.33333,2.6666698,10.0,2.9166698],"tintindex":0,"rotation":0,"texture":"#1"}},"rotation":{"origin":[8.0,8.0,8.0],"angle":22.5,"axis":"z"}},{"from":[1.4463735,-12.006504,4.36845],"to":[2.6543736,-10.874002,5.59155],"faces":{"east":{"uv":[9.0,10.0,9.25,10.25],"tintindex":0,"rotation":0,"texture":"#1"},"south":{"uv":[10.0,9.33333,10.25,9.58333],"tintindex":0,"rotation":0,"texture":"#1"},"north":{"uv":[5.33333,10.0,5.58333,10.25],"tintindex":0,"rotation":0,"texture":"#1"},"west":{"uv":[9.66667,10.0,9.91667,10.25],"tintindex":0,"rotation":0,"texture":"#1"},"up":{"uv":[10.58333,0.91667,10.33333,0.66667],"tintindex":0,"rotation":0,"texture":"#1"},"down":{"uv":[10.58333,4.66667,10.33333,4.91667],"tintindex":0,"rotation":0,"texture":"#1"}},"rotation":{"origin":[-2.4929895,-4.877083,7.9414873],"angle":45.0,"axis":"z"}},{"from":[13.504388,-7.5578623,4.56475],"to":[15.769388,-5.292862,5.39525],"faces":{"east":{"uv":[8.5,9.33333,8.33333,9.83333],"tintindex":0,"rotation":0,"texture":"#1"},"south":{"uv":[7.16667,1.0,6.66667,1.5],"tintindex":0,"rotation":0,"texture":"#1"},"north":{"uv":[7.16667,0.0,6.66667,0.5],"tintindex":0,"rotation":0,"texture":"#1"},"west":{"uv":[7.83333,9.33333,7.66667,9.83333],"tintindex":0,"rotation":0,"texture":"#1"},"up":{"uv":[9.0,9.5,9.5,9.33333],"tintindex":0,"rotation":0,"texture":"#1"},"down":{"uv":[9.66667,0.0,10.16667,0.16667001],"tintindex":0,"rotation":0,"texture":"#1"}},"rotation":{"origin":[20.00299,-4.4995832,7.9414873],"angle":-22.5,"axis":"z"}}],"display":{"gui":{"rotation":[30,225,0]}}}