{"textures":{"0":"modelengine:entity/ground_crack_debris_texture"},"elements":[{"from":[6.5,7.0,6.0],"to":[9.5,9.0,10.0],"faces":{"east":{"uv":[0.0,8.0,2.0,9.0],"tintindex":0,"rotation":0,"texture":"#0"},"south":{"uv":[9.0,5.5,10.5,6.5],"tintindex":0,"rotation":0,"texture":"#0"},"north":{"uv":[2.5,8.0,4.0,9.0],"tintindex":0,"rotation":0,"texture":"#0"},"west":{"uv":[8.0,0.0,10.0,1.0],"tintindex":0,"rotation":0,"texture":"#0"},"up":{"uv":[7.5,2.0,6.0,0.0],"tintindex":0,"rotation":0,"texture":"#0"},"down":{"uv":[7.5,2.5,6.0,4.5],"tintindex":0,"rotation":0,"texture":"#0"}}}],"display":{"gui":{"rotation":[30,225,0]}}}