{"textures":{"0":"modelengine:entity/god_of_death"},"elements":[{"from":[-15.373028,8.435204,2.9931254],"to":[-6.7483273,8.435204,12.849926],"faces":{"up":{"uv":[8.25,10.125,7.375,9.125],"tintindex":0,"rotation":0,"texture":"#0"},"down":{"uv":[8.25,9.125,7.375,10.125],"tintindex":0,"rotation":0,"texture":"#0"}},"rotation":{"origin":[-11.0606785,8.435204,7.921526],"angle":45.0,"axis":"z"}},{"from":[-0.044073105,2.4648972,14.082026],"to":[9.812727,8.625397,14.082026],"faces":{"south":{"uv":[3.125,10.125,2.125,10.75],"tintindex":0,"rotation":0,"texture":"#0"},"north":{"uv":[2.125,10.125,3.125,10.75],"tintindex":0,"rotation":0,"texture":"#0"}}},{"from":[-7.4925766,10.104858,2.9931254],"to":[1.132124,12.569061,12.849926],"faces":{"east":{"uv":[11.0,6.625,12.0,6.875],"tintindex":0,"rotation":0,"texture":"#0"},"south":{"uv":[11.125,3.625,12.0,3.875],"tintindex":0,"rotation":0,"texture":"#0"},"north":{"uv":[11.125,3.25,12.0,3.5],"tintindex":0,"rotation":0,"texture":"#0"},"west":{"uv":[11.125,0.75,12.125,1.0],"tintindex":0,"rotation":0,"texture":"#0"},"up":{"uv":[5.125,7.25,4.25,6.25],"tintindex":0,"rotation":0,"texture":"#0"},"down":{"uv":[7.25,9.125,6.375,10.125],"tintindex":0,"rotation":0,"texture":"#0"}},"rotation":{"origin":[-5.0283775,10.720909,5.457326],"angle":22.5,"axis":"z"}},{"from":[-0.044073105,8.625397,1.7610254],"to":[9.812727,14.785904,14.082026],"faces":{"east":{"uv":[9.25,1.25,10.5,1.875],"tintindex":0,"rotation":0,"texture":"#0"},"south":{"uv":[10.125,0.0,11.125,0.625],"tintindex":0,"rotation":0,"texture":"#0"},"north":{"uv":[10.0,2.0,11.0,2.625],"tintindex":0,"rotation":0,"texture":"#0"},"west":{"uv":[9.375,8.875,10.625,9.5],"tintindex":0,"rotation":0,"texture":"#0"},"up":{"uv":[5.25,8.625,4.25,7.375],"tintindex":0,"rotation":0,"texture":"#0"},"down":{"uv":[6.375,7.375,5.375,8.625],"tintindex":0,"rotation":0,"texture":"#0"}}},{"from":[-8.668774,1.8488541,3.6091757],"to":[6.1164265,10.473549,12.233875],"faces":{"east":{"uv":[9.375,9.625,10.25,10.5],"tintindex":0,"rotation":0,"texture":"#0"},"south":{"uv":[7.0,4.375,8.5,5.25],"tintindex":0,"rotation":0,"texture":"#0"},"north":{"uv":[6.75,6.0,8.25,6.875],"tintindex":0,"rotation":0,"texture":"#0"},"west":{"uv":[9.375,9.625,10.25,10.5],"tintindex":0,"rotation":0,"texture":"#0"},"up":{"uv":[8.25,7.875,6.75,7.0],"tintindex":0,"rotation":0,"texture":"#0"},"down":{"uv":[8.25,7.0,6.75,7.875],"tintindex":0,"rotation":0,"texture":"#0"}},"rotation":{"origin":[3.6522264,12.321701,9.1536255],"angle":22.5,"axis":"z"}},{"from":[-2.508274,14.785904,8.101963],"to":[8.5806265,29.571098,8.101963],"faces":{"south":{"uv":[2.875,6.25,1.75,7.75],"tintindex":0,"rotation":0,"texture":"#0"},"north":{"uv":[1.75,6.25,2.875,7.75],"tintindex":0,"rotation":0,"texture":"#0"}}},{"from":[-0.044073105,2.4648972,1.7610254],"to":[9.812727,8.625397,1.7610254],"faces":{"south":{"uv":[3.125,10.125,2.125,10.75],"tintindex":0,"rotation":0,"texture":"#0"},"north":{"uv":[2.125,10.125,3.125,10.75],"tintindex":0,"rotation":0,"texture":"#0"}}}],"display":{"gui":{"rotation":[30,225,0]}}}