{"textures":{"0":"modelengine:entity/god_of_death"},"elements":[{"from":[9.883574,1.8488541,3.6091757],"to":[24.668774,10.473549,12.233875],"faces":{"east":{"uv":[10.25,9.625,9.375,10.5],"tintindex":0,"rotation":0,"texture":"#0"},"south":{"uv":[8.5,4.375,7.0,5.25],"tintindex":0,"rotation":0,"texture":"#0"},"north":{"uv":[8.25,6.0,6.75,6.875],"tintindex":0,"rotation":0,"texture":"#0"},"west":{"uv":[10.25,9.625,9.375,10.5],"tintindex":0,"rotation":0,"texture":"#0"},"up":{"uv":[6.75,7.875,8.25,7.0],"tintindex":0,"rotation":0,"texture":"#0"},"down":{"uv":[6.75,7.0,8.25,7.875],"tintindex":0,"rotation":0,"texture":"#0"}},"rotation":{"origin":[12.347774,12.321701,9.1536255],"angle":-22.5,"axis":"z"}},{"from":[14.867876,10.104858,2.9931254],"to":[23.492577,12.569061,12.849926],"faces":{"east":{"uv":[12.125,0.75,11.125,1.0],"tintindex":0,"rotation":0,"texture":"#0"},"south":{"uv":[12.0,3.625,11.125,3.875],"tintindex":0,"rotation":0,"texture":"#0"},"north":{"uv":[12.0,3.25,11.125,3.5],"tintindex":0,"rotation":0,"texture":"#0"},"west":{"uv":[12.0,6.625,11.0,6.875],"tintindex":0,"rotation":0,"texture":"#0"},"up":{"uv":[4.25,7.25,5.125,6.25],"tintindex":0,"rotation":0,"texture":"#0"},"down":{"uv":[6.375,9.125,7.25,10.125],"tintindex":0,"rotation":0,"texture":"#0"}},"rotation":{"origin":[21.028378,10.720909,5.457326],"angle":-22.5,"axis":"z"}},{"from":[6.187273,2.4648972,14.082026],"to":[16.044073,8.625397,14.082026],"faces":{"south":{"uv":[2.125,10.125,3.125,10.75],"tintindex":0,"rotation":0,"texture":"#0"},"north":{"uv":[3.125,10.125,2.125,10.75],"tintindex":0,"rotation":0,"texture":"#0"}}},{"from":[7.4193735,14.785904,8.101963],"to":[18.508274,29.571098,8.101963],"faces":{"south":{"uv":[1.75,6.25,2.875,7.75],"tintindex":0,"rotation":0,"texture":"#0"},"north":{"uv":[2.875,6.25,1.75,7.75],"tintindex":0,"rotation":0,"texture":"#0"}}},{"from":[6.187273,8.625397,1.7610254],"to":[16.044073,14.785904,14.082026],"faces":{"east":{"uv":[10.625,8.875,9.375,9.5],"tintindex":0,"rotation":0,"texture":"#0"},"south":{"uv":[11.125,0.0,10.125,0.625],"tintindex":0,"rotation":0,"texture":"#0"},"north":{"uv":[11.0,2.0,10.0,2.625],"tintindex":0,"rotation":0,"texture":"#0"},"west":{"uv":[10.5,1.25,9.25,1.875],"tintindex":0,"rotation":0,"texture":"#0"},"up":{"uv":[4.25,8.625,5.25,7.375],"tintindex":0,"rotation":0,"texture":"#0"},"down":{"uv":[5.375,7.375,6.375,8.625],"tintindex":0,"rotation":0,"texture":"#0"}}},{"from":[6.187273,2.4648972,1.7610254],"to":[16.044073,8.625397,1.7610254],"faces":{"south":{"uv":[2.125,10.125,3.125,10.75],"tintindex":0,"rotation":0,"texture":"#0"},"north":{"uv":[3.125,10.125,2.125,10.75],"tintindex":0,"rotation":0,"texture":"#0"}}},{"from":[22.748327,8.435204,2.9931254],"to":[31.373028,8.435204,12.849926],"faces":{"up":{"uv":[7.375,10.125,8.25,9.125],"tintindex":0,"rotation":0,"texture":"#0"},"down":{"uv":[7.375,9.125,8.25,10.125],"tintindex":0,"rotation":0,"texture":"#0"}},"rotation":{"origin":[27.060678,8.435204,7.921526],"angle":-45.0,"axis":"z"}}],"display":{"gui":{"rotation":[30,225,0]}}}