{"textures":{"0":"modelengine:entity/god_of_death"},"elements":[{"from":[-1.2407503,5.78154,-3.1438856],"to":[17.24075,18.102543,9.1771145],"faces":{"east":{"uv":[6.75,0.0,8.0,1.25],"tintindex":0,"rotation":0,"texture":"#0"},"south":{"uv":[0.0,4.5,1.875,3.25],"tintindex":0,"rotation":0,"texture":"#0"},"north":{"uv":[0.0,3.25,1.875,4.5],"tintindex":0,"rotation":0,"texture":"#0"},"west":{"uv":[6.75,1.375,8.0,2.625],"tintindex":0,"rotation":0,"texture":"#0"},"up":{"uv":[1.875,5.875,0.0,4.625],"tintindex":0,"rotation":0,"texture":"#0"},"down":{"uv":[1.875,4.625,0.0,5.875],"tintindex":0,"rotation":0,"texture":"#0"}},"rotation":{"origin":[8.0,7.0136414,7.020939],"angle":45.0,"axis":"x"}}],"display":{"gui":{"rotation":[30,225,0]}}}