{"textures":{"0":"modelengine:entity/axe_babarian"},"elements":[{"from":[7.65,16.477049,-8.013115],"to":[8.35,21.477049,-6.013116],"faces":{"east":{"uv":[4.0,8.75,4.5,10.0],"tintindex":0,"rotation":0,"texture":"#0"},"south":{"uv":[1.0,11.25,1.25,12.5],"tintindex":0,"rotation":0,"texture":"#0"},"north":{"uv":[0.5,11.25,0.75,12.5],"tintindex":0,"rotation":0,"texture":"#0"},"west":{"uv":[9.0,0.0,9.5,1.25],"tintindex":0,"rotation":0,"texture":"#0"},"up":{"uv":[1.25,13.25,1.0,12.75],"tintindex":0,"rotation":0,"texture":"#0"},"down":{"uv":[13.0,1.0,12.75,1.5],"tintindex":0,"rotation":0,"texture":"#0"}},"rotation":{"origin":[8.1,13.0663395,7.253565],"angle":45.0,"axis":"x"}},{"from":[7.6375,15.674219,14.585825],"to":[8.3625,19.67422,18.585823],"faces":{"east":{"uv":[2.5,7.5,3.5,8.5],"tintindex":0,"rotation":0,"texture":"#0"},"south":{"uv":[11.5,11.5,11.75,12.5],"tintindex":0,"rotation":0,"texture":"#0"},"north":{"uv":[11.0,11.5,11.25,12.5],"tintindex":0,"rotation":0,"texture":"#0"},"west":{"uv":[3.75,7.5,4.75,8.5],"tintindex":0,"rotation":0,"texture":"#0"},"up":{"uv":[0.25,12.75,0.0,11.75],"tintindex":0,"rotation":0,"texture":"#0"},"down":{"uv":[3.0,11.75,2.75,12.75],"tintindex":0,"rotation":0,"texture":"#0"}},"rotation":{"origin":[7.8625,13.0663395,5.253565],"angle":-22.5,"axis":"x"}},{"from":[7.6375,11.735309,-1.9754553],"to":[8.3625,16.73531,2.0245442],"faces":{"east":{"uv":[6.5,3.25,7.5,4.5],"tintindex":0,"rotation":0,"texture":"#0"},"south":{"uv":[10.5,11.0,10.75,12.25],"tintindex":0,"rotation":0,"texture":"#0"},"north":{"uv":[11.0,10.0,11.25,11.25],"tintindex":0,"rotation":0,"texture":"#0"},"west":{"uv":[6.5,4.75,7.5,6.0],"tintindex":0,"rotation":0,"texture":"#0"},"up":{"uv":[3.5,12.75,3.25,11.75],"tintindex":0,"rotation":0,"texture":"#0"},"down":{"uv":[12.0,3.75,11.75,4.75],"tintindex":0,"rotation":0,"texture":"#0"}},"rotation":{"origin":[8.1125,13.0663395,7.253565],"angle":22.5,"axis":"x"}},{"from":[8.72782,21.841879,7.056245],"to":[11.727819,23.841879,9.056245],"faces":{"east":{"uv":[12.5,2.5,12.0,3.0],"tintindex":0,"rotation":0,"texture":"#0"},"south":{"uv":[11.25,1.5,10.5,2.0],"tintindex":0,"rotation":0,"texture":"#0"},"north":{"uv":[10.75,10.25,10.0,10.75],"tintindex":0,"rotation":0,"texture":"#0"},"west":{"uv":[12.5,1.75,12.0,2.25],"tintindex":0,"rotation":0,"texture":"#0"},"up":{"uv":[10.5,2.75,11.25,2.25],"tintindex":0,"rotation":0,"texture":"#0"},"down":{"uv":[5.5,10.5,6.25,11.0],"tintindex":0,"rotation":0,"texture":"#0"}},"rotation":{"origin":[11.335751,23.238409,8.056245],"angle":22.5,"axis":"z"}},{"from":[7.6125,18.40804,9.956184],"to":[8.3875,23.40804,12.956184],"faces":{"east":{"uv":[3.5,6.0,4.25,7.25],"tintindex":0,"rotation":0,"texture":"#0"},"south":{"uv":[7.5,11.0,7.75,12.25],"tintindex":0,"rotation":0,"texture":"#0"},"north":{"uv":[5.0,11.0,5.25,12.25],"tintindex":0,"rotation":0,"texture":"#0"},"west":{"uv":[7.75,6.25,8.5,7.5],"tintindex":0,"rotation":0,"texture":"#0"},"up":{"uv":[6.75,12.75,6.5,12.0],"tintindex":0,"rotation":0,"texture":"#0"},"down":{"uv":[12.25,11.25,12.0,12.0],"tintindex":0,"rotation":0,"texture":"#0"}}},{"from":[4.08666,24.08743,3.1894145],"to":[5.08666,25.08743,6.1894145],"faces":{"east":{"uv":[13.25,7.25,12.5,7.5],"tintindex":0,"rotation":0,"texture":"#0"},"south":{"uv":[13.0,3.25,12.75,3.5],"tintindex":0,"rotation":0,"texture":"#0"},"north":{"uv":[13.0,2.75,12.75,3.0],"tintindex":0,"rotation":0,"texture":"#0"},"west":{"uv":[13.25,6.75,12.5,7.0],"tintindex":0,"rotation":0,"texture":"#0"},"up":{"uv":[6.0,13.25,6.25,12.5],"tintindex":0,"rotation":0,"texture":"#0"},"down":{"uv":[7.5,12.5,7.75,13.25],"tintindex":0,"rotation":0,"texture":"#0"}},"rotation":{"origin":[4.81166,24.58743,6.0644145],"angle":45.0,"axis":"x"}},{"from":[10.91334,24.08743,3.1894145],"to":[11.91334,25.08743,6.1894145],"faces":{"east":{"uv":[12.5,6.75,13.25,7.0],"tintindex":0,"rotation":0,"texture":"#0"},"south":{"uv":[12.75,3.25,13.0,3.5],"tintindex":0,"rotation":0,"texture":"#0"},"north":{"uv":[12.75,2.75,13.0,3.0],"tintindex":0,"rotation":0,"texture":"#0"},"west":{"uv":[12.5,7.25,13.25,7.5],"tintindex":0,"rotation":0,"texture":"#0"},"up":{"uv":[6.25,13.25,6.0,12.5],"tintindex":0,"rotation":0,"texture":"#0"},"down":{"uv":[7.75,12.5,7.5,13.25],"tintindex":0,"rotation":0,"texture":"#0"}},"rotation":{"origin":[11.18834,24.58743,6.0644145],"angle":45.0,"axis":"x"}},{"from":[7.0,-1.039381,-0.018054962],"to":[9.0,0.960619,4.9819446],"faces":{"east":{"uv":[9.0,1.5,10.25,2.0],"tintindex":0,"rotation":0,"texture":"#0"},"south":{"uv":[11.75,5.75,12.25,6.25],"tintindex":0,"rotation":0,"texture":"#0"},"north":{"uv":[11.75,5.0,12.25,5.5],"tintindex":0,"rotation":0,"texture":"#0"},"west":{"uv":[9.0,2.25,10.25,2.75],"tintindex":0,"rotation":0,"texture":"#0"},"up":{"uv":[9.5,4.25,9.0,3.0],"tintindex":0,"rotation":0,"texture":"#0"},"down":{"uv":[9.5,4.5,9.0,5.75],"tintindex":0,"rotation":0,"texture":"#0"}},"rotation":{"origin":[8.0,13.0663395,7.253565],"angle":-22.5,"axis":"x"}},{"from":[7.6375,18.059729,-5.545786],"to":[8.3625,22.059729,-1.5457859],"faces":{"east":{"uv":[6.5,6.25,7.5,7.25],"tintindex":0,"rotation":0,"texture":"#0"},"south":{"uv":[5.5,11.25,5.75,12.25],"tintindex":0,"rotation":0,"texture":"#0"},"north":{"uv":[2.25,11.25,2.5,12.25],"tintindex":0,"rotation":0,"texture":"#0"},"west":{"uv":[6.75,0.0,7.75,1.0],"tintindex":0,"rotation":0,"texture":"#0"},"up":{"uv":[11.5,6.5,11.25,5.5],"tintindex":0,"rotation":0,"texture":"#0"},"down":{"uv":[6.25,11.25,6.0,12.25],"tintindex":0,"rotation":0,"texture":"#0"}},"rotation":{"origin":[8.1125,13.0663395,7.253565],"angle":22.5,"axis":"x"}},{"from":[8.0,28.21605,-3.488246],"to":[8.0,31.21605,0.5117545],"faces":{"east":{"uv":[8.75,7.25,9.75,8.0],"tintindex":0,"rotation":0,"texture":"#0"},"west":{"uv":[8.75,8.25,9.75,9.0],"tintindex":0,"rotation":0,"texture":"#0"}},"rotation":{"origin":[7.5,29.21605,-3.988246],"angle":45.0,"axis":"x"}},{"from":[9.93834,23.06124,5.834755],"to":[11.93834,25.06124,8.834755],"faces":{"east":{"uv":[3.75,10.25,4.5,10.75],"tintindex":0,"rotation":0,"texture":"#0"},"south":{"uv":[1.5,12.0,2.0,12.5],"tintindex":0,"rotation":0,"texture":"#0"},"north":{"uv":[12.0,1.0,12.5,1.5],"tintindex":0,"rotation":0,"texture":"#0"},"west":{"uv":[7.5,10.25,8.25,10.75],"tintindex":0,"rotation":0,"texture":"#0"},"up":{"uv":[9.0,11.0,8.5,10.25],"tintindex":0,"rotation":0,"texture":"#0"},"down":{"uv":[9.75,10.25,9.25,11.0],"tintindex":0,"rotation":0,"texture":"#0"}},"rotation":{"origin":[11.18834,24.58743,6.0644145],"angle":22.5,"axis":"x"}},{"from":[7.625,20.647709,1.7339144],"to":[8.375,25.647709,5.7339144],"faces":{"east":{"uv":[2.25,6.0,3.25,7.25],"tintindex":0,"rotation":0,"texture":"#0"},"south":{"uv":[10.0,11.0,10.25,12.25],"tintindex":0,"rotation":0,"texture":"#0"},"north":{"uv":[8.0,11.0,8.25,12.25],"tintindex":0,"rotation":0,"texture":"#0"},"west":{"uv":[6.5,1.75,7.5,3.0],"tintindex":0,"rotation":0,"texture":"#0"},"up":{"uv":[11.5,7.75,11.25,6.75],"tintindex":0,"rotation":0,"texture":"#0"},"down":{"uv":[8.75,11.25,8.5,12.25],"tintindex":0,"rotation":0,"texture":"#0"}},"rotation":{"origin":[8.125,13.0663395,7.253565],"angle":-22.5,"axis":"x"}},{"from":[7.6125,17.90804,0.9561844],"to":[8.3875,23.90804,5.9561844],"faces":{"east":{"uv":[3.0,2.5,4.25,4.0],"tintindex":0,"rotation":0,"texture":"#0"},"south":{"uv":[0.0,10.0,0.25,11.5],"tintindex":0,"rotation":0,"texture":"#0"},"north":{"uv":[7.0,9.75,7.25,11.25],"tintindex":0,"rotation":0,"texture":"#0"},"west":{"uv":[3.0,4.25,4.25,5.75],"tintindex":0,"rotation":0,"texture":"#0"},"up":{"uv":[6.75,11.75,6.5,10.5],"tintindex":0,"rotation":0,"texture":"#0"},"down":{"uv":[4.75,11.0,4.5,12.25],"tintindex":0,"rotation":0,"texture":"#0"}}},{"from":[7.0,22.26441,6.9938445],"to":[9.0,25.26441,8.993845],"faces":{"east":{"uv":[0.5,10.25,1.0,11.0],"tintindex":0,"rotation":0,"texture":"#0"},"south":{"uv":[1.25,10.25,1.75,11.0],"tintindex":0,"rotation":0,"texture":"#0"},"north":{"uv":[10.0,8.25,10.5,9.0],"tintindex":0,"rotation":0,"texture":"#0"},"west":{"uv":[2.0,10.25,2.5,11.0],"tintindex":0,"rotation":0,"texture":"#0"},"up":{"uv":[12.25,7.0,11.75,6.5],"tintindex":0,"rotation":0,"texture":"#0"},"down":{"uv":[12.25,7.25,11.75,7.75],"tintindex":0,"rotation":0,"texture":"#0"}}},{"from":[6.0,0.9080391,5.9561844],"to":[10.0,1.9080391,9.956184],"faces":{"east":{"uv":[11.75,8.5,12.75,8.75],"tintindex":0,"rotation":0,"texture":"#0"},"south":{"uv":[12.0,0.0,13.0,0.25],"tintindex":0,"rotation":0,"texture":"#0"},"north":{"uv":[11.75,8.0,12.75,8.25],"tintindex":0,"rotation":0,"texture":"#0"},"west":{"uv":[12.0,0.5,13.0,0.75],"tintindex":0,"rotation":0,"texture":"#0"},"up":{"uv":[7.5,8.5,6.5,7.5],"tintindex":0,"rotation":0,"texture":"#0"},"down":{"uv":[8.75,1.25,7.75,2.25],"tintindex":0,"rotation":0,"texture":"#0"}}},{"from":[6.0,15.908039,5.9561844],"to":[10.0,17.90804,9.956184],"faces":{"east":{"uv":[9.75,3.75,10.75,4.25],"tintindex":0,"rotation":0,"texture":"#0"},"south":{"uv":[9.75,4.5,10.75,5.0],"tintindex":0,"rotation":0,"texture":"#0"},"north":{"uv":[9.75,3.0,10.75,3.5],"tintindex":0,"rotation":0,"texture":"#0"},"west":{"uv":[9.75,5.25,10.75,5.75],"tintindex":0,"rotation":0,"texture":"#0"},"up":{"uv":[8.75,3.5,7.75,2.5],"tintindex":0,"rotation":0,"texture":"#0"},"down":{"uv":[8.75,3.75,7.75,4.75],"tintindex":0,"rotation":0,"texture":"#0"}}},{"from":[6.5,11.908039,6.4561844],"to":[9.5,18.90804,9.456184],"faces":{"east":{"uv":[5.5,1.75,6.25,3.5],"tintindex":0,"rotation":0,"texture":"#0"},"south":{"uv":[5.5,5.75,6.25,7.5],"tintindex":0,"rotation":0,"texture":"#0"},"north":{"uv":[5.5,5.75,6.25,7.5],"tintindex":0,"rotation":0,"texture":"#0"},"west":{"uv":[5.5,5.75,6.25,7.5],"tintindex":0,"rotation":0,"texture":"#0"},"up":{"uv":[5.5,9.75,4.75,9.0],"tintindex":0,"rotation":0,"texture":"#0"},"down":{"uv":[8.25,9.25,7.5,10.0],"tintindex":0,"rotation":0,"texture":"#0"}}},{"from":[7.0,-1.0919609,6.9561844],"to":[9.0,19.90804,8.956184],"faces":{"east":{"uv":[0.75,0.0,1.25,5.25],"tintindex":0,"rotation":0,"texture":"#0"},"south":{"uv":[1.5,0.0,2.0,5.25],"tintindex":0,"rotation":0,"texture":"#0"},"north":{"uv":[0.0,0.0,0.5,5.25],"tintindex":0,"rotation":0,"texture":"#0"},"west":{"uv":[2.25,0.0,2.75,5.25],"tintindex":0,"rotation":0,"texture":"#0"},"up":{"uv":[11.5,5.25,11.0,4.75],"tintindex":0,"rotation":0,"texture":"#0"},"down":{"uv":[2.0,11.25,1.5,11.75],"tintindex":0,"rotation":0,"texture":"#0"}}},{"from":[6.5,18.90804,2.9561844],"to":[9.5,22.90804,11.956184],"faces":{"east":{"uv":[3.0,0.0,5.25,1.0],"tintindex":0,"rotation":0,"texture":"#0"},"south":{"uv":[3.0,8.75,3.75,9.75],"tintindex":0,"rotation":0,"texture":"#0"},"north":{"uv":[8.0,0.0,8.75,1.0],"tintindex":0,"rotation":0,"texture":"#0"},"west":{"uv":[3.0,1.25,5.25,2.25],"tintindex":0,"rotation":0,"texture":"#0"},"up":{"uv":[5.25,4.75,4.5,2.5],"tintindex":0,"rotation":0,"texture":"#0"},"down":{"uv":[5.25,5.0,4.5,7.25],"tintindex":0,"rotation":0,"texture":"#0"}}},{"from":[8.0,13.218209,-5.379486],"to":[8.0,17.218208,0.6205144],"faces":{"east":{"uv":[0.0,5.5,1.0,7.0],"tintindex":0,"rotation":270,"texture":"#0"},"west":{"uv":[5.5,0.0,6.5,1.5],"tintindex":0,"rotation":90,"texture":"#0"}},"rotation":{"origin":[8.0,14.968209,-1.6294861],"angle":-22.5,"axis":"x"}},{"from":[7.625,20.33771,8.836844],"to":[8.375,24.33771,12.836844],"faces":{"east":{"uv":[0.0,7.25,1.0,8.25],"tintindex":0,"rotation":0,"texture":"#0"},"south":{"uv":[9.5,11.25,9.75,12.25],"tintindex":0,"rotation":0,"texture":"#0"},"north":{"uv":[9.0,11.25,9.25,12.25],"tintindex":0,"rotation":0,"texture":"#0"},"west":{"uv":[1.25,7.5,2.25,8.5],"tintindex":0,"rotation":0,"texture":"#0"},"up":{"uv":[11.75,2.5,11.5,1.5],"tintindex":0,"rotation":0,"texture":"#0"},"down":{"uv":[7.25,11.5,7.0,12.5],"tintindex":0,"rotation":0,"texture":"#0"}},"rotation":{"origin":[7.875,13.0663395,5.253565],"angle":22.5,"axis":"x"}},{"from":[4.06166,23.06124,5.834755],"to":[6.06166,25.06124,8.834755],"faces":{"east":{"uv":[8.25,10.25,7.5,10.75],"tintindex":0,"rotation":0,"texture":"#0"},"south":{"uv":[2.0,12.0,1.5,12.5],"tintindex":0,"rotation":0,"texture":"#0"},"north":{"uv":[12.5,1.0,12.0,1.5],"tintindex":0,"rotation":0,"texture":"#0"},"west":{"uv":[4.5,10.25,3.75,10.75],"tintindex":0,"rotation":0,"texture":"#0"},"up":{"uv":[8.5,11.0,9.0,10.25],"tintindex":0,"rotation":0,"texture":"#0"},"down":{"uv":[9.25,10.25,9.75,11.0],"tintindex":0,"rotation":0,"texture":"#0"}},"rotation":{"origin":[4.81166,24.58743,6.0644145],"angle":22.5,"axis":"x"}},{"from":[8.0,20.96605,-5.988246],"to":[8.0,23.96605,-1.988246],"faces":{"east":{"uv":[6.25,8.75,7.25,9.5],"tintindex":0,"rotation":0,"texture":"#0"},"west":{"uv":[8.75,6.25,9.75,7.0],"tintindex":0,"rotation":0,"texture":"#0"}}},{"from":[6.0,12.908039,5.9561844],"to":[10.0,14.908039,9.956184],"faces":{"east":{"uv":[10.0,6.0,11.0,6.5],"tintindex":0,"rotation":0,"texture":"#0"},"south":{"uv":[10.0,6.75,11.0,7.25],"tintindex":0,"rotation":0,"texture":"#0"},"north":{"uv":[5.75,9.75,6.75,10.25],"tintindex":0,"rotation":0,"texture":"#0"},"west":{"uv":[10.0,7.5,11.0,8.0],"tintindex":0,"rotation":0,"texture":"#0"},"up":{"uv":[6.0,8.75,5.0,7.75],"tintindex":0,"rotation":0,"texture":"#0"},"down":{"uv":[8.75,5.0,7.75,6.0],"tintindex":0,"rotation":0,"texture":"#0"}}},{"from":[7.5,24.559818,7.3702044],"to":[8.5,27.559818,8.370205],"faces":{"east":{"uv":[5.0,12.5,5.25,13.25],"tintindex":0,"rotation":0,"texture":"#0"},"south":{"uv":[5.5,12.5,5.75,13.25],"tintindex":0,"rotation":0,"texture":"#0"},"north":{"uv":[12.5,4.75,12.75,5.5],"tintindex":0,"rotation":0,"texture":"#0"},"west":{"uv":[12.5,5.75,12.75,6.5],"tintindex":0,"rotation":0,"texture":"#0"},"up":{"uv":[13.0,2.0,12.75,1.75],"tintindex":0,"rotation":0,"texture":"#0"},"down":{"uv":[13.0,2.25,12.75,2.5],"tintindex":0,"rotation":0,"texture":"#0"}},"rotation":{"origin":[8.0,25.559818,8.620205],"angle":22.5,"axis":"x"}},{"from":[7.6375,8.842939,10.873434],"to":[8.3625,10.842938,14.873434],"faces":{"east":{"uv":[9.75,0.0,10.75,0.5],"tintindex":0,"rotation":0,"texture":"#0"},"south":{"uv":[12.5,11.25,12.75,11.75],"tintindex":0,"rotation":0,"texture":"#0"},"north":{"uv":[5.75,9.0,6.0,9.5],"tintindex":0,"rotation":0,"texture":"#0"},"west":{"uv":[9.75,0.75,10.75,1.25],"tintindex":0,"rotation":0,"texture":"#0"},"up":{"uv":[11.75,10.0,11.5,9.0],"tintindex":0,"rotation":0,"texture":"#0"},"down":{"uv":[11.75,10.25,11.5,11.25],"tintindex":0,"rotation":0,"texture":"#0"}},"rotation":{"origin":[7.8625,13.0663395,5.253565],"angle":-45.0,"axis":"x"}},{"from":[7.65,14.069189,18.099686],"to":[8.35,17.06919,20.099686],"faces":{"east":{"uv":[3.0,10.0,3.5,10.75],"tintindex":0,"rotation":0,"texture":"#0"},"south":{"uv":[12.0,12.25,12.25,13.0],"tintindex":0,"rotation":0,"texture":"#0"},"north":{"uv":[12.25,3.25,12.5,4.0],"tintindex":0,"rotation":0,"texture":"#0"},"west":{"uv":[4.75,10.0,5.25,10.75],"tintindex":0,"rotation":0,"texture":"#0"},"up":{"uv":[12.75,12.5,12.5,12.0],"tintindex":0,"rotation":0,"texture":"#0"},"down":{"uv":[0.75,12.75,0.5,13.25],"tintindex":0,"rotation":0,"texture":"#0"}},"rotation":{"origin":[7.85,13.0663395,5.253565],"angle":-45.0,"axis":"x"}},{"from":[7.5,-1.574851,8.896665],"to":[8.5,-0.57485104,11.896665],"faces":{"east":{"uv":[6.75,1.25,7.5,1.5],"tintindex":0,"rotation":0,"texture":"#0"},"south":{"uv":[1.5,12.75,1.75,13.0],"tintindex":0,"rotation":0,"texture":"#0"},"north":{"uv":[2.25,5.5,2.5,5.75],"tintindex":0,"rotation":0,"texture":"#0"},"west":{"uv":[12.25,4.25,13.0,4.5],"tintindex":0,"rotation":0,"texture":"#0"},"up":{"uv":[2.5,13.25,2.25,12.5],"tintindex":0,"rotation":0,"texture":"#0"},"down":{"uv":[4.75,12.5,4.5,13.25],"tintindex":0,"rotation":0,"texture":"#0"}},"rotation":{"origin":[8.0,13.0663395,7.253565],"angle":22.5,"axis":"x"}},{"from":[6.5,-2.091961,6.4561844],"to":[9.5,2.908039,9.456184],"faces":{"east":{"uv":[0.0,8.5,0.75,9.75],"tintindex":0,"rotation":0,"texture":"#0"},"south":{"uv":[1.0,8.75,1.75,10.0],"tintindex":0,"rotation":0,"texture":"#0"},"north":{"uv":[7.75,7.75,8.5,9.0],"tintindex":0,"rotation":0,"texture":"#0"},"west":{"uv":[2.0,8.75,2.75,10.0],"tintindex":0,"rotation":0,"texture":"#0"},"up":{"uv":[9.25,10.0,8.5,9.25],"tintindex":0,"rotation":0,"texture":"#0"},"down":{"uv":[10.25,9.25,9.5,10.0],"tintindex":0,"rotation":0,"texture":"#0"}}},{"from":[4.27218,21.841879,7.056245],"to":[7.27218,23.841879,9.056245],"faces":{"east":{"uv":[12.0,1.75,12.5,2.25],"tintindex":0,"rotation":0,"texture":"#0"},"south":{"uv":[10.5,1.5,11.25,2.0],"tintindex":0,"rotation":0,"texture":"#0"},"north":{"uv":[10.0,10.25,10.75,10.75],"tintindex":0,"rotation":0,"texture":"#0"},"west":{"uv":[12.0,2.5,12.5,3.0],"tintindex":0,"rotation":0,"texture":"#0"},"up":{"uv":[11.25,2.75,10.5,2.25],"tintindex":0,"rotation":0,"texture":"#0"},"down":{"uv":[6.25,10.5,5.5,11.0],"tintindex":0,"rotation":0,"texture":"#0"}},"rotation":{"origin":[4.66425,23.238409,8.056245],"angle":-22.5,"axis":"z"}}],"display":{"gui":{"rotation":[30,225,0]}}}