{"textures":{"0":"modelengine:entity/ps_ec_soul_demonic_vfx_1"},"elements":[{"from":[-1.6000004,11.82,-1.1999998],"to":[17.6,11.82,18.0],"faces":{"up":{"uv":[11.076923,12.307693,9.846154,11.076923],"tintindex":0,"rotation":0,"texture":"#0"},"down":{"uv":[12.307693,9.846154,11.076923,11.076923],"tintindex":0,"rotation":0,"texture":"#0"}},"rotation":{"origin":[8.0,11.82,8.4],"angle":-22.5,"axis":"x"}},{"from":[8.0,8.02,-1.1999998],"to":[8.0,27.22,18.0],"faces":{"east":{"uv":[6.1538463,11.076923,7.3846154,12.307693],"tintindex":0,"rotation":0,"texture":"#0"},"west":{"uv":[11.076923,6.1538463,12.307693,7.3846154],"tintindex":0,"rotation":0,"texture":"#0"}},"rotation":{"origin":[8.0,17.619999,8.4],"angle":-45.0,"axis":"y"}},{"from":[-1.6000004,8.02,-1.1999998],"to":[17.6,8.02,18.0],"faces":{"up":{"uv":[12.307693,6.1538463,11.076923,4.923077],"tintindex":0,"rotation":0,"texture":"#0"}}},{"from":[-1.6000004,11.82,-1.1999998],"to":[17.6,11.82,18.0],"faces":{"up":{"uv":[9.846154,12.307693,8.615385,11.076923],"tintindex":0,"rotation":0,"texture":"#0"},"down":{"uv":[12.307693,8.615385,11.076923,9.846154],"tintindex":0,"rotation":0,"texture":"#0"}},"rotation":{"origin":[8.0,11.82,8.4],"angle":-22.5,"axis":"z"}},{"from":[8.0,8.02,-1.1999998],"to":[8.0,27.22,18.0],"faces":{"east":{"uv":[7.3846154,11.076923,8.615385,12.307693],"tintindex":0,"rotation":0,"texture":"#0"},"west":{"uv":[11.076923,7.3846154,12.307693,8.615385],"tintindex":0,"rotation":0,"texture":"#0"}},"rotation":{"origin":[8.0,17.619999,8.4],"angle":45.0,"axis":"y"}}],"display":{"gui":{"rotation":[30,225,0]}}}