{"textures":{"0":"modelengine:entity/ps_ec_soul_demonic_vfx_1"},"elements":[{"from":[-1.6000004,8.02,-1.1999998],"to":[17.6,8.02,18.0],"faces":{"up":{"uv":[3.6923077,12.307693,2.4615386,11.076923],"tintindex":0,"rotation":0,"texture":"#0"}}},{"from":[8.0,8.02,-1.1999998],"to":[8.0,27.22,18.0],"faces":{"east":{"uv":[11.076923,2.4615386,12.307693,3.6923077],"tintindex":0,"rotation":0,"texture":"#0"},"west":{"uv":[3.6923077,11.076923,4.923077,12.307693],"tintindex":0,"rotation":0,"texture":"#0"}},"rotation":{"origin":[8.0,17.619999,8.4],"angle":-45.0,"axis":"y"}},{"from":[8.0,8.02,-1.1999998],"to":[8.0,27.22,18.0],"faces":{"east":{"uv":[11.076923,3.6923077,12.307693,4.923077],"tintindex":0,"rotation":0,"texture":"#0"},"west":{"uv":[4.923077,11.076923,6.1538463,12.307693],"tintindex":0,"rotation":0,"texture":"#0"}},"rotation":{"origin":[8.0,17.619999,8.4],"angle":45.0,"axis":"y"}}],"display":{"gui":{"rotation":[30,225,0]}}}