{"textures":{"0":"modelengine:entity/ps_ec_soul_demonic_vfx_1"},"elements":[{"from":[-4.0,7.95,8.5],"to":[20.0,31.95,8.5],"faces":{"south":{"uv":[1.2307693,6.1538463,2.4615386,7.3846154],"tintindex":0,"rotation":0,"texture":"#0"},"north":{"uv":[6.1538463,0.0,7.3846154,1.2307693],"tintindex":0,"rotation":0,"texture":"#0"}}},{"from":[8.0,7.95,-3.5],"to":[8.0,31.95,20.5],"faces":{"east":{"uv":[4.923077,4.923077,6.1538463,6.1538463],"tintindex":0,"rotation":0,"texture":"#0"},"west":{"uv":[0.0,6.1538463,1.2307693,7.3846154],"tintindex":0,"rotation":0,"texture":"#0"}}}],"display":{"gui":{"rotation":[30,225,0]}}}