{"textures":{"0":"modelengine:entity/ps_ec_soul_demonic_vfx_1"},"elements":[{"from":[-4.0,7.95,-3.0],"to":[20.0,7.95,21.0],"faces":{"up":{"uv":[8.615385,15.384616,8.0,14.769231],"tintindex":0,"rotation":0,"texture":"#0"},"down":{"uv":[15.384616,8.0,14.769231,8.615385],"tintindex":0,"rotation":0,"texture":"#0"}},"rotation":{"origin":[8.0,8.0,9.0],"angle":-22.5,"axis":"y"}},{"from":[-4.0,8.05,-3.0],"to":[20.0,8.05,21.0],"faces":{"up":{"uv":[8.0,15.384616,7.3846154,14.769231],"tintindex":0,"rotation":0,"texture":"#0"},"down":{"uv":[15.384616,7.3846154,14.769231,8.0],"tintindex":0,"rotation":0,"texture":"#0"}},"rotation":{"origin":[8.0,8.0,9.0],"angle":-22.5,"axis":"y"}},{"from":[-4.0,7.9,-3.0],"to":[20.0,7.9,21.0],"faces":{"up":{"uv":[7.3846154,15.384616,6.769231,14.769231],"tintindex":0,"rotation":0,"texture":"#0"},"down":{"uv":[15.384616,6.769231,14.769231,7.3846154],"tintindex":0,"rotation":0,"texture":"#0"}}},{"from":[-4.0,8.0,-3.0],"to":[20.0,8.0,21.0],"faces":{"up":{"uv":[9.230769,15.384616,8.615385,14.769231],"tintindex":0,"rotation":0,"texture":"#0"},"down":{"uv":[15.384616,8.615385,14.769231,9.230769],"tintindex":0,"rotation":0,"texture":"#0"}},"rotation":{"origin":[8.0,8.0,9.0],"angle":45.0,"axis":"y"}},{"from":[-4.0,8.1,-3.0],"to":[20.0,8.1,21.0],"faces":{"up":{"uv":[6.769231,15.384616,6.1538463,14.769231],"tintindex":0,"rotation":0,"texture":"#0"},"down":{"uv":[15.384616,6.1538463,14.769231,6.769231],"tintindex":0,"rotation":0,"texture":"#0"}}}],"display":{"gui":{"rotation":[30,225,0]}}}