{"textures":{"0":"modelengine:entity/ps_ec_soul_demonic_vfx_1"},"elements":[{"from":[-4.0,8.0,-3.0],"to":[20.0,8.0,21.0],"faces":{"up":{"uv":[8.0,14.153847,7.3846154,13.538462],"tintindex":0,"rotation":0,"texture":"#0"},"down":{"uv":[14.153847,7.3846154,13.538462,8.0],"tintindex":0,"rotation":0,"texture":"#0"}},"rotation":{"origin":[8.0,8.0,9.0],"angle":45.0,"axis":"y"}},{"from":[-4.0,7.9,-3.0],"to":[20.0,7.9,21.0],"faces":{"up":{"uv":[6.1538463,14.153847,5.5384617,13.538462],"tintindex":0,"rotation":0,"texture":"#0"},"down":{"uv":[14.153847,5.5384617,13.538462,6.1538463],"tintindex":0,"rotation":0,"texture":"#0"}}},{"from":[-4.0,7.95,-3.0],"to":[20.0,7.95,21.0],"faces":{"up":{"uv":[7.3846154,14.153847,6.769231,13.538462],"tintindex":0,"rotation":0,"texture":"#0"},"down":{"uv":[14.153847,6.769231,13.538462,7.3846154],"tintindex":0,"rotation":0,"texture":"#0"}},"rotation":{"origin":[8.0,8.0,9.0],"angle":-22.5,"axis":"y"}},{"from":[-4.0,8.1,-3.0],"to":[20.0,8.1,21.0],"faces":{"up":{"uv":[5.5384617,14.153847,4.923077,13.538462],"tintindex":0,"rotation":0,"texture":"#0"},"down":{"uv":[14.153847,4.923077,13.538462,5.5384617],"tintindex":0,"rotation":0,"texture":"#0"}}},{"from":[-4.0,8.05,-3.0],"to":[20.0,8.05,21.0],"faces":{"up":{"uv":[6.769231,14.153847,6.1538463,13.538462],"tintindex":0,"rotation":0,"texture":"#0"},"down":{"uv":[14.153847,6.1538463,13.538462,6.769231],"tintindex":0,"rotation":0,"texture":"#0"}},"rotation":{"origin":[8.0,8.0,9.0],"angle":-22.5,"axis":"y"}}],"display":{"gui":{"rotation":[30,225,0]}}}