{"textures":{"0":"modelengine:entity/ps_ec_soul_demonic_vfx_1"},"elements":[{"from":[-4.0,8.05,-3.0],"to":[20.0,8.05,21.0],"faces":{"up":{"uv":[9.846154,14.153847,9.230769,13.538462],"tintindex":0,"rotation":0,"texture":"#0"},"down":{"uv":[14.153847,9.230769,13.538462,9.846154],"tintindex":0,"rotation":0,"texture":"#0"}},"rotation":{"origin":[8.0,8.0,9.0],"angle":-22.5,"axis":"y"}},{"from":[-4.0,8.1,-3.0],"to":[20.0,8.1,21.0],"faces":{"up":{"uv":[8.615385,14.153847,8.0,13.538462],"tintindex":0,"rotation":0,"texture":"#0"},"down":{"uv":[14.153847,8.0,13.538462,8.615385],"tintindex":0,"rotation":0,"texture":"#0"}}},{"from":[-4.0,7.95,-3.0],"to":[20.0,7.95,21.0],"faces":{"up":{"uv":[10.461538,14.153847,9.846154,13.538462],"tintindex":0,"rotation":0,"texture":"#0"},"down":{"uv":[14.153847,9.846154,13.538462,10.461538],"tintindex":0,"rotation":0,"texture":"#0"}},"rotation":{"origin":[8.0,8.0,9.0],"angle":-22.5,"axis":"y"}},{"from":[-4.0,7.9,-3.0],"to":[20.0,7.9,21.0],"faces":{"up":{"uv":[9.230769,14.153847,8.615385,13.538462],"tintindex":0,"rotation":0,"texture":"#0"},"down":{"uv":[14.153847,8.615385,13.538462,9.230769],"tintindex":0,"rotation":0,"texture":"#0"}}},{"from":[-4.0,8.0,-3.0],"to":[20.0,8.0,21.0],"faces":{"up":{"uv":[11.076923,14.153847,10.461538,13.538462],"tintindex":0,"rotation":0,"texture":"#0"},"down":{"uv":[14.153847,10.461538,13.538462,11.076923],"tintindex":0,"rotation":0,"texture":"#0"}},"rotation":{"origin":[8.0,8.0,9.0],"angle":45.0,"axis":"y"}}],"display":{"gui":{"rotation":[30,225,0]}}}