{"textures":{"0":"modelengine:entity/ps_ec_soul_demonic_vfx_1"},"elements":[{"from":[-4.0,7.95,-3.0],"to":[20.0,7.95,21.0],"faces":{"up":{"uv":[14.769231,4.3076925,14.153847,3.6923077],"tintindex":0,"rotation":0,"texture":"#0"},"down":{"uv":[4.923077,14.153847,4.3076925,14.769231],"tintindex":0,"rotation":0,"texture":"#0"}},"rotation":{"origin":[8.0,8.0,9.0],"angle":-22.5,"axis":"y"}},{"from":[-4.0,7.9,-3.0],"to":[20.0,7.9,21.0],"faces":{"up":{"uv":[14.769231,3.0769231,14.153847,2.4615386],"tintindex":0,"rotation":0,"texture":"#0"},"down":{"uv":[3.6923077,14.153847,3.0769231,14.769231],"tintindex":0,"rotation":0,"texture":"#0"}}},{"from":[-4.0,8.0,-3.0],"to":[20.0,8.0,21.0],"faces":{"up":{"uv":[14.769231,4.923077,14.153847,4.3076925],"tintindex":0,"rotation":0,"texture":"#0"},"down":{"uv":[5.5384617,14.153847,4.923077,14.769231],"tintindex":0,"rotation":0,"texture":"#0"}},"rotation":{"origin":[8.0,8.0,9.0],"angle":45.0,"axis":"y"}},{"from":[-4.0,8.1,-3.0],"to":[20.0,8.1,21.0],"faces":{"up":{"uv":[14.769231,2.4615386,14.153847,1.8461539],"tintindex":0,"rotation":0,"texture":"#0"},"down":{"uv":[3.0769231,14.153847,2.4615386,14.769231],"tintindex":0,"rotation":0,"texture":"#0"}}},{"from":[-4.0,8.05,-3.0],"to":[20.0,8.05,21.0],"faces":{"up":{"uv":[14.769231,3.6923077,14.153847,3.0769231],"tintindex":0,"rotation":0,"texture":"#0"},"down":{"uv":[4.3076925,14.153847,3.6923077,14.769231],"tintindex":0,"rotation":0,"texture":"#0"}},"rotation":{"origin":[8.0,8.0,9.0],"angle":-22.5,"axis":"y"}}],"display":{"gui":{"rotation":[30,225,0]}}}