{"textures":{"0":"modelengine:entity/ps_ec_soul_demonic_vfx_1"},"elements":[{"from":[-4.0,8.0,-3.0],"to":[20.0,8.0,21.0],"faces":{"up":{"uv":[12.307693,15.384616,11.692307,14.769231],"tintindex":0,"rotation":0,"texture":"#0"},"down":{"uv":[15.384616,11.692307,14.769231,12.307693],"tintindex":0,"rotation":0,"texture":"#0"}},"rotation":{"origin":[8.0,8.0,9.0],"angle":45.0,"axis":"y"}},{"from":[-4.0,8.1,-3.0],"to":[20.0,8.1,21.0],"faces":{"up":{"uv":[9.846154,15.384616,9.230769,14.769231],"tintindex":0,"rotation":0,"texture":"#0"},"down":{"uv":[15.384616,9.230769,14.769231,9.846154],"tintindex":0,"rotation":0,"texture":"#0"}}},{"from":[-4.0,7.9,-3.0],"to":[20.0,7.9,21.0],"faces":{"up":{"uv":[10.461538,15.384616,9.846154,14.769231],"tintindex":0,"rotation":0,"texture":"#0"},"down":{"uv":[15.384616,9.846154,14.769231,10.461538],"tintindex":0,"rotation":0,"texture":"#0"}}},{"from":[-4.0,7.95,-3.0],"to":[20.0,7.95,21.0],"faces":{"up":{"uv":[11.692307,15.384616,11.076923,14.769231],"tintindex":0,"rotation":0,"texture":"#0"},"down":{"uv":[15.384616,11.076923,14.769231,11.692307],"tintindex":0,"rotation":0,"texture":"#0"}},"rotation":{"origin":[8.0,8.0,9.0],"angle":-22.5,"axis":"y"}},{"from":[-4.0,8.05,-3.0],"to":[20.0,8.05,21.0],"faces":{"up":{"uv":[11.076923,15.384616,10.461538,14.769231],"tintindex":0,"rotation":0,"texture":"#0"},"down":{"uv":[15.384616,10.461538,14.769231,11.076923],"tintindex":0,"rotation":0,"texture":"#0"}},"rotation":{"origin":[8.0,8.0,9.0],"angle":-22.5,"axis":"y"}}],"display":{"gui":{"rotation":[30,225,0]}}}