{"textures":{"0":"modelengine:entity/ps_ec_soul_demonic_vfx_1"},"elements":[{"from":[-4.0,8.1,-3.0],"to":[20.0,8.1,21.0],"faces":{"up":{"uv":[14.769231,11.692307,14.153847,11.076923],"tintindex":0,"rotation":0,"texture":"#0"},"down":{"uv":[12.307693,14.153847,11.692307,14.769231],"tintindex":0,"rotation":0,"texture":"#0"}}},{"from":[-4.0,7.9,-3.0],"to":[20.0,7.9,21.0],"faces":{"up":{"uv":[14.769231,12.307693,14.153847,11.692307],"tintindex":0,"rotation":0,"texture":"#0"},"down":{"uv":[12.923077,14.153847,12.307693,14.769231],"tintindex":0,"rotation":0,"texture":"#0"}}},{"from":[-4.0,8.05,-3.0],"to":[20.0,8.05,21.0],"faces":{"up":{"uv":[14.769231,12.923077,14.153847,12.307693],"tintindex":0,"rotation":0,"texture":"#0"},"down":{"uv":[13.538462,14.153847,12.923077,14.769231],"tintindex":0,"rotation":0,"texture":"#0"}},"rotation":{"origin":[8.0,8.0,9.0],"angle":-22.5,"axis":"y"}},{"from":[-4.0,8.0,-3.0],"to":[20.0,8.0,21.0],"faces":{"up":{"uv":[14.769231,14.153847,14.153847,13.538462],"tintindex":0,"rotation":0,"texture":"#0"},"down":{"uv":[14.769231,14.153847,14.153847,14.769231],"tintindex":0,"rotation":0,"texture":"#0"}},"rotation":{"origin":[8.0,8.0,9.0],"angle":45.0,"axis":"y"}},{"from":[-4.0,7.95,-3.0],"to":[20.0,7.95,21.0],"faces":{"up":{"uv":[14.769231,13.538462,14.153847,12.923077],"tintindex":0,"rotation":0,"texture":"#0"},"down":{"uv":[14.153847,14.153847,13.538462,14.769231],"tintindex":0,"rotation":0,"texture":"#0"}},"rotation":{"origin":[8.0,8.0,9.0],"angle":-22.5,"axis":"y"}}],"display":{"gui":{"rotation":[30,225,0]}}}